CF_Clu_RainSnsStat,0,1598158747.241502
CF_Clu_RainSnsStat,0,1598158749.33874
CF_Clu_RainSnsStat,0,1598158749.6415858
CF_Clu_RainSnsStat,0,1598158750.33758
CF_Clu_RainSnsStat,0,1598158750.5383294
CF_Clu_RainSnsStat,0,1598158751.435631
CF_Clu_RainSnsStat,0,1598158753.233669
CF_Clu_RainSnsStat,0,1598158753.63466
CF_Clu_RainSnsStat,0,1598158754.732973
CF_Clu_RainSnsStat,0,1598158755.633404
CF_Clu_RainSnsStat,0,1598158757.832989
CF_Clu_RainSnsStat,0,1598158758.627533
CF_Clu_RainSnsStat,0,1598158759.2258828
CF_Clu_RainSnsStat,0,1598158759.7255614
CF_Clu_RainSnsStat,0,1598158761.924644
CF_Clu_RainSnsStat,0,1598158763.522151
CF_Clu_RainSnsStat,0,1598158764.1204648
CF_Clu_RainSnsStat,0,1598158766.417919
CF_Clu_RainSnsStat,0,1598158768.0151546
CF_Clu_RainSnsStat,0,1598158769.415936
CF_Clu_RainSnsStat,0,1598158771.7099874
CF_Clu_RainSnsStat,0,1598158772.2132368
CF_Clu_RainSnsStat,0,1598158772.410099
CF_Clu_RainSnsStat,0,1598158775.805592
CF_Clu_RainSnsStat,0,1598158776.7063966
CF_Clu_RainSnsStat,0,1598158776.8047779
CF_Clu_RainSnsStat,0,1598158777.6035168
CF_Clu_RainSnsStat,0,1598158777.9027796
CF_Clu_RainSnsStat,0,1598158778.004794
CF_Clu_RainSnsStat,0,1598158778.602823
CF_Clu_RainSnsStat,0,1598158780.4012742
CF_Clu_RainSnsStat,0,1598158780.700122
CF_Clu_RainSnsStat,0,1598158780.7984731
CF_Clu_RainSnsStat,0,1598158781.601259
CF_Clu_RainSnsStat,0,1598158781.699372
CF_Clu_RainSnsStat,0,1598158782.895753
CF_Clu_RainSnsStat,0,1598158786.6920831
CF_Clu_RainSnsStat,0,1598158786.7908149
CF_Clu_RainSnsStat,0,1598158787.392342
CF_Clu_RainSnsStat,0,1598158787.593001
CF_Clu_RainSnsStat,0,1598158787.793765
CF_Clu_RainSnsStat,0,1598158789.3911018
CF_Clu_RainSnsStat,0,1598158790.788029
CF_Clu_RainSnsStat,0,1598158791.386003
CF_Clu_RainSnsStat,0,1598158791.685532
CF_Clu_RainSnsStat,0,1598158792.385184
CF_Clu_RainSnsStat,0,1598158792.983521
CF_Clu_RainSnsStat,0,1598158794.4827359
CF_Clu_RainSnsStat,0,1598158796.1820002
CF_Clu_RainSnsStat,0,1598158796.8788009
CF_Clu_RainSnsStat,0,1598158797.0794609
CF_Clu_RainSnsStat,0,1598158798.3777401
CF_Clu_RainSnsStat,0,1598158799.0777712
CF_Clu_RainSnsStat,0,1598158799.5773492
CF_Clu_RainSnsStat,0,1598158801.174792
CF_Clu_RainSnsStat,0,1598158801.674431
CF_Clu_RainSnsStat,0,1598158801.772744
CF_Clu_RainSnsStat,0,1598158802.772305
CF_Clu_RainSnsStat,0,1598158805.8689811
CF_Clu_RainSnsStat,0,1598158808.166676
CF_Clu_RainSnsStat,0,1598158808.265152
CF_Clu_RainSnsStat,0,1598158808.363265
CF_Clu_RainSnsStat,0,1598158810.6614
CF_Clu_RainSnsStat,0,1598158811.361221
CF_Clu_RainSnsStat,0,1598158812.159793
CF_Clu_RainSnsStat,0,1598158812.7581694
CF_Clu_RainSnsStat,0,1598158813.560431
CF_Clu_RainSnsStat,0,1598158814.363157
CF_Clu_RainSnsStat,0,1598158814.556349
CF_Clu_RainSnsStat,0,1598158816.1538296
CF_Clu_RainSnsStat,0,1598158816.85367
CF_Clu_RainSnsStat,0,1598158819.250967
CF_Clu_RainSnsStat,0,1598158819.6513429
CF_Clu_RainSnsStat,0,1598158820.351448
CF_Clu_RainSnsStat,0,1598158822.948024
CF_Clu_RainSnsStat,0,1598158830.4396422
CF_Clu_RainSnsStat,0,1598158830.7385929
CF_Clu_RainSnsStat,0,1598158830.9353442
CF_Clu_RainSnsStat,0,1598158833.43382
CF_Clu_RainSnsStat,0,1598158833.733341
CF_Clu_RainSnsStat,0,1598158834.334613
CF_Clu_RainSnsStat,0,1598158835.0311599
CF_Clu_RainSnsStat,0,1598158835.9318302
CF_Clu_RainSnsStat,0,1598158836.030518
CF_Clu_RainSnsStat,0,1598158836.927707
CF_Clu_RainSnsStat,0,1598158840.625509
CF_Clu_RainSnsStat,0,1598158843.9226592
CF_Clu_RainSnsStat,0,1598158846.818859
CF_Clu_RainSnsStat,0,1598158846.917127
CF_Clu_RainSnsStat,0,1598158847.420629
CF_Clu_RainSnsStat,0,1598158847.916523
CF_Clu_RainSnsStat,0,1598158848.9155376
CF_Clu_RainSnsStat,0,1598158849.214612
CF_Clu_RainSnsStat,0,1598158850.112457
CF_Clu_RainSnsStat,0,1598158851.110965
CF_Clu_RainSnsStat,0,1598158854.207623
CF_Clu_RainSnsStat,0,1598158854.309699
CF_Clu_RainSnsStat,0,1598158854.408056
CF_Clu_RainSnsStat,0,1598158855.90703
CF_Clu_RainSnsStat,0,1598158857.5043662
CF_Clu_RainSnsStat,0,1598158858.201316
CF_Clu_RainSnsStat,0,1598158858.303078
CF_Clu_RainSnsStat,0,1598158858.6022148
CF_Clu_RainSnsStat,0,1598158860.2983198
CF_Clu_RainSnsStat,0,1598158862.80063
CF_Clu_RainSnsStat,0,1598158864.295239
CF_Clu_RainSnsStat,0,1598158864.795011
CF_Clu_RainSnsStat,0,1598158865.794344
CF_Clu_RainSnsStat,0,1598158866.9906778
CF_Clu_RainSnsStat,0,1598158867.1911259
CF_Clu_RainSnsStat,0,1598158869.886698
CF_Clu_RainSnsStat,0,1598158873.085098
CF_Clu_RainSnsStat,0,1598158874.084242
CF_Clu_RainSnsStat,0,1598158874.9816391
CF_Clu_RainSnsStat,0,1598158876.1814349
CF_Clu_RainSnsStat,0,1598158881.4731786
CF_Clu_RainSnsStat,0,1598158881.8744252
CF_Clu_RainSnsStat,0,1598158882.27229
CF_Clu_RainSnsStat,0,1598158882.673127
CF_Clu_RainSnsStat,0,1598158883.4717374
CF_Clu_RainSnsStat,0,1598158884.0699
CF_Clu_RainSnsStat,0,1598158884.9708881
CF_Clu_RainSnsStat,0,1598158886.269557
CF_Clu_RainSnsStat,0,1598158886.3678982
CF_Clu_RainSnsStat,0,1598158886.572341
CF_Clu_RainSnsStat,0,1598158889.165453
CF_Clu_RainSnsStat,0,1598158890.164542
CF_Clu_RainSnsStat,0,1598158891.860167
CF_Clu_RainSnsStat,0,1598158894.256215
CF_Clu_RainSnsStat,0,1598158894.7563796
CF_Clu_RainSnsStat,0,1598158894.8582132
CF_Clu_RainSnsStat,0,1598158896.3572226
CF_Clu_RainSnsStat,0,1598158897.152565
CF_Clu_RainSnsStat,0,1598158898.151725
CF_Clu_RainSnsStat,0,1598158899.052306
CF_Clu_RainSnsStat,0,1598158899.5521839
CF_Clu_RainSnsStat,0,1598158901.448778
CF_Clu_RainSnsStat,0,1598158902.7472794
CF_Clu_RainSnsStat,0,1598158904.245806
CF_Clu_RainSnsStat,0,1598158905.044462
CF_Clu_RainSnsStat,0,1598158906.8426502
CF_Clu_RainSnsStat,0,1598158907.039559
CF_Clu_RainSnsStat,0,1598158910.336593
CF_Clu_RainSnsStat,0,1598158910.7381868
CF_Clu_RainSnsStat,0,1598158910.938387
CF_Clu_RainSnsStat,0,1598158911.536736
CF_Clu_RainSnsStat,0,1598158912.43369
CF_Clu_RainSnsStat,0,1598158914.133076
CF_Clu_RainSnsStat,0,1598158915.2311199
CF_Clu_RainSnsStat,0,1598158916.431099
CF_Clu_RainSnsStat,0,1598158916.828161
CF_Clu_RainSnsStat,0,1598158917.028975
CF_Clu_RainSnsStat,0,1598158917.229505
CF_Clu_RainSnsStat,0,1598158917.328321
CF_Clu_RainSnsStat,0,1598158918.127102
CF_Clu_RainSnsStat,0,1598158919.42895
CF_Clu_RainSnsStat,0,1598158920.1252902
CF_Clu_RainSnsStat,0,1598158920.8256109
CF_Clu_RainSnsStat,0,1598158922.123987
CF_Clu_RainSnsStat,0,1598158922.422982
CF_Clu_RainSnsStat,0,1598158922.6199944
CF_Clu_RainSnsStat,0,1598158924.0203052
CF_Clu_RainSnsStat,0,1598158925.818511
CF_Clu_RainSnsStat,0,1598158925.91714
CF_Clu_RainSnsStat,0,1598158926.6171
CF_Clu_RainSnsStat,0,1598158926.716127
CF_Clu_RainSnsStat,0,1598158927.018494
CF_Clu_RainSnsStat,0,1598158928.11637
CF_Clu_RainSnsStat,0,1598158928.7144608
CF_Clu_RainSnsStat,0,1598158929.115768
CF_Clu_RainSnsStat,0,1598158929.713557
CF_Clu_RainSnsStat,0,1598158930.311595
CF_Clu_RainSnsStat,0,1598158931.8105366
CF_Clu_RainSnsStat,0,1598158933.809424
CF_Clu_RainSnsStat,0,1598158934.1082408
CF_Clu_RainSnsStat,0,1598158935.607528
CF_Clu_RainSnsStat,0,1598158937.204735
CF_Clu_RainSnsStat,0,1598158938.101824
CF_Clu_RainSnsStat,0,1598158938.601598
CF_Clu_RainSnsStat,0,1598158945.093281
CF_Clu_RainSnsStat,0,1598158945.392781
CF_Clu_RainSnsStat,0,1598158945.593007
CF_Clu_RainSnsStat,0,1598158945.994296
CF_Clu_RainSnsStat,0,1598158946.1912892
CF_Clu_RainSnsStat,0,1598158946.4904401
CF_Clu_RainSnsStat,0,1598158946.592545
CF_Clu_RainSnsStat,0,1598158946.8913732
CF_Clu_RainSnsStat,0,1598158948.1897528
CF_Clu_RainSnsStat,0,1598158948.390484
CF_Clu_RainSnsStat,0,1598158948.788295
CF_Clu_RainSnsStat,0,1598158949.4881432
CF_Clu_RainSnsStat,0,1598158949.8895211
CF_Clu_RainSnsStat,0,1598158950.586169
CF_Clu_RainSnsStat,0,1598158950.790466
CF_Clu_RainSnsStat,0,1598158951.388556
CF_Clu_RainSnsStat,0,1598158951.5892289
CF_Clu_RainSnsStat,0,1598158951.6875992
CF_Clu_RainSnsStat,0,1598158954.583308
CF_Clu_RainSnsStat,0,1598158955.9801302
CF_Clu_RainSnsStat,0,1598158956.078624
CF_Clu_RainSnsStat,0,1598158957.778058
CF_Clu_RainSnsStat,0,1598158960.473469
CF_Clu_RainSnsStat,0,1598158960.575536
CF_Clu_RainSnsStat,0,1598158960.6737614
CF_Clu_RainSnsStat,0,1598158961.0713954
CF_Clu_RainSnsStat,0,1598158961.47248
CF_Clu_RainSnsStat,0,1598158961.972262
CF_Clu_RainSnsStat,0,1598158962.869969
CF_Clu_RainSnsStat,0,1598158964.270001
CF_Clu_RainSnsStat,0,1598158964.568934
CF_Clu_RainSnsStat,0,1598158965.269264
CF_Clu_RainSnsStat,0,1598158966.1662898
CF_Clu_RainSnsStat,0,1598158966.367305
CF_Clu_RainSnsStat,0,1598158967.567103
CF_Clu_RainSnsStat,0,1598158968.3657
CF_Clu_RainSnsStat,0,1598158970.6597009
CF_Clu_RainSnsStat,0,1598158971.76111
CF_Clu_RainSnsStat,0,1598158974.7555099
CF_Clu_RainSnsStat,0,1598158975.856853
CF_Clu_RainSnsStat,0,1598158976.9545689
CF_Clu_RainSnsStat,0,1598158977.053602
CF_Clu_RainSnsStat,0,1598158977.454227
CF_Clu_RainSnsStat,0,1598158977.6515672
CF_Clu_RainSnsStat,0,1598158978.151066
CF_Clu_RainSnsStat,0,1598158978.5520372
CF_Clu_RainSnsStat,0,1598158982.8448992
CF_Clu_RainSnsStat,0,1598158984.544103
CF_Clu_RainSnsStat,0,1598158984.642475
CF_Clu_RainSnsStat,0,1598158987.239569
CF_Clu_RainSnsStat,0,1598158992.535228
CF_Clu_RainSnsStat,0,1598158992.7322538
CF_Clu_RainSnsStat,0,1598158993.1331642
CF_Clu_RainSnsStat,0,1598158993.5343962
CF_Clu_RainSnsStat,0,1598158994.231939
CF_Clu_RainSnsStat,0,1598158995.030273
CF_Clu_RainSnsStat,0,1598158995.1317651
CF_Clu_RainSnsStat,0,1598158996.528915
CF_Clu_RainSnsStat,0,1598158997.0281658
CF_Clu_RainSnsStat,0,1598158999.326407
CF_Clu_RainSnsStat,0,1598159000.325889
CF_Clu_RainSnsStat,0,1598159001.820631
CF_Clu_RainSnsStat,0,1598159002.820199
CF_Clu_RainSnsStat,0,1598159003.5199552
CF_Clu_RainSnsStat,0,1598159004.019954
CF_Clu_RainSnsStat,0,1598159005.3182762
CF_Clu_RainSnsStat,0,1598159006.416171
CF_Clu_RainSnsStat,0,1598159008.615152
CF_Clu_RainSnsStat,0,1598159013.4078138
CF_Clu_RainSnsStat,0,1598159013.506219
CF_Clu_RainSnsStat,0,1598159013.7066462
CF_Clu_RainSnsStat,0,1598159014.30834
CF_Clu_RainSnsStat,0,1598159015.603076
CF_Clu_RainSnsStat,0,1598159016.905039
CF_Clu_RainSnsStat,0,1598159017.802161
CF_Clu_RainSnsStat,0,1598159018.002819
CF_Clu_RainSnsStat,0,1598159019.699332
CF_Clu_RainSnsStat,0,1598159020.1996222
CF_Clu_RainSnsStat,0,1598159020.398869
CF_Clu_RainSnsStat,0,1598159020.898836
CF_Clu_RainSnsStat,0,1598159021.7963376
CF_Clu_RainSnsStat,0,1598159021.897896
CF_Clu_RainSnsStat,0,1598159022.4963179
CF_Clu_RainSnsStat,0,1598159023.5976849
CF_Clu_RainSnsStat,0,1598159024.392621
CF_Clu_RainSnsStat,0,1598159028.28772
CF_Clu_RainSnsStat,0,1598159028.6888142
CF_Clu_RainSnsStat,0,1598159032.0882206
CF_Clu_RainSnsStat,0,1598159032.285236
CF_Clu_RainSnsStat,0,1598159033.0835774
CF_Clu_RainSnsStat,0,1598159034.280853
CF_Clu_RainSnsStat,0,1598159035.381279
CF_Clu_RainSnsStat,0,1598159035.6806774
CF_Clu_RainSnsStat,0,1598159037.077424
CF_Clu_RainSnsStat,0,1598159037.4784386
CF_Clu_RainSnsStat,0,1598159040.075066
CF_Clu_RainSnsStat,0,1598159040.673409
CF_Clu_RainSnsStat,0,1598159040.8779242
CF_Clu_RainSnsStat,0,1598159041.172823
CF_Clu_RainSnsStat,0,1598159042.172159
CF_Clu_RainSnsStat,0,1598159042.6718774
CF_Clu_RainSnsStat,0,1598159043.671145
CF_Clu_RainSnsStat,0,1598159044.0687306
CF_Clu_RainSnsStat,0,1598159044.3679054
CF_Clu_RainSnsStat,0,1598159046.36629
CF_Clu_RainSnsStat,0,1598159047.165448
CF_Clu_RainSnsStat,0,1598159048.6650848
CF_Clu_RainSnsStat,0,1598159049.9627454
CF_Clu_RainSnsStat,0,1598159050.1632302
CF_Clu_RainSnsStat,0,1598159051.559746
CF_Clu_RainSnsStat,0,1598159052.358449
CF_Clu_RainSnsStat,0,1598159055.1558578
CF_Clu_RainSnsStat,0,1598159058.452908
CF_Clu_RainSnsStat,0,1598159059.051111
CF_Clu_RainSnsStat,0,1598159059.849865
CF_Clu_RainSnsStat,0,1598159060.4479842
CF_Clu_RainSnsStat,0,1598159063.646958
CF_Clu_RainSnsStat,0,1598159065.047306
CF_Clu_RainSnsStat,0,1598159065.8417552
CF_Clu_RainSnsStat,0,1598159066.3415208
CF_Clu_RainSnsStat,0,1598159066.4401786
CF_Clu_RainSnsStat,0,1598159067.041825
CF_Clu_RainSnsStat,0,1598159068.04123
CF_Clu_RainSnsStat,0,1598159068.3365386
CF_Clu_RainSnsStat,0,1598159069.437998
CF_Clu_RainSnsStat,0,1598159071.3345714
CF_Clu_RainSnsStat,0,1598159071.5351071
CF_Clu_RainSnsStat,0,1598159071.9329212
CF_Clu_RainSnsStat,0,1598159074.832268
CF_Clu_RainSnsStat,0,1598159077.6302972
CF_Clu_RainSnsStat,0,1598159078.0268788
CF_Clu_RainSnsStat,0,1598159081.6229708
CF_Clu_RainSnsStat,0,1598159081.921988
CF_Clu_RainSnsStat,0,1598159082.921393
CF_Clu_RainSnsStat,0,1598159084.9200554
CF_Clu_RainSnsStat,0,1598159085.817122
CF_Clu_RainSnsStat,0,1598159086.017802
CF_Clu_RainSnsStat,0,1598159087.017141
CF_Clu_RainSnsStat,0,1598159087.316108
CF_Clu_RainSnsStat,0,1598159092.010386
CF_Clu_RainSnsStat,0,1598159092.607965
CF_Clu_RainSnsStat,0,1598159094.40605
CF_Clu_RainSnsStat,0,1598159095.602377
CF_Clu_RainSnsStat,0,1598159096.605558
CF_Clu_RainSnsStat,0,1598159097.203934
CF_Clu_RainSnsStat,0,1598159098.5017102
CF_Clu_RainSnsStat,0,1598159098.8007429
CF_Clu_RainSnsStat,0,1598159099.100484
CF_Clu_RainSnsStat,0,1598159099.3005598
CF_Clu_RainSnsStat,0,1598159101.299254
CF_Clu_RainSnsStat,0,1598159101.697645
CF_Clu_RainSnsStat,0,1598159103.097267
CF_Clu_RainSnsStat,0,1598159104.1952078
CF_Clu_RainSnsStat,0,1598159104.994284
CF_Clu_RainSnsStat,0,1598159107.090793
CF_Clu_RainSnsStat,0,1598159109.187826
CF_Clu_RainSnsStat,0,1598159112.1859481
CF_Clu_RainSnsStat,0,1598159114.582024
CF_Clu_RainSnsStat,0,1598159116.3800662
CF_Clu_RainSnsStat,0,1598159116.7784169
CF_Clu_RainSnsStat,0,1598159118.477099
CF_Clu_RainSnsStat,0,1598159119.976074
CF_Clu_RainSnsStat,0,1598159120.173259
CF_Clu_RainSnsStat,0,1598159120.275157
CF_Clu_RainSnsStat,0,1598159124.4692051
CF_Clu_RainSnsStat,0,1598159124.96896
CF_Clu_RainSnsStat,0,1598159127.6644142
CF_Clu_RainSnsStat,0,1598159128.1638348
CF_Clu_RainSnsStat,0,1598159128.364409
CF_Clu_RainSnsStat,0,1598159128.663413
CF_Clu_RainSnsStat,0,1598159129.064806
CF_Clu_RainSnsStat,0,1598159129.564411
CF_Clu_RainSnsStat,0,1598159131.858486
CF_Clu_RainSnsStat,0,1598159131.9605608
CF_Clu_RainSnsStat,0,1598159132.358062
CF_Clu_RainSnsStat,0,1598159132.460164
CF_Clu_RainSnsStat,0,1598159133.5578759
CF_Clu_RainSnsStat,0,1598159135.2540226
CF_Clu_RainSnsStat,0,1598159137.05565
CF_Clu_RainSnsStat,0,1598159137.252356
CF_Clu_RainSnsStat,0,1598159137.453002
CF_Clu_RainSnsStat,0,1598159138.055011
CF_Clu_RainSnsStat,0,1598159141.548995
CF_Clu_RainSnsStat,0,1598159141.946836
CF_Clu_RainSnsStat,0,1598159143.445317
CF_Clu_RainSnsStat,0,1598159144.3425438
CF_Clu_RainSnsStat,0,1598159144.645685
CF_Clu_RainSnsStat,0,1598159145.64467
CF_Clu_RainSnsStat,0,1598159145.743532
CF_Clu_RainSnsStat,0,1598159145.8454099
CF_Clu_RainSnsStat,0,1598159146.144599
CF_Clu_RainSnsStat,0,1598159146.541462
CF_Clu_RainSnsStat,0,1598159148.040509
CF_Clu_RainSnsStat,0,1598159148.536564
CF_Clu_RainSnsStat,0,1598159148.6386108
CF_Clu_RainSnsStat,0,1598159150.83449
CF_Clu_RainSnsStat,0,1598159151.3340812
CF_Clu_RainSnsStat,0,1598159151.735102
CF_Clu_RainSnsStat,0,1598159153.0335062
CF_Clu_RainSnsStat,0,1598159154.730162
CF_Clu_RainSnsStat,0,1598159156.327198
CF_Clu_RainSnsStat,0,1598159158.525938
CF_Clu_RainSnsStat,0,1598159158.824922
CF_Clu_RainSnsStat,0,1598159159.525378
CF_Clu_RainSnsStat,0,1598159160.0249429
CF_Clu_RainSnsStat,0,1598159160.323971
CF_Clu_RainSnsStat,0,1598159160.524658
CF_Clu_RainSnsStat,0,1598159161.7209878
CF_Clu_RainSnsStat,0,1598159164.2190301
CF_Clu_RainSnsStat,0,1598159164.81714
CF_Clu_RainSnsStat,0,1598159166.6151192
CF_Clu_RainSnsStat,0,1598159166.9145432
CF_Clu_RainSnsStat,0,1598159168.012384
CF_Clu_RainSnsStat,0,1598159169.3112981
CF_Clu_RainSnsStat,0,1598159170.014644
CF_Clu_RainSnsStat,0,1598159170.3101928
CF_Clu_RainSnsStat,0,1598159171.108567
CF_Clu_RainSnsStat,0,1598159173.0087402
CF_Clu_RainSnsStat,0,1598159173.4064078
CF_Clu_RainSnsStat,0,1598159175.904406
CF_Clu_RainSnsStat,0,1598159176.105092
CF_Clu_RainSnsStat,0,1598159176.302183
CF_Clu_RainSnsStat,0,1598159178.103925
CF_Clu_RainSnsStat,0,1598159179.000932
CF_Clu_RainSnsStat,0,1598159179.5004008
CF_Clu_RainSnsStat,0,1598159180.1974232
CF_Clu_RainSnsStat,0,1598159180.897414
CF_Clu_RainSnsStat,0,1598159181.196464
CF_Clu_RainSnsStat,0,1598159182.195573
CF_Clu_RainSnsStat,0,1598159183.895578
CF_Clu_RainSnsStat,0,1598159184.1946359
CF_Clu_RainSnsStat,0,1598159184.6942544
CF_Clu_RainSnsStat,0,1598159185.9928992
CF_Clu_RainSnsStat,0,1598159186.7910302
CF_Clu_RainSnsStat,0,1598159192.0834649
CF_Clu_RainSnsStat,0,1598159192.4841619
CF_Clu_RainSnsStat,0,1598159192.6849
CF_Clu_RainSnsStat,0,1598159193.0828779
CF_Clu_RainSnsStat,0,1598159194.581685
CF_Clu_RainSnsStat,0,1598159196.3794901
CF_Clu_RainSnsStat,0,1598159196.977607
CF_Clu_RainSnsStat,0,1598159197.78017
CF_Clu_RainSnsStat,0,1598159198.574729
CF_Clu_RainSnsStat,0,1598159201.3721752
CF_Clu_RainSnsStat,0,1598159202.8714108
CF_Clu_RainSnsStat,0,1598159204.567281
CF_Clu_RainSnsStat,0,1598159204.767652
CF_Clu_RainSnsStat,0,1598159205.9676642
CF_Clu_RainSnsStat,0,1598159206.266779
CF_Clu_RainSnsStat,0,1598159207.065273
CF_Clu_RainSnsStat,0,1598159209.761384
CF_Clu_RainSnsStat,0,1598159210.063481
CF_Clu_RainSnsStat,0,1598159210.461925
CF_Clu_RainSnsStat,0,1598159210.858633
CF_Clu_RainSnsStat,0,1598159210.960654
CF_Clu_RainSnsStat,0,1598159212.357493
CF_Clu_RainSnsStat,0,1598159215.25689
CF_Clu_RainSnsStat,0,1598159216.051903
CF_Clu_RainSnsStat,0,1598159216.252595
CF_Clu_RainSnsStat,0,1598159216.752209
CF_Clu_RainSnsStat,0,1598159216.952641
CF_Clu_RainSnsStat,0,1598159218.0506382
CF_Clu_RainSnsStat,0,1598159218.9512582
CF_Clu_RainSnsStat,0,1598159219.349183
CF_Clu_RainSnsStat,0,1598159219.451065
CF_Clu_RainSnsStat,0,1598159220.6473012
CF_Clu_RainSnsStat,0,1598159229.338432
CF_Clu_RainSnsStat,0,1598159229.43663
CF_Clu_RainSnsStat,0,1598159230.1370418
CF_Clu_RainSnsStat,0,1598159231.734339
CF_Clu_RainSnsStat,0,1598159232.3328779
CF_Clu_RainSnsStat,0,1598159233.0327911
CF_Clu_RainSnsStat,0,1598159233.331861
CF_Clu_RainSnsStat,0,1598159233.6310961
CF_Clu_RainSnsStat,0,1598159234.23283
CF_Clu_RainSnsStat,0,1598159234.331382
CF_Clu_RainSnsStat,0,1598159235.1338232
CF_Clu_RainSnsStat,0,1598159235.9285312
CF_Clu_RainSnsStat,0,1598159236.829568
CF_Clu_RainSnsStat,0,1598159238.029626
CF_Clu_RainSnsStat,0,1598159239.025065
CF_Clu_RainSnsStat,0,1598159239.5247
CF_Clu_RainSnsStat,0,1598159242.1214411
CF_Clu_RainSnsStat,0,1598159243.3177161
CF_Clu_RainSnsStat,0,1598159245.1158242
CF_Clu_RainSnsStat,0,1598159246.0166051
CF_Clu_RainSnsStat,0,1598159246.9137752
CF_Clu_RainSnsStat,0,1598159247.015869
CF_Clu_RainSnsStat,0,1598159247.114186
CF_Clu_RainSnsStat,0,1598159247.613933
CF_Clu_RainSnsStat,0,1598159249.711199
CF_Clu_RainSnsStat,0,1598159249.911584
CF_Clu_RainSnsStat,0,1598159251.308756
CF_Clu_RainSnsStat,0,1598159252.406207
CF_Clu_RainSnsStat,0,1598159254.204438
CF_Clu_RainSnsStat,0,1598159254.5070071
CF_Clu_RainSnsStat,0,1598159254.8059962
CF_Clu_RainSnsStat,0,1598159255.6048741
CF_Clu_RainSnsStat,0,1598159256.70275
CF_Clu_RainSnsStat,0,1598159257.501657
CF_Clu_RainSnsStat,0,1598159258.201463
CF_Clu_RainSnsStat,0,1598159258.300121
CF_Clu_RainSnsStat,0,1598159259.7005749
CF_Clu_RainSnsStat,0,1598159262.5962226
CF_Clu_RainSnsStat,0,1598159263.49412
CF_Clu_RainSnsStat,0,1598159265.893843
CF_Clu_RainSnsStat,0,1598159265.992067
CF_Clu_RainSnsStat,0,1598159266.3934238
CF_Clu_RainSnsStat,0,1598159271.684875
CF_Clu_RainSnsStat,0,1598159273.282481
CF_Clu_RainSnsStat,0,1598159273.884264
CF_Clu_RainSnsStat,0,1598159274.1833632
CF_Clu_RainSnsStat,0,1598159274.281745
CF_Clu_RainSnsStat,0,1598159274.4822886
CF_Clu_RainSnsStat,0,1598159275.084411
CF_Clu_RainSnsStat,0,1598159276.57939
CF_Clu_RainSnsStat,0,1598159276.677714
CF_Clu_RainSnsStat,0,1598159276.878348
CF_Clu_RainSnsStat,0,1598159278.373856
CF_Clu_RainSnsStat,0,1598159281.871159
CF_Clu_RainSnsStat,0,1598159282.2725132
CF_Clu_RainSnsStat,0,1598159282.3709462
CF_Clu_RainSnsStat,0,1598159282.5715
CF_Clu_RainSnsStat,0,1598159284.067039
CF_Clu_RainSnsStat,0,1598159288.363156
CF_Clu_RainSnsStat,0,1598159289.063481
CF_Clu_RainSnsStat,0,1598159289.260403
CF_Clu_RainSnsStat,0,1598159290.263606
CF_Clu_RainSnsStat,0,1598159291.758703
CF_Clu_RainSnsStat,0,1598159292.258174
CF_Clu_RainSnsStat,0,1598159292.659534
CF_Clu_RainSnsStat,0,1598159292.7580519
CF_Clu_RainSnsStat,0,1598159294.654542
CF_Clu_RainSnsStat,0,1598159294.756479
CF_Clu_RainSnsStat,0,1598159294.855372
CF_Clu_RainSnsStat,0,1598159298.352733
CF_Clu_RainSnsStat,0,1598159301.248451
CF_Clu_RainSnsStat,0,1598159303.0464902
CF_Clu_RainSnsStat,0,1598159304.943098
CF_Clu_RainSnsStat,0,1598159305.143496
CF_Clu_RainSnsStat,0,1598159305.9423358
CF_Clu_RainSnsStat,0,1598159307.04037
CF_Clu_RainSnsStat,0,1598159307.2412732
CF_Clu_RainSnsStat,0,1598159307.441443
CF_Clu_RainSnsStat,0,1598159307.838618
CF_Clu_RainSnsStat,0,1598159308.2363572
CF_Clu_RainSnsStat,0,1598159308.5389922
CF_Clu_RainSnsStat,0,1598159310.1364071
CF_Clu_RainSnsStat,0,1598159310.333322
CF_Clu_RainSnsStat,0,1598159310.4353411
CF_Clu_RainSnsStat,0,1598159311.1320288
CF_Clu_RainSnsStat,0,1598159311.4347382
CF_Clu_RainSnsStat,0,1598159311.635378
CF_Clu_RainSnsStat,0,1598159312.634748
CF_Clu_RainSnsStat,0,1598159313.531915
CF_Clu_RainSnsStat,0,1598159314.731776
CF_Clu_RainSnsStat,0,1598159314.9289348
CF_Clu_RainSnsStat,0,1598159316.628234
CF_Clu_RainSnsStat,0,1598159316.72745
CF_Clu_RainSnsStat,0,1598159317.726342
CF_Clu_RainSnsStat,0,1598159318.7255511
CF_Clu_RainSnsStat,0,1598159318.824142
CF_Clu_RainSnsStat,0,1598159319.7248788
CF_Clu_RainSnsStat,0,1598159320.122336
CF_Clu_RainSnsStat,0,1598159323.5214882
CF_Clu_RainSnsStat,0,1598159323.619748
CF_Clu_RainSnsStat,0,1598159324.4187489
CF_Clu_RainSnsStat,0,1598159325.917429
CF_Clu_RainSnsStat,0,1598159326.015869
CF_Clu_RainSnsStat,0,1598159328.412499
CF_Clu_RainSnsStat,0,1598159328.514163
CF_Clu_RainSnsStat,0,1598159329.31288
CF_Clu_RainSnsStat,0,1598159329.411341
CF_Clu_RainSnsStat,0,1598159329.510747
CF_Clu_RainSnsStat,0,1598159332.606333
CF_Clu_RainSnsStat,0,1598159332.806716
CF_Clu_RainSnsStat,0,1598159336.701951
CF_Clu_RainSnsStat,0,1598159337.901813
CF_Clu_RainSnsStat,0,1598159339.8022466
CF_Clu_RainSnsStat,0,1598159341.297333
CF_Clu_RainSnsStat,0,1598159342.395608
CF_Clu_RainSnsStat,0,1598159342.796333
CF_Clu_RainSnsStat,0,1598159343.193994
CF_Clu_RainSnsStat,0,1598159345.6920722
CF_Clu_RainSnsStat,0,1598159345.790526
CF_Clu_RainSnsStat,0,1598159346.089716
CF_Clu_RainSnsStat,0,1598159346.691616
CF_Clu_RainSnsStat,0,1598159350.586522
CF_Clu_RainSnsStat,0,1598159352.6836221
CF_Clu_RainSnsStat,0,1598159354.281016
CF_Clu_RainSnsStat,0,1598159356.776513
CF_Clu_RainSnsStat,0,1598159356.877702
CF_Clu_RainSnsStat,0,1598159357.27618
CF_Clu_RainSnsStat,0,1598159357.377377
CF_Clu_RainSnsStat,0,1598159360.072511
CF_Clu_RainSnsStat,0,1598159360.474014
CF_Clu_RainSnsStat,0,1598159360.973551
CF_Clu_RainSnsStat,0,1598159361.870535
CF_Clu_RainSnsStat,0,1598159363.1689599
CF_Clu_RainSnsStat,0,1598159363.869432
CF_Clu_RainSnsStat,0,1598159366.5683386
CF_Clu_RainSnsStat,0,1598159367.3635461
CF_Clu_RainSnsStat,0,1598159368.264013
CF_Clu_RainSnsStat,0,1598159369.7602408
CF_Clu_RainSnsStat,0,1598159370.160486
CF_Clu_RainSnsStat,0,1598159372.9583552
CF_Clu_RainSnsStat,0,1598159373.355534
CF_Clu_RainSnsStat,0,1598159376.1527052
CF_Clu_RainSnsStat,0,1598159377.352694
CF_Clu_RainSnsStat,0,1598159377.549649
CF_Clu_RainSnsStat,0,1598159378.352076
CF_Clu_RainSnsStat,0,1598159381.546773
CF_Clu_RainSnsStat,0,1598159384.643196
CF_Clu_RainSnsStat,0,1598159385.9418788
CF_Clu_RainSnsStat,0,1598159388.3379722
CF_Clu_RainSnsStat,0,1598159390.434711
CF_Clu_RainSnsStat,0,1598159391.4340632
CF_Clu_RainSnsStat,0,1598159391.835405
CF_Clu_RainSnsStat,0,1598159393.13024
CF_Clu_RainSnsStat,0,1598159394.928448
CF_Clu_RainSnsStat,0,1598159395.230758
CF_Clu_RainSnsStat,0,1598159395.4278872
CF_Clu_RainSnsStat,0,1598159396.6279306
CF_Clu_RainSnsStat,0,1598159397.1272302
CF_Clu_RainSnsStat,0,1598159397.626938
CF_Clu_RainSnsStat,0,1598159398.024412
CF_Clu_RainSnsStat,0,1598159398.225169
CF_Clu_RainSnsStat,0,1598159401.4200408
CF_Clu_RainSnsStat,0,1598159405.716186
CF_Clu_RainSnsStat,0,1598159406.715539
CF_Clu_RainSnsStat,0,1598159408.4118972
CF_Clu_RainSnsStat,0,1598159410.012635
CF_Clu_RainSnsStat,0,1598159411.3110142
CF_Clu_RainSnsStat,0,1598159413.605294
CF_Clu_RainSnsStat,0,1598159413.8054762
CF_Clu_RainSnsStat,0,1598159414.1044269
CF_Clu_RainSnsStat,0,1598159414.2069788
CF_Clu_RainSnsStat,0,1598159418.99893
CF_Clu_RainSnsStat,0,1598159419.9983091
CF_Clu_RainSnsStat,0,1598159423.295439
CF_Clu_RainSnsStat,0,1598159423.89334
CF_Clu_RainSnsStat,0,1598159426.388135
CF_Clu_RainSnsStat,0,1598159427.288835
CF_Clu_RainSnsStat,0,1598159428.0880902
CF_Clu_RainSnsStat,0,1598159428.788285
CF_Clu_RainSnsStat,0,1598159428.988601
CF_Clu_RainSnsStat,0,1598159429.685303
CF_Clu_RainSnsStat,0,1598159430.184635
CF_Clu_RainSnsStat,0,1598159431.5853288
CF_Clu_RainSnsStat,0,1598159433.080781
CF_Clu_RainSnsStat,0,1598159434.678261
CF_Clu_RainSnsStat,0,1598159434.9805849
CF_Clu_RainSnsStat,0,1598159435.079099
CF_Clu_RainSnsStat,0,1598159436.680396
CF_Clu_RainSnsStat,0,1598159437.1760972
CF_Clu_RainSnsStat,0,1598159438.474804
CF_Clu_RainSnsStat,0,1598159439.97377
CF_Clu_RainSnsStat,0,1598159440.170324
CF_Clu_RainSnsStat,0,1598159440.6701682
CF_Clu_RainSnsStat,0,1598159442.570188
CF_Clu_RainSnsStat,0,1598159444.1681018
CF_Clu_RainSnsStat,0,1598159444.868063
CF_Clu_RainSnsStat,0,1598159445.5646381
CF_Clu_RainSnsStat,0,1598159446.1664321
CF_Clu_RainSnsStat,0,1598159447.6620102
CF_Clu_RainSnsStat,0,1598159448.0633302
CF_Clu_RainSnsStat,0,1598159448.361797
CF_Clu_RainSnsStat,0,1598159449.2628698
CF_Clu_RainSnsStat,0,1598159449.4599938
CF_Clu_RainSnsStat,0,1598159450.5611632
CF_Clu_RainSnsStat,0,1598159453.256776
CF_Clu_RainSnsStat,0,1598159453.956893
CF_Clu_RainSnsStat,0,1598159457.0529046
CF_Clu_RainSnsStat,0,1598159457.950022
CF_Clu_RainSnsStat,0,1598159459.150047
CF_Clu_RainSnsStat,0,1598159459.8468108
CF_Clu_RainSnsStat,0,1598159460.948123
CF_Clu_RainSnsStat,0,1598159461.148928
CF_Clu_RainSnsStat,0,1598159462.0458891
CF_Clu_RainSnsStat,0,1598159462.5456376
CF_Clu_RainSnsStat,0,1598159462.6438851
CF_Clu_RainSnsStat,0,1598159463.942486
CF_Clu_RainSnsStat,0,1598159466.2401052
CF_Clu_RainSnsStat,0,1598159467.939842
CF_Clu_RainSnsStat,0,1598159469.5370374
CF_Clu_RainSnsStat,0,1598159469.639698
CF_Clu_RainSnsStat,0,1598159469.836017
CF_Clu_RainSnsStat,0,1598159470.733332
CF_Clu_RainSnsStat,0,1598159471.3350039
CF_Clu_RainSnsStat,0,1598159472.1338394
CF_Clu_RainSnsStat,0,1598159473.0308
CF_Clu_RainSnsStat,0,1598159474.030209
CF_Clu_RainSnsStat,0,1598159474.329249
CF_Clu_RainSnsStat,0,1598159474.428206
CF_Clu_RainSnsStat,0,1598159474.927553
CF_Clu_RainSnsStat,0,1598159477.1269429
CF_Clu_RainSnsStat,0,1598159479.522884
CF_Clu_RainSnsStat,0,1598159479.822093
CF_Clu_RainSnsStat,0,1598159479.9240706
CF_Clu_RainSnsStat,0,1598159480.322135
CF_Clu_RainSnsStat,0,1598159482.021026
CF_Clu_RainSnsStat,0,1598159482.218213
CF_Clu_RainSnsStat,0,1598159482.3200312
CF_Clu_RainSnsStat,0,1598159482.918302
CF_Clu_RainSnsStat,0,1598159483.8190908
CF_Clu_RainSnsStat,0,1598159485.216149
CF_Clu_RainSnsStat,0,1598159487.214508
CF_Clu_RainSnsStat,0,1598159487.7141619
CF_Clu_RainSnsStat,0,1598159490.110291
CF_Clu_RainSnsStat,0,1598159490.508013
CF_Clu_RainSnsStat,0,1598159490.810771
CF_Clu_RainSnsStat,0,1598159491.70766
CF_Clu_RainSnsStat,0,1598159491.908428
CF_Clu_RainSnsStat,0,1598159492.306702
CF_Clu_RainSnsStat,0,1598159492.408292
CF_Clu_RainSnsStat,0,1598159493.108326
CF_Clu_RainSnsStat,0,1598159493.6081114
CF_Clu_RainSnsStat,0,1598159494.403032
CF_Clu_RainSnsStat,0,1598159495.2057161
CF_Clu_RainSnsStat,0,1598159495.9020412
CF_Clu_RainSnsStat,0,1598159496.5002131
CF_Clu_RainSnsStat,0,1598159498.101276
CF_Clu_RainSnsStat,0,1598159499.100628
CF_Clu_RainSnsStat,0,1598159499.698603
CF_Clu_RainSnsStat,0,1598159499.7971892
CF_Clu_RainSnsStat,0,1598159500.096277
CF_Clu_RainSnsStat,0,1598159503.59385
CF_Clu_RainSnsStat,0,1598159505.690777
CF_Clu_RainSnsStat,0,1598159505.8914418
CF_Clu_RainSnsStat,0,1598159505.9899874
CF_Clu_RainSnsStat,0,1598159507.587426
CF_Clu_RainSnsStat,0,1598159508.586745
CF_Clu_RainSnsStat,0,1598159509.688256
CF_Clu_RainSnsStat,0,1598159509.987308
CF_Clu_RainSnsStat,0,1598159510.384634
CF_Clu_RainSnsStat,0,1598159510.5851376
CF_Clu_RainSnsStat,0,1598159511.883666
CF_Clu_RainSnsStat,0,1598159512.383434
CF_Clu_RainSnsStat,0,1598159512.88292
CF_Clu_RainSnsStat,0,1598159513.4809332
CF_Clu_RainSnsStat,0,1598159515.677044
CF_Clu_RainSnsStat,0,1598159517.2777529
CF_Clu_RainSnsStat,0,1598159517.8759131
CF_Clu_RainSnsStat,0,1598159518.474429
CF_Clu_RainSnsStat,0,1598159518.871547
CF_Clu_RainSnsStat,0,1598159519.174133
CF_Clu_RainSnsStat,0,1598159521.7710528
CF_Clu_RainSnsStat,0,1598159522.569538
CF_Clu_RainSnsStat,0,1598159522.8685591
CF_Clu_RainSnsStat,0,1598159523.069242
CF_Clu_RainSnsStat,0,1598159524.5682142
CF_Clu_RainSnsStat,0,1598159525.5676944
CF_Clu_RainSnsStat,0,1598159525.7647471
CF_Clu_RainSnsStat,0,1598159527.66129
CF_Clu_RainSnsStat,0,1598159529.6600454
CF_Clu_RainSnsStat,0,1598159530.45859
CF_Clu_RainSnsStat,0,1598159533.157234
CF_Clu_RainSnsStat,0,1598159534.455816
CF_Clu_RainSnsStat,0,1598159534.9555721
CF_Clu_RainSnsStat,0,1598159535.053666
CF_Clu_RainSnsStat,0,1598159535.2543194
CF_Clu_RainSnsStat,0,1598159535.4551182
CF_Clu_RainSnsStat,0,1598159535.5532892
CF_Clu_RainSnsStat,0,1598159536.0530221
CF_Clu_RainSnsStat,0,1598159536.250214
CF_Clu_RainSnsStat,0,1598159537.15062
CF_Clu_RainSnsStat,0,1598159537.351449
CF_Clu_RainSnsStat,0,1598159539.2477849
CF_Clu_RainSnsStat,0,1598159540.9474614
CF_Clu_RainSnsStat,0,1598159541.148078
CF_Clu_RainSnsStat,0,1598159541.946791
CF_Clu_RainSnsStat,0,1598159542.045541
CF_Clu_RainSnsStat,0,1598159543.6430988
CF_Clu_RainSnsStat,0,1598159543.741271
CF_Clu_RainSnsStat,0,1598159544.244591
CF_Clu_RainSnsStat,0,1598159546.7459774
CF_Clu_RainSnsStat,0,1598159547.136752
CF_Clu_RainSnsStat,0,1598159547.23878
CF_Clu_RainSnsStat,0,1598159548.537039
CF_Clu_RainSnsStat,0,1598159549.1355252
CF_Clu_RainSnsStat,0,1598159550.4376779
CF_Clu_RainSnsStat,0,1598159550.933207
CF_Clu_RainSnsStat,0,1598159552.530772
CF_Clu_RainSnsStat,0,1598159556.028157
CF_Clu_RainSnsStat,0,1598159557.5273821
CF_Clu_RainSnsStat,0,1598159559.0226119
CF_Clu_RainSnsStat,0,1598159559.423659
CF_Clu_RainSnsStat,0,1598159560.022455
CF_Clu_RainSnsStat,0,1598159562.221154
CF_Clu_RainSnsStat,0,1598159564.015507
CF_Clu_RainSnsStat,0,1598159565.018487
CF_Clu_RainSnsStat,0,1598159567.115508
CF_Clu_RainSnsStat,0,1598159567.512932
CF_Clu_RainSnsStat,0,1598159567.8124568
CF_Clu_RainSnsStat,0,1598159568.7129018
CF_Clu_RainSnsStat,0,1598159569.011892
CF_Clu_RainSnsStat,0,1598159571.907943
CF_Clu_RainSnsStat,0,1598159573.906445
CF_Clu_RainSnsStat,0,1598159575.40186
CF_Clu_RainSnsStat,0,1598159577.4988348
CF_Clu_RainSnsStat,0,1598159578.698603
CF_Clu_RainSnsStat,0,1598159579.898575
CF_Clu_RainSnsStat,0,1598159581.8973448
CF_Clu_RainSnsStat,0,1598159582.892716
CF_Clu_RainSnsStat,0,1598159584.191277
CF_Clu_RainSnsStat,0,1598159584.2906725
CF_Clu_RainSnsStat,0,1598159585.890805
CF_Clu_RainSnsStat,0,1598159587.0880554
CF_Clu_RainSnsStat,0,1598159587.3898082
CF_Clu_RainSnsStat,0,1598159587.4885669
CF_Clu_RainSnsStat,0,1598159587.587397
CF_Clu_RainSnsStat,0,1598159588.286934
CF_Clu_RainSnsStat,0,1598159594.1807091
CF_Clu_RainSnsStat,0,1598159594.479775
CF_Clu_RainSnsStat,0,1598159595.077745
CF_Clu_RainSnsStat,0,1598159595.6760268
CF_Clu_RainSnsStat,0,1598159596.5767858
CF_Clu_RainSnsStat,0,1598159598.276577
CF_Clu_RainSnsStat,0,1598159600.672637
CF_Clu_RainSnsStat,0,1598159602.168011
CF_Clu_RainSnsStat,0,1598159602.970464
CF_Clu_RainSnsStat,0,1598159603.568264
CF_Clu_RainSnsStat,0,1598159605.165725
CF_Clu_RainSnsStat,0,1598159606.1651342
CF_Clu_RainSnsStat,0,1598159606.664663
CF_Clu_RainSnsStat,0,1598159606.763152
CF_Clu_RainSnsStat,0,1598159608.1600974
CF_Clu_RainSnsStat,0,1598159614.054626
CF_Clu_RainSnsStat,0,1598159616.449924
CF_Clu_RainSnsStat,0,1598159617.453161
CF_Clu_RainSnsStat,0,1598159617.8503392
CF_Clu_RainSnsStat,0,1598159620.6477282
CF_Clu_RainSnsStat,0,1598159621.5447931
CF_Clu_RainSnsStat,0,1598159621.6471171
CF_Clu_RainSnsStat,0,1598159622.245248
CF_Clu_RainSnsStat,0,1598159623.4416142
CF_Clu_RainSnsStat,0,1598159624.240234
CF_Clu_RainSnsStat,0,1598159626.239782
CF_Clu_RainSnsStat,0,1598159626.6400268
CF_Clu_RainSnsStat,0,1598159626.73876
CF_Clu_RainSnsStat,0,1598159626.9391901
CF_Clu_RainSnsStat,0,1598159628.336408
CF_Clu_RainSnsStat,0,1598159628.737194
CF_Clu_RainSnsStat,0,1598159628.938174
CF_Clu_RainSnsStat,0,1598159629.3350651
CF_Clu_RainSnsStat,0,1598159632.136586
CF_Clu_RainSnsStat,0,1598159632.730452
CF_Clu_RainSnsStat,0,1598159635.4295306
CF_Clu_RainSnsStat,0,1598159635.7285178
CF_Clu_RainSnsStat,0,1598159637.424599
CF_Clu_RainSnsStat,0,1598159638.5259302
CF_Clu_RainSnsStat,0,1598159638.624251
CF_Clu_RainSnsStat,0,1598159638.9239
CF_Clu_RainSnsStat,0,1598159639.12448
CF_Clu_RainSnsStat,0,1598159640.9219706
CF_Clu_RainSnsStat,0,1598159642.417418
CF_Clu_RainSnsStat,0,1598159643.2160351
CF_Clu_RainSnsStat,0,1598159643.715769
CF_Clu_RainSnsStat,0,1598159644.317413
CF_Clu_RainSnsStat,0,1598159644.817076
CF_Clu_RainSnsStat,0,1598159644.915491
CF_Clu_RainSnsStat,0,1598159645.914927
CF_Clu_RainSnsStat,0,1598159646.7174869
CF_Clu_RainSnsStat,0,1598159648.016044
CF_Clu_RainSnsStat,0,1598159648.8105721
CF_Clu_RainSnsStat,0,1598159650.010559
CF_Clu_RainSnsStat,0,1598159650.5102801
CF_Clu_RainSnsStat,0,1598159651.9070706
CF_Clu_RainSnsStat,0,1598159652.808201
CF_Clu_RainSnsStat,0,1598159653.705067
CF_Clu_RainSnsStat,0,1598159655.204188
CF_Clu_RainSnsStat,0,1598159656.2036989
CF_Clu_RainSnsStat,0,1598159656.600811
CF_Clu_RainSnsStat,0,1598159656.8015301
CF_Clu_RainSnsStat,0,1598159657.10049
CF_Clu_RainSnsStat,0,1598159657.199098
CF_Clu_RainSnsStat,0,1598159657.5017886
CF_Clu_RainSnsStat,0,1598159659.2963471
CF_Clu_RainSnsStat,0,1598159661.094399
CF_Clu_RainSnsStat,0,1598159661.393504
CF_Clu_RainSnsStat,0,1598159662.6953752
CF_Clu_RainSnsStat,0,1598159666.788137
CF_Clu_RainSnsStat,0,1598159667.188529
CF_Clu_RainSnsStat,0,1598159669.384347
CF_Clu_RainSnsStat,0,1598159669.884107
CF_Clu_RainSnsStat,0,1598159670.38365
CF_Clu_RainSnsStat,0,1598159670.682605
CF_Clu_RainSnsStat,0,1598159671.8825786
CF_Clu_RainSnsStat,0,1598159672.7797408
CF_Clu_RainSnsStat,0,1598159674.978681
CF_Clu_RainSnsStat,0,1598159675.7773821
CF_Clu_RainSnsStat,0,1598159675.977995
CF_Clu_RainSnsStat,0,1598159680.570143
CF_Clu_RainSnsStat,0,1598159681.1715279
CF_Clu_RainSnsStat,0,1598159683.866583
CF_Clu_RainSnsStat,0,1598159683.9652634
CF_Clu_RainSnsStat,0,1598159685.066644
CF_Clu_RainSnsStat,0,1598159685.164989
CF_Clu_RainSnsStat,0,1598159686.5621278
CF_Clu_RainSnsStat,0,1598159686.664623
CF_Clu_RainSnsStat,0,1598159687.962799
CF_Clu_RainSnsStat,0,1598159690.1581821
CF_Clu_RainSnsStat,0,1598159690.26011
CF_Clu_RainSnsStat,0,1598159691.656872
CF_Clu_RainSnsStat,0,1598159691.7555149
CF_Clu_RainSnsStat,0,1598159692.2588658
CF_Clu_RainSnsStat,0,1598159693.3565726
CF_Clu_RainSnsStat,0,1598159695.355289
CF_Clu_RainSnsStat,0,1598159695.4539268
CF_Clu_RainSnsStat,0,1598159696.055746
CF_Clu_RainSnsStat,0,1598159697.2519119
CF_Clu_RainSnsStat,0,1598159697.9480784
CF_Clu_RainSnsStat,0,1598159698.148772
CF_Clu_RainSnsStat,0,1598159698.349283
CF_Clu_RainSnsStat,0,1598159698.5463624
CF_Clu_RainSnsStat,0,1598159698.747176
CF_Clu_RainSnsStat,0,1598159698.947818
CF_Clu_RainSnsStat,0,1598159699.946792
CF_Clu_RainSnsStat,0,1598159701.044734
CF_Clu_RainSnsStat,0,1598159701.544142
CF_Clu_RainSnsStat,0,1598159702.6423712
CF_Clu_RainSnsStat,0,1598159702.8429694
CF_Clu_RainSnsStat,0,1598159703.0432632
CF_Clu_RainSnsStat,0,1598159706.1395981
CF_Clu_RainSnsStat,0,1598159707.037306
CF_Clu_RainSnsStat,0,1598159707.638775
CF_Clu_RainSnsStat,0,1598159708.036254
CF_Clu_RainSnsStat,0,1598159708.5359118
CF_Clu_RainSnsStat,0,1598159709.6337314
CF_Clu_RainSnsStat,0,1598159710.432343
CF_Clu_RainSnsStat,0,1598159711.1328306
CF_Clu_RainSnsStat,0,1598159711.8332288
CF_Clu_RainSnsStat,0,1598159712.230732
CF_Clu_RainSnsStat,0,1598159712.631839
CF_Clu_RainSnsStat,0,1598159714.429424
CF_Clu_RainSnsStat,0,1598159715.826271
CF_Clu_RainSnsStat,0,1598159718.8244328
CF_Clu_RainSnsStat,0,1598159720.421712
CF_Clu_RainSnsStat,0,1598159720.7211301
CF_Clu_RainSnsStat,0,1598159722.719826
CF_Clu_RainSnsStat,0,1598159723.2193248
CF_Clu_RainSnsStat,0,1598159723.5182688
CF_Clu_RainSnsStat,0,1598159723.8171751
CF_Clu_RainSnsStat,0,1598159724.2147882
CF_Clu_RainSnsStat,0,1598159724.31676
CF_Clu_RainSnsStat,0,1598159724.714454
CF_Clu_RainSnsStat,0,1598159725.815733
CF_Clu_RainSnsStat,0,1598159726.2132971
CF_Clu_RainSnsStat,0,1598159727.515583
CF_Clu_RainSnsStat,0,1598159729.3096788
CF_Clu_RainSnsStat,0,1598159731.406877
CF_Clu_RainSnsStat,0,1598159732.504666
CF_Clu_RainSnsStat,0,1598159732.807447
CF_Clu_RainSnsStat,0,1598159735.3058732
CF_Clu_RainSnsStat,0,1598159736.1047528
CF_Clu_RainSnsStat,0,1598159736.80087
CF_Clu_RainSnsStat,0,1598159737.099918
CF_Clu_RainSnsStat,0,1598159737.300587
CF_Clu_RainSnsStat,0,1598159737.398887
CF_Clu_RainSnsStat,0,1598159738.6983118
CF_Clu_RainSnsStat,0,1598159739.0984962
CF_Clu_RainSnsStat,0,1598159739.7953641
CF_Clu_RainSnsStat,0,1598159739.8972428
CF_Clu_RainSnsStat,0,1598159742.4940329
CF_Clu_RainSnsStat,0,1598159743.9931011
CF_Clu_RainSnsStat,0,1598159744.89011
CF_Clu_RainSnsStat,0,1598159746.090146
CF_Clu_RainSnsStat,0,1598159746.987335
CF_Clu_RainSnsStat,0,1598159747.388483
CF_Clu_RainSnsStat,0,1598159749.485568
CF_Clu_RainSnsStat,0,1598159750.284287
CF_Clu_RainSnsStat,0,1598159751.08295
CF_Clu_RainSnsStat,0,1598159751.386194
CF_Clu_RainSnsStat,0,1598159753.880357
CF_Clu_RainSnsStat,0,1598159756.776078
CF_Clu_RainSnsStat,0,1598159756.875066
CF_Clu_RainSnsStat,0,1598159758.374018
CF_Clu_RainSnsStat,0,1598159758.4724462
CF_Clu_RainSnsStat,0,1598159758.5742476
CF_Clu_RainSnsStat,0,1598159759.073941
CF_Clu_RainSnsStat,0,1598159759.1725519
CF_Clu_RainSnsStat,0,1598159760.175584
CF_Clu_RainSnsStat,0,1598159760.2740831
CF_Clu_RainSnsStat,0,1598159761.469944
CF_Clu_RainSnsStat,0,1598159762.06847
CF_Clu_RainSnsStat,0,1598159764.165241
CF_Clu_RainSnsStat,0,1598159764.566362
CF_Clu_RainSnsStat,0,1598159764.664654
CF_Clu_RainSnsStat,0,1598159766.663442
CF_Clu_RainSnsStat,0,1598159767.462516
CF_Clu_RainSnsStat,0,1598159771.455884
CF_Clu_RainSnsStat,0,1598159771.8569589
CF_Clu_RainSnsStat,0,1598159772.455219
CF_Clu_RainSnsStat,0,1598159775.4532714
CF_Clu_RainSnsStat,0,1598159775.5553658
CF_Clu_RainSnsStat,0,1598159775.752516
CF_Clu_RainSnsStat,0,1598159776.051827
CF_Clu_RainSnsStat,0,1598159776.3500712
CF_Clu_RainSnsStat,0,1598159777.550074
CF_Clu_RainSnsStat,0,1598159780.945479
CF_Clu_RainSnsStat,0,1598159781.146167
CF_Clu_RainSnsStat,0,1598159783.742903
CF_Clu_RainSnsStat,0,1598159783.943617
CF_Clu_RainSnsStat,0,1598159784.8406382
CF_Clu_RainSnsStat,0,1598159786.138955
CF_Clu_RainSnsStat,0,1598159786.937718
CF_Clu_RainSnsStat,0,1598159787.437245
CF_Clu_RainSnsStat,0,1598159787.536468
CF_Clu_RainSnsStat,0,1598159789.235672
CF_Clu_RainSnsStat,0,1598159790.832761
CF_Clu_RainSnsStat,0,1598159791.6317928
CF_Clu_RainSnsStat,0,1598159792.4345338
CF_Clu_RainSnsStat,0,1598159793.728517
CF_Clu_RainSnsStat,0,1598159794.228194
CF_Clu_RainSnsStat,0,1598159796.3256476
CF_Clu_RainSnsStat,0,1598159796.7266018
CF_Clu_RainSnsStat,0,1598159800.8225482
CF_Clu_RainSnsStat,0,1598159801.621228
CF_Clu_RainSnsStat,0,1598159804.615145
CF_Clu_RainSnsStat,0,1598159805.1148648
CF_Clu_RainSnsStat,0,1598159806.1141381
CF_Clu_RainSnsStat,0,1598159807.814074
CF_Clu_RainSnsStat,0,1598159809.608333
CF_Clu_RainSnsStat,0,1598159809.808615
CF_Clu_RainSnsStat,0,1598159812.806724
CF_Clu_RainSnsStat,0,1598159813.1057289
CF_Clu_RainSnsStat,0,1598159813.3064241
CF_Clu_RainSnsStat,0,1598159813.6054454
CF_Clu_RainSnsStat,0,1598159818.1971588
CF_Clu_RainSnsStat,0,1598159818.299207
CF_Clu_RainSnsStat,0,1598159818.3978071
CF_Clu_RainSnsStat,0,1598159818.598204
CF_Clu_RainSnsStat,0,1598159819.794671
CF_Clu_RainSnsStat,0,1598159819.896561
CF_Clu_RainSnsStat,0,1598159820.695343
CF_Clu_RainSnsStat,0,1598159821.294236
CF_Clu_RainSnsStat,0,1598159821.3958762
CF_Clu_RainSnsStat,0,1598159822.891041
CF_Clu_RainSnsStat,0,1598159823.894081
CF_Clu_RainSnsStat,0,1598159824.7914839
CF_Clu_RainSnsStat,0,1598159824.8896158
CF_Clu_RainSnsStat,0,1598159826.2864769
CF_Clu_RainSnsStat,0,1598159828.784723
CF_Clu_RainSnsStat,0,1598159829.8824694
CF_Clu_RainSnsStat,0,1598159830.181556
CF_Clu_RainSnsStat,0,1598159831.680522
CF_Clu_RainSnsStat,0,1598159833.0810082
CF_Clu_RainSnsStat,0,1598159834.076767
CF_Clu_RainSnsStat,0,1598159838.774234
CF_Clu_RainSnsStat,0,1598159839.671922
CF_Clu_RainSnsStat,0,1598159841.6699529
CF_Clu_RainSnsStat,0,1598159842.4688554
CF_Clu_RainSnsStat,0,1598159843.066839
CF_Clu_RainSnsStat,0,1598159843.165465
CF_Clu_RainSnsStat,0,1598159844.565702
CF_Clu_RainSnsStat,0,1598159844.7663329
CF_Clu_RainSnsStat,0,1598159844.9632454
CF_Clu_RainSnsStat,0,1598159846.163007
CF_Clu_RainSnsStat,0,1598159846.261926
CF_Clu_RainSnsStat,0,1598159847.0605679
CF_Clu_RainSnsStat,0,1598159848.059923
CF_Clu_RainSnsStat,0,1598159848.763776
CF_Clu_RainSnsStat,0,1598159849.562666
CF_Clu_RainSnsStat,0,1598159849.8578649
CF_Clu_RainSnsStat,0,1598159850.156941
CF_Clu_RainSnsStat,0,1598159850.65652
CF_Clu_RainSnsStat,0,1598159851.356704
CF_Clu_RainSnsStat,0,1598159851.455223
CF_Clu_RainSnsStat,0,1598159852.5565991
CF_Clu_RainSnsStat,0,1598159857.250325
CF_Clu_RainSnsStat,0,1598159857.8484092
CF_Clu_RainSnsStat,0,1598159858.847714
CF_Clu_RainSnsStat,0,1598159859.048436
CF_Clu_RainSnsStat,0,1598159859.146733
CF_Clu_RainSnsStat,0,1598159859.2454882
CF_Clu_RainSnsStat,0,1598159861.043576
CF_Clu_RainSnsStat,0,1598159861.645206
CF_Clu_RainSnsStat,0,1598159862.141238
CF_Clu_RainSnsStat,0,1598159867.33474
CF_Clu_RainSnsStat,0,1598159867.637462
CF_Clu_RainSnsStat,0,1598159868.23533
CF_Clu_RainSnsStat,0,1598159868.834337
CF_Clu_RainSnsStat,0,1598159870.033468
CF_Clu_RainSnsStat,0,1598159873.9286
CF_Clu_RainSnsStat,0,1598159874.526525
CF_Clu_RainSnsStat,0,1598159876.8242161
CF_Clu_RainSnsStat,0,1598159877.7252471
CF_Clu_RainSnsStat,0,1598159878.024262
CF_Clu_RainSnsStat,0,1598159878.9213269
CF_Clu_RainSnsStat,0,1598159879.720392
CF_Clu_RainSnsStat,0,1598159879.822444
CF_Clu_RainSnsStat,0,1598159880.121382
CF_Clu_RainSnsStat,0,1598159880.924096
CF_Clu_RainSnsStat,0,1598159881.4197161
CF_Clu_RainSnsStat,0,1598159882.718379
CF_Clu_RainSnsStat,0,1598159882.918874
CF_Clu_RainSnsStat,0,1598159884.213463
CF_Clu_RainSnsStat,0,1598159884.8152
CF_Clu_RainSnsStat,0,1598159885.0158124
CF_Clu_RainSnsStat,0,1598159886.314195
CF_Clu_RainSnsStat,0,1598159887.313643
CF_Clu_RainSnsStat,0,1598159887.4119391
CF_Clu_RainSnsStat,0,1598159889.4070024
CF_Clu_RainSnsStat,0,1598159889.607682
CF_Clu_RainSnsStat,0,1598159890.807272
CF_Clu_RainSnsStat,0,1598159891.6059752
CF_Clu_RainSnsStat,0,1598159891.7050428
CF_Clu_RainSnsStat,0,1598159892.1058106
CF_Clu_RainSnsStat,0,1598159894.801545
CF_Clu_RainSnsStat,0,1598159895.2022114
CF_Clu_RainSnsStat,0,1598159895.7018628
CF_Clu_RainSnsStat,0,1598159896.402231
CF_Clu_RainSnsStat,0,1598159896.901855
CF_Clu_RainSnsStat,0,1598159898.6962008
CF_Clu_RainSnsStat,0,1598159901.792483
CF_Clu_RainSnsStat,0,1598159905.191793
CF_Clu_RainSnsStat,0,1598159906.686893
CF_Clu_RainSnsStat,0,1598159908.883326
CF_Clu_RainSnsStat,0,1598159909.783474
CF_Clu_RainSnsStat,0,1598159910.6806061
CF_Clu_RainSnsStat,0,1598159911.282455
CF_Clu_RainSnsStat,0,1598159912.080968
CF_Clu_RainSnsStat,0,1598159912.3804119
CF_Clu_RainSnsStat,0,1598159913.379603
CF_Clu_RainSnsStat,0,1598159913.9814136
CF_Clu_RainSnsStat,0,1598159915.8743858
CF_Clu_RainSnsStat,0,1598159916.672752
CF_Clu_RainSnsStat,0,1598159917.5734954
CF_Clu_RainSnsStat,0,1598159918.2738008
CF_Clu_RainSnsStat,0,1598159921.2720132
CF_Clu_RainSnsStat,0,1598159921.5677938
CF_Clu_RainSnsStat,0,1598159922.267284
CF_Clu_RainSnsStat,0,1598159923.2665632
CF_Clu_RainSnsStat,0,1598159923.9632454
CF_Clu_RainSnsStat,0,1598159927.0598102
CF_Clu_RainSnsStat,0,1598159927.161737
CF_Clu_RainSnsStat,0,1598159927.36236
CF_Clu_RainSnsStat,0,1598159928.059212
CF_Clu_RainSnsStat,0,1598159928.3617878
CF_Clu_RainSnsStat,0,1598159934.951926
CF_Clu_RainSnsStat,0,1598159937.552813
CF_Clu_RainSnsStat,0,1598159938.4459631
CF_Clu_RainSnsStat,0,1598159939.244659
CF_Clu_RainSnsStat,0,1598159943.13975
CF_Clu_RainSnsStat,0,1598159943.7414136
CF_Clu_RainSnsStat,0,1598159944.142973
CF_Clu_RainSnsStat,0,1598159944.741626
CF_Clu_RainSnsStat,0,1598159944.94239
CF_Clu_RainSnsStat,0,1598159946.338938
CF_Clu_RainSnsStat,0,1598159946.537677
CF_Clu_RainSnsStat,0,1598159946.637589
CF_Clu_RainSnsStat,0,1598159949.132298
CF_Clu_RainSnsStat,0,1598159951.130799
CF_Clu_RainSnsStat,0,1598159951.6305976
CF_Clu_RainSnsStat,0,1598159952.7319748
CF_Clu_RainSnsStat,0,1598159954.6282039
CF_Clu_RainSnsStat,0,1598159955.6260831
CF_Clu_RainSnsStat,0,1598159956.923125
CF_Clu_RainSnsStat,0,1598159957.82323
CF_Clu_RainSnsStat,0,1598159958.023863
CF_Clu_RainSnsStat,0,1598159958.421564
CF_Clu_RainSnsStat,0,1598159959.222065
CF_Clu_RainSnsStat,0,1598159959.822062
CF_Clu_RainSnsStat,0,1598159961.3207512
CF_Clu_RainSnsStat,0,1598159962.3163252
CF_Clu_RainSnsStat,0,1598159963.0163488
CF_Clu_RainSnsStat,0,1598159964.314873
CF_Clu_RainSnsStat,0,1598159966.313556
CF_Clu_RainSnsStat,0,1598159967.611893
CF_Clu_RainSnsStat,0,1598159968.4106212
CF_Clu_RainSnsStat,0,1598159968.8119302
CF_Clu_RainSnsStat,0,1598159969.5123858
CF_Clu_RainSnsStat,0,1598159969.709991
CF_Clu_RainSnsStat,0,1598159970.405629
CF_Clu_RainSnsStat,0,1598159971.4050019
CF_Clu_RainSnsStat,0,1598159972.4041462
CF_Clu_RainSnsStat,0,1598159975.5005062
CF_Clu_RainSnsStat,0,1598159976.09846
CF_Clu_RainSnsStat,0,1598159976.999393
CF_Clu_RainSnsStat,0,1598159977.10188
CF_Clu_RainSnsStat,0,1598159979.096504
CF_Clu_RainSnsStat,0,1598159979.297272
CF_Clu_RainSnsStat,0,1598159980.194241
CF_Clu_RainSnsStat,0,1598159981.6934874
CF_Clu_RainSnsStat,0,1598159982.8897886
CF_Clu_RainSnsStat,0,1598159983.491418
CF_Clu_RainSnsStat,0,1598159983.991147
CF_Clu_RainSnsStat,0,1598159984.5893278
CF_Clu_RainSnsStat,0,1598159985.4901528
CF_Clu_RainSnsStat,0,1598159985.6908102
CF_Clu_RainSnsStat,0,1598159986.6861632
CF_Clu_RainSnsStat,0,1598159987.784252
CF_Clu_RainSnsStat,0,1598159989.381582
CF_Clu_RainSnsStat,0,1598159990.1802602
CF_Clu_RainSnsStat,0,1598159992.58002
CF_Clu_RainSnsStat,0,1598159995.877374
CF_Clu_RainSnsStat,0,1598159996.3730562
CF_Clu_RainSnsStat,0,1598159997.7733982
CF_Clu_RainSnsStat,0,1598159998.670943
CF_Clu_RainSnsStat,0,1598160000.07115
CF_Clu_RainSnsStat,0,1598160000.7715874
CF_Clu_RainSnsStat,0,1598160005.0640252
CF_Clu_RainSnsStat,0,1598160006.661458
CF_Clu_RainSnsStat,0,1598160006.9603796
CF_Clu_RainSnsStat,0,1598160009.061524
CF_Clu_RainSnsStat,0,1598160010.355834
CF_Clu_RainSnsStat,0,1598160010.560626
CF_Clu_RainSnsStat,0,1598160012.0554311
CF_Clu_RainSnsStat,0,1598160012.555104
CF_Clu_RainSnsStat,0,1598160012.6535661
CF_Clu_RainSnsStat,0,1598160013.1531801
CF_Clu_RainSnsStat,0,1598160014.2509706
CF_Clu_RainSnsStat,0,1598160014.951243
CF_Clu_RainSnsStat,0,1598160015.1523552
CF_Clu_RainSnsStat,0,1598160016.148011
CF_Clu_RainSnsStat,0,1598160017.150749
CF_Clu_RainSnsStat,0,1598160017.949512
CF_Clu_RainSnsStat,0,1598160019.0471194
CF_Clu_RainSnsStat,0,1598160019.546669
CF_Clu_RainSnsStat,0,1598160020.1447911
CF_Clu_RainSnsStat,0,1598160024.1384768
CF_Clu_RainSnsStat,0,1598160026.435943
CF_Clu_RainSnsStat,0,1598160029.3320198
CF_Clu_RainSnsStat,0,1598160030.630468
CF_Clu_RainSnsStat,0,1598160030.933026
CF_Clu_RainSnsStat,0,1598160031.33056
CF_Clu_RainSnsStat,0,1598160031.429153
CF_Clu_RainSnsStat,0,1598160031.531163
CF_Clu_RainSnsStat,0,1598160032.227902
CF_Clu_RainSnsStat,0,1598160032.829408
CF_Clu_RainSnsStat,0,1598160033.230784
CF_Clu_RainSnsStat,0,1598160035.2260349
CF_Clu_RainSnsStat,0,1598160035.324664
CF_Clu_RainSnsStat,0,1598160039.022334
CF_Clu_RainSnsStat,0,1598160039.4197938
CF_Clu_RainSnsStat,0,1598160040.619776
CF_Clu_RainSnsStat,0,1598160044.212375
CF_Clu_RainSnsStat,0,1598160044.31405
CF_Clu_RainSnsStat,0,1598160044.412523
CF_Clu_RainSnsStat,0,1598160045.112833
CF_Clu_RainSnsStat,0,1598160047.00984
CF_Clu_RainSnsStat,0,1598160047.6113348
CF_Clu_RainSnsStat,0,1598160048.6107314
CF_Clu_RainSnsStat,0,1598160049.810622
CF_Clu_RainSnsStat,0,1598160050.6053572
CF_Clu_RainSnsStat,0,1598160052.304971
CF_Clu_RainSnsStat,0,1598160056.4991732
CF_Clu_RainSnsStat,0,1598160056.6997602
CF_Clu_RainSnsStat,0,1598160057.600924
CF_Clu_RainSnsStat,0,1598160058.993839
CF_Clu_RainSnsStat,0,1598160060.1936376
CF_Clu_RainSnsStat,0,1598160061.393586
CF_Clu_RainSnsStat,0,1598160061.492324
CF_Clu_RainSnsStat,0,1598160061.590996
CF_Clu_RainSnsStat,0,1598160062.0904288
CF_Clu_RainSnsStat,0,1598160062.790405
CF_Clu_RainSnsStat,0,1598160063.0898778
CF_Clu_RainSnsStat,0,1598160063.191974
CF_Clu_RainSnsStat,0,1598160064.289528
CF_Clu_RainSnsStat,0,1598160066.886208
CF_Clu_RainSnsStat,0,1598160069.68353
CF_Clu_RainSnsStat,0,1598160070.179568
CF_Clu_RainSnsStat,0,1598160070.380208
CF_Clu_RainSnsStat,0,1598160071.280959
CF_Clu_RainSnsStat,0,1598160071.379524
CF_Clu_RainSnsStat,0,1598160072.2802901
CF_Clu_RainSnsStat,0,1598160072.4808831
CF_Clu_RainSnsStat,0,1598160072.678043
CF_Clu_RainSnsStat,0,1598160072.77987
CF_Clu_RainSnsStat,0,1598160073.681033
CF_Clu_RainSnsStat,0,1598160073.878253
CF_Clu_RainSnsStat,0,1598160074.5781848
CF_Clu_RainSnsStat,0,1598160074.975343
CF_Clu_RainSnsStat,0,1598160075.5738828
CF_Clu_RainSnsStat,0,1598160076.175394
CF_Clu_RainSnsStat,0,1598160076.372323
CF_Clu_RainSnsStat,0,1598160076.675112
CF_Clu_RainSnsStat,0,1598160077.371728
CF_Clu_RainSnsStat,0,1598160077.4739392
CF_Clu_RainSnsStat,0,1598160077.871007
CF_Clu_RainSnsStat,0,1598160080.271199
CF_Clu_RainSnsStat,0,1598160080.8692741
CF_Clu_RainSnsStat,0,1598160081.069869
CF_Clu_RainSnsStat,0,1598160081.6683562
CF_Clu_RainSnsStat,0,1598160082.269921
CF_Clu_RainSnsStat,0,1598160082.864461
CF_Clu_RainSnsStat,0,1598160083.4622939
CF_Clu_RainSnsStat,0,1598160085.362303
CF_Clu_RainSnsStat,0,1598160086.0627258
CF_Clu_RainSnsStat,0,1598160087.36104
CF_Clu_RainSnsStat,0,1598160087.860914
CF_Clu_RainSnsStat,0,1598160088.15974
CF_Clu_RainSnsStat,0,1598160089.9580328
CF_Clu_RainSnsStat,0,1598160091.85421
CF_Clu_RainSnsStat,0,1598160093.750907
CF_Clu_RainSnsStat,0,1598160094.848834
CF_Clu_RainSnsStat,0,1598160095.348334
CF_Clu_RainSnsStat,0,1598160095.5486534
CF_Clu_RainSnsStat,0,1598160100.7421694
CF_Clu_RainSnsStat,0,1598160105.440031
CF_Clu_RainSnsStat,0,1598160105.9361556
CF_Clu_RainSnsStat,0,1598160107.033818
CF_Clu_RainSnsStat,0,1598160107.2340071
CF_Clu_RainSnsStat,0,1598160110.731722
CF_Clu_RainSnsStat,0,1598160111.12935
CF_Clu_RainSnsStat,0,1598160111.231361
CF_Clu_RainSnsStat,0,1598160111.329772
CF_Clu_RainSnsStat,0,1598160111.628887
CF_Clu_RainSnsStat,0,1598160111.92814
CF_Clu_RainSnsStat,0,1598160112.927556
CF_Clu_RainSnsStat,0,1598160113.824862
CF_Clu_RainSnsStat,0,1598160114.026092
CF_Clu_RainSnsStat,0,1598160114.2295446
CF_Clu_RainSnsStat,0,1598160114.525208
CF_Clu_RainSnsStat,0,1598160114.926156
CF_Clu_RainSnsStat,0,1598160116.322651
CF_Clu_RainSnsStat,0,1598160117.920182
CF_Clu_RainSnsStat,0,1598160119.9187212
CF_Clu_RainSnsStat,0,1598160120.0173151
CF_Clu_RainSnsStat,0,1598160121.8191369
CF_Clu_RainSnsStat,0,1598160122.617831
CF_Clu_RainSnsStat,0,1598160123.514771
CF_Clu_RainSnsStat,0,1598160123.9126248
CF_Clu_RainSnsStat,0,1598160125.312744
CF_Clu_RainSnsStat,0,1598160126.009557
CF_Clu_RainSnsStat,0,1598160126.3123538
CF_Clu_RainSnsStat,0,1598160127.3115711
CF_Clu_RainSnsStat,0,1598160127.7089322
CF_Clu_RainSnsStat,0,1598160129.208123
CF_Clu_RainSnsStat,0,1598160132.20233
CF_Clu_RainSnsStat,0,1598160132.6033099
CF_Clu_RainSnsStat,0,1598160134.401461
CF_Clu_RainSnsStat,0,1598160134.598407
CF_Clu_RainSnsStat,0,1598160137.899213
CF_Clu_RainSnsStat,0,1598160137.9975226
CF_Clu_RainSnsStat,0,1598160138.395081
CF_Clu_RainSnsStat,0,1598160138.796649
CF_Clu_RainSnsStat,0,1598160138.996886
CF_Clu_RainSnsStat,0,1598160139.394453
CF_Clu_RainSnsStat,0,1598160140.0946882
CF_Clu_RainSnsStat,0,1598160140.393564
CF_Clu_RainSnsStat,0,1598160140.991634
CF_Clu_RainSnsStat,0,1598160143.4902806
CF_Clu_RainSnsStat,0,1598160145.0875509
CF_Clu_RainSnsStat,0,1598160145.5870998
CF_Clu_RainSnsStat,0,1598160148.6834939
CF_Clu_RainSnsStat,0,1598160149.0812092
CF_Clu_RainSnsStat,0,1598160150.98122
CF_Clu_RainSnsStat,0,1598160152.37797
CF_Clu_RainSnsStat,0,1598160152.5787349
CF_Clu_RainSnsStat,0,1598160152.9762821
CF_Clu_RainSnsStat,0,1598160153.5742774
CF_Clu_RainSnsStat,0,1598160154.778168
CF_Clu_RainSnsStat,0,1598160155.773665
CF_Clu_RainSnsStat,0,1598160156.273448
CF_Clu_RainSnsStat,0,1598160156.871486
CF_Clu_RainSnsStat,0,1598160160.868557
CF_Clu_RainSnsStat,0,1598160163.268655
CF_Clu_RainSnsStat,0,1598160164.161956
CF_Clu_RainSnsStat,0,1598160165.6606991
CF_Clu_RainSnsStat,0,1598160166.959116
CF_Clu_RainSnsStat,0,1598160167.458797
CF_Clu_RainSnsStat,0,1598160167.5612788
CF_Clu_RainSnsStat,0,1598160167.758008
CF_Clu_RainSnsStat,0,1598160168.9579034
CF_Clu_RainSnsStat,0,1598160171.952107
CF_Clu_RainSnsStat,0,1598160172.353201
CF_Clu_RainSnsStat,0,1598160173.250602
CF_Clu_RainSnsStat,0,1598160174.2498288
CF_Clu_RainSnsStat,0,1598160175.150634
CF_Clu_RainSnsStat,0,1598160175.449601
CF_Clu_RainSnsStat,0,1598160176.1462634
CF_Clu_RainSnsStat,0,1598160176.8467114
CF_Clu_RainSnsStat,0,1598160177.047382
CF_Clu_RainSnsStat,0,1598160177.547078
CF_Clu_RainSnsStat,0,1598160178.8457534
CF_Clu_RainSnsStat,0,1598160179.545377
CF_Clu_RainSnsStat,0,1598160180.442504
CF_Clu_RainSnsStat,0,1598160180.741427
CF_Clu_RainSnsStat,0,1598160182.04009
CF_Clu_RainSnsStat,0,1598160183.9364989
CF_Clu_RainSnsStat,0,1598160184.0389302
CF_Clu_RainSnsStat,0,1598160186.0372758
CF_Clu_RainSnsStat,0,1598160187.335685
CF_Clu_RainSnsStat,0,1598160188.0323992
CF_Clu_RainSnsStat,0,1598160188.9330206
CF_Clu_RainSnsStat,0,1598160192.627685
CF_Clu_RainSnsStat,0,1598160194.2248108
CF_Clu_RainSnsStat,0,1598160196.1217868
CF_Clu_RainSnsStat,0,1598160197.120888
CF_Clu_RainSnsStat,0,1598160198.9186409
CF_Clu_RainSnsStat,0,1598160199.717406
CF_Clu_RainSnsStat,0,1598160200.5199971
CF_Clu_RainSnsStat,0,1598160202.314066
CF_Clu_RainSnsStat,0,1598160202.4164312
CF_Clu_RainSnsStat,0,1598160203.4161859
CF_Clu_RainSnsStat,0,1598160203.5140412
CF_Clu_RainSnsStat,0,1598160203.6125386
CF_Clu_RainSnsStat,0,1598160204.812394
CF_Clu_RainSnsStat,0,1598160205.5127301
CF_Clu_RainSnsStat,0,1598160207.008398
CF_Clu_RainSnsStat,0,1598160208.609232
CF_Clu_RainSnsStat,0,1598160209.007643
CF_Clu_RainSnsStat,0,1598160209.1089811
CF_Clu_RainSnsStat,0,1598160210.007678
CF_Clu_RainSnsStat,0,1598160211.6032078
CF_Clu_RainSnsStat,0,1598160211.7019188
CF_Clu_RainSnsStat,0,1598160213.7991009
CF_Clu_RainSnsStat,0,1598160213.9993699
CF_Clu_RainSnsStat,0,1598160214.699798
CF_Clu_RainSnsStat,0,1598160214.9004366
CF_Clu_RainSnsStat,0,1598160215.101009
CF_Clu_RainSnsStat,0,1598160216.9975119
CF_Clu_RainSnsStat,0,1598160217.694342
CF_Clu_RainSnsStat,0,1598160218.795443
CF_Clu_RainSnsStat,0,1598160219.6926448
CF_Clu_RainSnsStat,0,1598160219.89324
CF_Clu_RainSnsStat,0,1598160220.1922948
CF_Clu_RainSnsStat,0,1598160220.290834
CF_Clu_RainSnsStat,0,1598160220.691968
CF_Clu_RainSnsStat,0,1598160220.892549
CF_Clu_RainSnsStat,0,1598160221.589749
CF_Clu_RainSnsStat,0,1598160221.691273
CF_Clu_RainSnsStat,0,1598160221.8920069
CF_Clu_RainSnsStat,0,1598160225.385689
CF_Clu_RainSnsStat,0,1598160225.586457
CF_Clu_RainSnsStat,0,1598160226.5856981
CF_Clu_RainSnsStat,0,1598160226.6841002
CF_Clu_RainSnsStat,0,1598160228.580471
CF_Clu_RainSnsStat,0,1598160228.883513
CF_Clu_RainSnsStat,0,1598160229.182462
CF_Clu_RainSnsStat,0,1598160230.178307
CF_Clu_RainSnsStat,0,1598160230.579205
CF_Clu_RainSnsStat,0,1598160234.273909
CF_Clu_RainSnsStat,0,1598160235.0764868
CF_Clu_RainSnsStat,0,1598160236.4729981
