CF_Clu_SportsModeSwi,0,1596171368.188797
CF_Clu_SportsModeSwi,0,1596171368.2791429
CF_Clu_SportsModeSwi,0,1596171368.381699
CF_Clu_SportsModeSwi,0,1596171368.782422
CF_Clu_SportsModeSwi,0,1596171368.88078
CF_Clu_SportsModeSwi,0,1596171368.9832554
CF_Clu_SportsModeSwi,0,1596171369.0814981
CF_Clu_SportsModeSwi,0,1596171369.1802726
CF_Clu_SportsModeSwi,0,1596171369.3806472
CF_Clu_SportsModeSwi,0,1596171369.88422
CF_Clu_SportsModeSwi,0,1596171370.183197
CF_Clu_SportsModeSwi,0,1596171370.278785
CF_Clu_SportsModeSwi,0,1596171370.478646
CF_Clu_SportsModeSwi,0,1596171371.2809954
CF_Clu_SportsModeSwi,0,1596171371.580044
CF_Clu_SportsModeSwi,0,1596171373.681202
CF_Clu_SportsModeSwi,0,1596171374.4758961
CF_Clu_SportsModeSwi,0,1596171375.073781
CF_Clu_SportsModeSwi,0,1596171375.372965
CF_Clu_SportsModeSwi,0,1596171375.6720798
CF_Clu_SportsModeSwi,0,1596171375.9751208
CF_Clu_SportsModeSwi,0,1596171376.5727189
CF_Clu_SportsModeSwi,0,1596171376.970364
CF_Clu_SportsModeSwi,0,1596171377.273226
CF_Clu_SportsModeSwi,0,1596171377.5722241
CF_Clu_SportsModeSwi,0,1596171377.769192
CF_Clu_SportsModeSwi,0,1596171377.9694948
CF_Clu_SportsModeSwi,0,1596171378.969095
CF_Clu_SportsModeSwi,0,1596171379.071254
CF_Clu_SportsModeSwi,0,1596171379.3703208
CF_Clu_SportsModeSwi,0,1596171380.066537
CF_Clu_SportsModeSwi,0,1596171380.169325
CF_Clu_SportsModeSwi,0,1596171380.865458
CF_Clu_SportsModeSwi,0,1596171381.168478
CF_Clu_SportsModeSwi,0,1596171383.0645971
CF_Clu_SportsModeSwi,0,1596171383.7614539
CF_Clu_SportsModeSwi,0,1596171383.8634226
CF_Clu_SportsModeSwi,0,1596171384.064064
CF_Clu_SportsModeSwi,0,1596171384.560022
CF_Clu_SportsModeSwi,0,1596171384.662067
CF_Clu_SportsModeSwi,0,1596171384.961057
CF_Clu_SportsModeSwi,0,1596171385.059708
CF_Clu_SportsModeSwi,0,1596171385.56324
CF_Clu_SportsModeSwi,0,1596171385.862133
CF_Clu_SportsModeSwi,0,1596171386.2593448
CF_Clu_SportsModeSwi,0,1596171386.460097
CF_Clu_SportsModeSwi,0,1596171386.959729
CF_Clu_SportsModeSwi,0,1596171387.361074
CF_Clu_SportsModeSwi,0,1596171388.2581398
CF_Clu_SportsModeSwi,0,1596171388.360487
CF_Clu_SportsModeSwi,0,1596171389.757725
CF_Clu_SportsModeSwi,0,1596171390.1545439
CF_Clu_SportsModeSwi,0,1596171390.2529466
CF_Clu_SportsModeSwi,0,1596171390.3552694
CF_Clu_SportsModeSwi,0,1596171391.2533019
CF_Clu_SportsModeSwi,0,1596171391.952849
CF_Clu_SportsModeSwi,0,1596171392.252497
CF_Clu_SportsModeSwi,0,1596171392.3504288
CF_Clu_SportsModeSwi,0,1596171392.554698
CF_Clu_SportsModeSwi,0,1596171392.853611
CF_Clu_SportsModeSwi,0,1596171392.952095
CF_Clu_SportsModeSwi,0,1596171393.152782
CF_Clu_SportsModeSwi,0,1596171393.2510886
CF_Clu_SportsModeSwi,0,1596171393.452568
CF_Clu_SportsModeSwi,0,1596171393.550364
CF_Clu_SportsModeSwi,0,1596171393.750747
CF_Clu_SportsModeSwi,0,1596171393.853129
CF_Clu_SportsModeSwi,0,1596171394.049742
CF_Clu_SportsModeSwi,0,1596171394.152323
CF_Clu_SportsModeSwi,0,1596171395.147737
CF_Clu_SportsModeSwi,0,1596171395.3483572
CF_Clu_SportsModeSwi,0,1596171395.4468188
CF_Clu_SportsModeSwi,0,1596171395.7457466
CF_Clu_SportsModeSwi,0,1596171395.950092
CF_Clu_SportsModeSwi,0,1596171396.249038
CF_Clu_SportsModeSwi,0,1596171396.4496331
CF_Clu_SportsModeSwi,0,1596171396.847459
CF_Clu_SportsModeSwi,0,1596171396.945745
CF_Clu_SportsModeSwi,0,1596171397.047682
CF_Clu_SportsModeSwi,0,1596171397.748551
CF_Clu_SportsModeSwi,0,1596171398.543183
CF_Clu_SportsModeSwi,0,1596171398.842206
CF_Clu_SportsModeSwi,0,1596171399.243063
CF_Clu_SportsModeSwi,0,1596171399.841481
CF_Clu_SportsModeSwi,0,1596171400.144149
CF_Clu_SportsModeSwi,0,1596171400.242464
CF_Clu_SportsModeSwi,0,1596171400.7420669
CF_Clu_SportsModeSwi,0,1596171400.840758
CF_Clu_SportsModeSwi,0,1596171400.9429498
CF_Clu_SportsModeSwi,0,1596171401.041696
CF_Clu_SportsModeSwi,0,1596171401.1395466
CF_Clu_SportsModeSwi,0,1596171401.442554
CF_Clu_SportsModeSwi,0,1596171401.643208
CF_Clu_SportsModeSwi,0,1596171401.741533
CF_Clu_SportsModeSwi,0,1596171401.843901
CF_Clu_SportsModeSwi,0,1596171401.9421618
CF_Clu_SportsModeSwi,0,1596171402.540354
CF_Clu_SportsModeSwi,0,1596171402.8396091
CF_Clu_SportsModeSwi,0,1596171403.0400321
CF_Clu_SportsModeSwi,0,1596171403.7366009
CF_Clu_SportsModeSwi,0,1596171405.0386848
CF_Clu_SportsModeSwi,0,1596171405.7395046
CF_Clu_SportsModeSwi,0,1596171406.333874
CF_Clu_SportsModeSwi,0,1596171406.5379682
CF_Clu_SportsModeSwi,0,1596171407.533047
CF_Clu_SportsModeSwi,0,1596171408.331748
CF_Clu_SportsModeSwi,0,1596171408.7331266
CF_Clu_SportsModeSwi,0,1596171409.229214
CF_Clu_SportsModeSwi,0,1596171409.531766
CF_Clu_SportsModeSwi,0,1596171410.1301749
CF_Clu_SportsModeSwi,0,1596171410.42935
CF_Clu_SportsModeSwi,0,1596171410.531049
CF_Clu_SportsModeSwi,0,1596171411.030893
CF_Clu_SportsModeSwi,0,1596171411.628891
CF_Clu_SportsModeSwi,0,1596171412.5299606
CF_Clu_SportsModeSwi,0,1596171413.42695
CF_Clu_SportsModeSwi,0,1596171413.7300081
CF_Clu_SportsModeSwi,0,1596171414.324301
CF_Clu_SportsModeSwi,0,1596171415.622719
CF_Clu_SportsModeSwi,0,1596171415.724492
CF_Clu_SportsModeSwi,0,1596171415.9216561
CF_Clu_SportsModeSwi,0,1596171416.0236218
CF_Clu_SportsModeSwi,0,1596171416.224341
CF_Clu_SportsModeSwi,0,1596171416.5197349
CF_Clu_SportsModeSwi,0,1596171416.720433
CF_Clu_SportsModeSwi,0,1596171416.822382
CF_Clu_SportsModeSwi,0,1596171417.2200286
CF_Clu_SportsModeSwi,0,1596171417.321992
CF_Clu_SportsModeSwi,0,1596171417.621116
CF_Clu_SportsModeSwi,0,1596171418.120773
CF_Clu_SportsModeSwi,0,1596171418.219611
CF_Clu_SportsModeSwi,0,1596171418.4197054
CF_Clu_SportsModeSwi,0,1596171419.120199
CF_Clu_SportsModeSwi,0,1596171420.2180429
CF_Clu_SportsModeSwi,0,1596171420.819992
CF_Clu_SportsModeSwi,0,1596171421.9183402
CF_Clu_SportsModeSwi,0,1596171422.11965
CF_Clu_SportsModeSwi,0,1596171422.913013
CF_Clu_SportsModeSwi,0,1596171423.1135118
CF_Clu_SportsModeSwi,0,1596171423.2122052
CF_Clu_SportsModeSwi,0,1596171423.412765
CF_Clu_SportsModeSwi,0,1596171423.813792
CF_Clu_SportsModeSwi,0,1596171423.912318
CF_Clu_SportsModeSwi,0,1596171424.0146296
CF_Clu_SportsModeSwi,0,1596171425.112256
CF_Clu_SportsModeSwi,0,1596171425.210581
CF_Clu_SportsModeSwi,0,1596171425.3129401
CF_Clu_SportsModeSwi,0,1596171425.4113028
CF_Clu_SportsModeSwi,0,1596171425.710266
CF_Clu_SportsModeSwi,0,1596171426.10795
CF_Clu_SportsModeSwi,0,1596171426.3123488
CF_Clu_SportsModeSwi,0,1596171426.4106052
CF_Clu_SportsModeSwi,0,1596171426.509414
CF_Clu_SportsModeSwi,0,1596171426.8084118
CF_Clu_SportsModeSwi,0,1596171427.1072252
CF_Clu_SportsModeSwi,0,1596171427.209235
CF_Clu_SportsModeSwi,0,1596171428.007898
CF_Clu_SportsModeSwi,0,1596171428.606325
CF_Clu_SportsModeSwi,0,1596171428.7083268
CF_Clu_SportsModeSwi,0,1596171429.1060882
CF_Clu_SportsModeSwi,0,1596171429.8060222
CF_Clu_SportsModeSwi,0,1596171430.0066679
CF_Clu_SportsModeSwi,0,1596171430.4040759
CF_Clu_SportsModeSwi,0,1596171430.904
CF_Clu_SportsModeSwi,0,1596171431.0029306
CF_Clu_SportsModeSwi,0,1596171431.1044712
CF_Clu_SportsModeSwi,0,1596171431.202743
CF_Clu_SportsModeSwi,0,1596171431.403413
CF_Clu_SportsModeSwi,0,1596171431.502149
CF_Clu_SportsModeSwi,0,1596171431.6007626
CF_Clu_SportsModeSwi,0,1596171432.5052216
CF_Clu_SportsModeSwi,0,1596171432.6035774
CF_Clu_SportsModeSwi,0,1596171432.70211
CF_Clu_SportsModeSwi,0,1596171433.0013711
CF_Clu_SportsModeSwi,0,1596171433.6030939
CF_Clu_SportsModeSwi,0,1596171433.902226
CF_Clu_SportsModeSwi,0,1596171434.2992482
CF_Clu_SportsModeSwi,0,1596171434.598259
CF_Clu_SportsModeSwi,0,1596171434.897482
CF_Clu_SportsModeSwi,0,1596171436.3967428
CF_Clu_SportsModeSwi,0,1596171436.597325
CF_Clu_SportsModeSwi,0,1596171437.1952
CF_Clu_SportsModeSwi,0,1596171437.9977288
CF_Clu_SportsModeSwi,0,1596171438.096107
CF_Clu_SportsModeSwi,0,1596171438.592028
CF_Clu_SportsModeSwi,0,1596171439.2922912
CF_Clu_SportsModeSwi,0,1596171439.689632
CF_Clu_SportsModeSwi,0,1596171439.893922
CF_Clu_SportsModeSwi,0,1596171440.1929722
CF_Clu_SportsModeSwi,0,1596171440.291348
CF_Clu_SportsModeSwi,0,1596171440.49205
CF_Clu_SportsModeSwi,0,1596171440.590785
CF_Clu_SportsModeSwi,0,1596171440.7913642
CF_Clu_SportsModeSwi,0,1596171440.8897831
CF_Clu_SportsModeSwi,0,1596171441.4913712
CF_Clu_SportsModeSwi,0,1596171441.589675
CF_Clu_SportsModeSwi,0,1596171442.08949
CF_Clu_SportsModeSwi,0,1596171442.19173
CF_Clu_SportsModeSwi,0,1596171442.3888779
CF_Clu_SportsModeSwi,0,1596171442.589013
CF_Clu_SportsModeSwi,0,1596171442.7903626
CF_Clu_SportsModeSwi,0,1596171442.888159
CF_Clu_SportsModeSwi,0,1596171442.9903636
CF_Clu_SportsModeSwi,0,1596171444.5878
CF_Clu_SportsModeSwi,0,1596171444.7885492
CF_Clu_SportsModeSwi,0,1596171444.886977
CF_Clu_SportsModeSwi,0,1596171445.1899214
CF_Clu_SportsModeSwi,0,1596171445.686301
CF_Clu_SportsModeSwi,0,1596171445.791908
CF_Clu_SportsModeSwi,0,1596171445.886646
CF_Clu_SportsModeSwi,0,1596171445.9884944
CF_Clu_SportsModeSwi,0,1596171446.087323
CF_Clu_SportsModeSwi,0,1596171446.587276
CF_Clu_SportsModeSwi,0,1596171446.783273
CF_Clu_SportsModeSwi,0,1596171447.381554
CF_Clu_SportsModeSwi,0,1596171447.7826118
CF_Clu_SportsModeSwi,0,1596171448.282279
CF_Clu_SportsModeSwi,0,1596171448.3806348
CF_Clu_SportsModeSwi,0,1596171448.6801429
CF_Clu_SportsModeSwi,0,1596171448.7818546
CF_Clu_SportsModeSwi,0,1596171449.183566
CF_Clu_SportsModeSwi,0,1596171449.580588
CF_Clu_SportsModeSwi,0,1596171449.679378
CF_Clu_SportsModeSwi,0,1596171450.080343
CF_Clu_SportsModeSwi,0,1596171450.1790788
CF_Clu_SportsModeSwi,0,1596171450.3793788
CF_Clu_SportsModeSwi,0,1596171450.678899
CF_Clu_SportsModeSwi,0,1596171450.977536
CF_Clu_SportsModeSwi,0,1596171452.1773481
CF_Clu_SportsModeSwi,0,1596171453.0746188
CF_Clu_SportsModeSwi,0,1596171453.177067
CF_Clu_SportsModeSwi,0,1596171453.479746
CF_Clu_SportsModeSwi,0,1596171453.6764958
CF_Clu_SportsModeSwi,0,1596171453.8771212
CF_Clu_SportsModeSwi,0,1596171453.979507
CF_Clu_SportsModeSwi,0,1596171454.07784
CF_Clu_SportsModeSwi,0,1596171454.974742
CF_Clu_SportsModeSwi,0,1596171455.2737849
CF_Clu_SportsModeSwi,0,1596171455.572839
CF_Clu_SportsModeSwi,0,1596171455.8720598
CF_Clu_SportsModeSwi,0,1596171455.970815
CF_Clu_SportsModeSwi,0,1596171456.171404
CF_Clu_SportsModeSwi,0,1596171456.473969
CF_Clu_SportsModeSwi,0,1596171456.572103
CF_Clu_SportsModeSwi,0,1596171456.8714561
CF_Clu_SportsModeSwi,0,1596171456.969878
CF_Clu_SportsModeSwi,0,1596171457.0721762
CF_Clu_SportsModeSwi,0,1596171457.1741462
CF_Clu_SportsModeSwi,0,1596171457.473166
CF_Clu_SportsModeSwi,0,1596171457.5715046
CF_Clu_SportsModeSwi,0,1596171457.7721338
CF_Clu_SportsModeSwi,0,1596171457.8706226
CF_Clu_SportsModeSwi,0,1596171458.268817
CF_Clu_SportsModeSwi,0,1596171458.370639
CF_Clu_SportsModeSwi,0,1596171458.4687052
CF_Clu_SportsModeSwi,0,1596171458.5682461
CF_Clu_SportsModeSwi,0,1596171458.7685068
CF_Clu_SportsModeSwi,0,1596171459.067231
CF_Clu_SportsModeSwi,0,1596171459.3694851
CF_Clu_SportsModeSwi,0,1596171459.566335
CF_Clu_SportsModeSwi,0,1596171459.668574
CF_Clu_SportsModeSwi,0,1596171460.16847
CF_Clu_SportsModeSwi,0,1596171460.467561
CF_Clu_SportsModeSwi,0,1596171461.163918
CF_Clu_SportsModeSwi,0,1596171462.167381
CF_Clu_SportsModeSwi,0,1596171462.9665241
CF_Clu_SportsModeSwi,0,1596171463.461775
CF_Clu_SportsModeSwi,0,1596171463.7608528
CF_Clu_SportsModeSwi,0,1596171464.063298
CF_Clu_SportsModeSwi,0,1596171464.3623981
CF_Clu_SportsModeSwi,0,1596171464.7601225
CF_Clu_SportsModeSwi,0,1596171465.3617976
CF_Clu_SportsModeSwi,0,1596171465.6607811
CF_Clu_SportsModeSwi,0,1596171465.7594118
CF_Clu_SportsModeSwi,0,1596171465.8575802
CF_Clu_SportsModeSwi,0,1596171466.058552
CF_Clu_SportsModeSwi,0,1596171466.361123
CF_Clu_SportsModeSwi,0,1596171466.558018
CF_Clu_SportsModeSwi,0,1596171466.9591198
CF_Clu_SportsModeSwi,0,1596171468.458101
CF_Clu_SportsModeSwi,0,1596171468.753566
CF_Clu_SportsModeSwi,0,1596171468.856152
CF_Clu_SportsModeSwi,0,1596171468.957899
CF_Clu_SportsModeSwi,0,1596171470.0596302
CF_Clu_SportsModeSwi,0,1596171470.4573278
CF_Clu_SportsModeSwi,0,1596171470.751966
CF_Clu_SportsModeSwi,0,1596171471.353904
CF_Clu_SportsModeSwi,0,1596171471.6529634
CF_Clu_SportsModeSwi,0,1596171471.951908
CF_Clu_SportsModeSwi,0,1596171472.251225
CF_Clu_SportsModeSwi,0,1596171472.451838
CF_Clu_SportsModeSwi,0,1596171472.5538812
CF_Clu_SportsModeSwi,0,1596171472.853038
CF_Clu_SportsModeSwi,0,1596171472.951516
CF_Clu_SportsModeSwi,0,1596171473.14819
CF_Clu_SportsModeSwi,0,1596171473.250702
CF_Clu_SportsModeSwi,0,1596171474.0496044
CF_Clu_SportsModeSwi,0,1596171474.147795
CF_Clu_SportsModeSwi,0,1596171474.2498162
CF_Clu_SportsModeSwi,0,1596171474.548816
CF_Clu_SportsModeSwi,0,1596171474.851752
CF_Clu_SportsModeSwi,0,1596171475.1470652
CF_Clu_SportsModeSwi,0,1596171477.34641
CF_Clu_SportsModeSwi,0,1596171478.247188
CF_Clu_SportsModeSwi,0,1596171478.742817
CF_Clu_SportsModeSwi,0,1596171478.943424
CF_Clu_SportsModeSwi,0,1596171479.643708
CF_Clu_SportsModeSwi,0,1596171479.742124
CF_Clu_SportsModeSwi,0,1596171479.844502
CF_Clu_SportsModeSwi,0,1596171479.942791
CF_Clu_SportsModeSwi,0,1596171480.0411036
CF_Clu_SportsModeSwi,0,1596171480.340676
CF_Clu_SportsModeSwi,0,1596171480.5412939
CF_Clu_SportsModeSwi,0,1596171480.6393108
CF_Clu_SportsModeSwi,0,1596171480.840255
CF_Clu_SportsModeSwi,0,1596171481.0408142
CF_Clu_SportsModeSwi,0,1596171481.241237
CF_Clu_SportsModeSwi,0,1596171481.343494
CF_Clu_SportsModeSwi,0,1596171481.8401222
CF_Clu_SportsModeSwi,0,1596171481.941453
CF_Clu_SportsModeSwi,0,1596171482.04003
CF_Clu_SportsModeSwi,0,1596171482.142268
CF_Clu_SportsModeSwi,0,1596171482.2406578
CF_Clu_SportsModeSwi,0,1596171482.3388438
CF_Clu_SportsModeSwi,0,1596171482.6379874
CF_Clu_SportsModeSwi,0,1596171482.9372199
CF_Clu_SportsModeSwi,0,1596171483.637342
CF_Clu_SportsModeSwi,0,1596171484.440047
CF_Clu_SportsModeSwi,0,1596171485.7382991
CF_Clu_SportsModeSwi,0,1596171485.836823
CF_Clu_SportsModeSwi,0,1596171486.038033
CF_Clu_SportsModeSwi,0,1596171486.336434
CF_Clu_SportsModeSwi,0,1596171486.63174
CF_Clu_SportsModeSwi,0,1596171487.430352
CF_Clu_SportsModeSwi,0,1596171487.5325818
CF_Clu_SportsModeSwi,0,1596171487.63112
CF_Clu_SportsModeSwi,0,1596171487.831739
CF_Clu_SportsModeSwi,0,1596171488.032131
CF_Clu_SportsModeSwi,0,1596171488.1307788
CF_Clu_SportsModeSwi,0,1596171488.23277
CF_Clu_SportsModeSwi,0,1596171489.0314374
CF_Clu_SportsModeSwi,0,1596171489.1340392
CF_Clu_SportsModeSwi,0,1596171489.531106
CF_Clu_SportsModeSwi,0,1596171489.8301349
CF_Clu_SportsModeSwi,0,1596171490.231443
CF_Clu_SportsModeSwi,0,1596171490.432134
CF_Clu_SportsModeSwi,0,1596171490.530522
CF_Clu_SportsModeSwi,0,1596171490.7311509
CF_Clu_SportsModeSwi,0,1596171491.329098
CF_Clu_SportsModeSwi,0,1596171491.825148
CF_Clu_SportsModeSwi,0,1596171492.426896
CF_Clu_SportsModeSwi,0,1596171492.628077
CF_Clu_SportsModeSwi,0,1596171493.025301
CF_Clu_SportsModeSwi,0,1596171494.1270711
CF_Clu_SportsModeSwi,0,1596171494.225436
CF_Clu_SportsModeSwi,0,1596171494.4255881
CF_Clu_SportsModeSwi,0,1596171495.4212658
CF_Clu_SportsModeSwi,0,1596171495.621658
CF_Clu_SportsModeSwi,0,1596171496.02305
CF_Clu_SportsModeSwi,0,1596171496.321898
CF_Clu_SportsModeSwi,0,1596171496.420334
CF_Clu_SportsModeSwi,0,1596171496.723268
CF_Clu_SportsModeSwi,0,1596171497.3213
CF_Clu_SportsModeSwi,0,1596171497.5220811
CF_Clu_SportsModeSwi,0,1596171497.620786
CF_Clu_SportsModeSwi,0,1596171498.0217528
CF_Clu_SportsModeSwi,0,1596171498.218312
CF_Clu_SportsModeSwi,0,1596171499.0178866
CF_Clu_SportsModeSwi,0,1596171499.116147
CF_Clu_SportsModeSwi,0,1596171499.3171759
CF_Clu_SportsModeSwi,0,1596171501.0198019
CF_Clu_SportsModeSwi,0,1596171501.617964
CF_Clu_SportsModeSwi,0,1596171502.9123268
CF_Clu_SportsModeSwi,0,1596171503.71122
CF_Clu_SportsModeSwi,0,1596171503.8131268
CF_Clu_SportsModeSwi,0,1596171504.3092039
CF_Clu_SportsModeSwi,0,1596171504.714241
CF_Clu_SportsModeSwi,0,1596171504.8125901
CF_Clu_SportsModeSwi,0,1596171504.911021
CF_Clu_SportsModeSwi,0,1596171505.209795
CF_Clu_SportsModeSwi,0,1596171505.410698
CF_Clu_SportsModeSwi,0,1596171505.6113422
CF_Clu_SportsModeSwi,0,1596171505.7096
CF_Clu_SportsModeSwi,0,1596171506.107407
CF_Clu_SportsModeSwi,0,1596171506.2097778
CF_Clu_SportsModeSwi,0,1596171506.307991
CF_Clu_SportsModeSwi,0,1596171506.7089012
CF_Clu_SportsModeSwi,0,1596171507.008375
CF_Clu_SportsModeSwi,0,1596171507.405797
CF_Clu_SportsModeSwi,0,1596171507.507678
CF_Clu_SportsModeSwi,0,1596171508.208004
CF_Clu_SportsModeSwi,0,1596171508.908324
CF_Clu_SportsModeSwi,0,1596171509.6052556
CF_Clu_SportsModeSwi,0,1596171510.305016
CF_Clu_SportsModeSwi,0,1596171511.001866
CF_Clu_SportsModeSwi,0,1596171511.3012886
CF_Clu_SportsModeSwi,0,1596171511.501354
CF_Clu_SportsModeSwi,0,1596171511.603432
CF_Clu_SportsModeSwi,0,1596171511.804093
CF_Clu_SportsModeSwi,0,1596171511.90243
CF_Clu_SportsModeSwi,0,1596171512.201418
CF_Clu_SportsModeSwi,0,1596171512.701393
CF_Clu_SportsModeSwi,0,1596171512.8004632
CF_Clu_SportsModeSwi,0,1596171513.000405
CF_Clu_SportsModeSwi,0,1596171513.2008529
CF_Clu_SportsModeSwi,0,1596171513.500818
CF_Clu_SportsModeSwi,0,1596171513.7006762
CF_Clu_SportsModeSwi,0,1596171514.0984411
CF_Clu_SportsModeSwi,0,1596171514.200458
CF_Clu_SportsModeSwi,0,1596171514.400852
CF_Clu_SportsModeSwi,0,1596171514.499294
CF_Clu_SportsModeSwi,0,1596171514.896759
CF_Clu_SportsModeSwi,0,1596171515.301906
CF_Clu_SportsModeSwi,0,1596171516.600602
CF_Clu_SportsModeSwi,0,1596171518.4970071
CF_Clu_SportsModeSwi,0,1596171519.2917259
CF_Clu_SportsModeSwi,0,1596171519.692661
CF_Clu_SportsModeSwi,0,1596171519.9918091
CF_Clu_SportsModeSwi,0,1596171520.589555
CF_Clu_SportsModeSwi,0,1596171520.692024
CF_Clu_SportsModeSwi,0,1596171520.790418
CF_Clu_SportsModeSwi,0,1596171520.8888881
CF_Clu_SportsModeSwi,0,1596171520.990915
CF_Clu_SportsModeSwi,0,1596171521.5894198
CF_Clu_SportsModeSwi,0,1596171521.691329
CF_Clu_SportsModeSwi,0,1596171521.789718
CF_Clu_SportsModeSwi,0,1596171521.892027
CF_Clu_SportsModeSwi,0,1596171521.990365
CF_Clu_SportsModeSwi,0,1596171522.1874099
CF_Clu_SportsModeSwi,0,1596171523.088467
CF_Clu_SportsModeSwi,0,1596171523.2886775
CF_Clu_SportsModeSwi,0,1596171523.4894109
CF_Clu_SportsModeSwi,0,1596171523.587703
CF_Clu_SportsModeSwi,0,1596171524.587264
CF_Clu_SportsModeSwi,0,1596171524.689427
CF_Clu_SportsModeSwi,0,1596171525.484516
CF_Clu_SportsModeSwi,0,1596171526.184457
CF_Clu_SportsModeSwi,0,1596171526.5860422
CF_Clu_SportsModeSwi,0,1596171526.684257
CF_Clu_SportsModeSwi,0,1596171527.18417
CF_Clu_SportsModeSwi,0,1596171527.683748
CF_Clu_SportsModeSwi,0,1596171527.782012
CF_Clu_SportsModeSwi,0,1596171528.080828
CF_Clu_SportsModeSwi,0,1596171529.080193
CF_Clu_SportsModeSwi,0,1596171529.178826
CF_Clu_SportsModeSwi,0,1596171529.2814348
CF_Clu_SportsModeSwi,0,1596171529.379544
CF_Clu_SportsModeSwi,0,1596171529.478077
CF_Clu_SportsModeSwi,0,1596171529.9812732
CF_Clu_SportsModeSwi,0,1596171530.079562
CF_Clu_SportsModeSwi,0,1596171530.177933
CF_Clu_SportsModeSwi,0,1596171530.2803688
CF_Clu_SportsModeSwi,0,1596171530.378623
CF_Clu_SportsModeSwi,0,1596171530.579253
CF_Clu_SportsModeSwi,0,1596171530.6781769
CF_Clu_SportsModeSwi,0,1596171531.4803
CF_Clu_SportsModeSwi,0,1596171532.275397
CF_Clu_SportsModeSwi,0,1596171532.578006
CF_Clu_SportsModeSwi,0,1596171532.778686
CF_Clu_SportsModeSwi,0,1596171534.577287
CF_Clu_SportsModeSwi,0,1596171535.3754349
CF_Clu_SportsModeSwi,0,1596171535.970024
CF_Clu_SportsModeSwi,0,1596171536.170484
CF_Clu_SportsModeSwi,0,1596171536.272361
CF_Clu_SportsModeSwi,0,1596171536.4730911
CF_Clu_SportsModeSwi,0,1596171536.7721221
CF_Clu_SportsModeSwi,0,1596171537.1698306
CF_Clu_SportsModeSwi,0,1596171537.271919
CF_Clu_SportsModeSwi,0,1596171537.669184
CF_Clu_SportsModeSwi,0,1596171537.771465
CF_Clu_SportsModeSwi,0,1596171538.070406
CF_Clu_SportsModeSwi,0,1596171538.4678562
CF_Clu_SportsModeSwi,0,1596171538.668492
CF_Clu_SportsModeSwi,0,1596171538.767384
CF_Clu_SportsModeSwi,0,1596171538.9715798
CF_Clu_SportsModeSwi,0,1596171539.9672039
CF_Clu_SportsModeSwi,0,1596171540.065744
CF_Clu_SportsModeSwi,0,1596171540.4674911
CF_Clu_SportsModeSwi,0,1596171540.667276
CF_Clu_SportsModeSwi,0,1596171540.966481
CF_Clu_SportsModeSwi,0,1596171542.2645812
CF_Clu_SportsModeSwi,0,1596171542.367214
CF_Clu_SportsModeSwi,0,1596171543.5629818
CF_Clu_SportsModeSwi,0,1596171543.862041
CF_Clu_SportsModeSwi,0,1596171544.1611562
CF_Clu_SportsModeSwi,0,1596171544.459915
CF_Clu_SportsModeSwi,0,1596171544.6611009
CF_Clu_SportsModeSwi,0,1596171545.058044
CF_Clu_SportsModeSwi,0,1596171545.1603358
CF_Clu_SportsModeSwi,0,1596171546.6596658
CF_Clu_SportsModeSwi,0,1596171546.7577212
CF_Clu_SportsModeSwi,0,1596171546.856353
CF_Clu_SportsModeSwi,0,1596171547.45796
CF_Clu_SportsModeSwi,0,1596171547.6587539
CF_Clu_SportsModeSwi,0,1596171548.756514
CF_Clu_SportsModeSwi,0,1596171549.453105
CF_Clu_SportsModeSwi,0,1596171551.451626
CF_Clu_SportsModeSwi,0,1596171551.750952
CF_Clu_SportsModeSwi,0,1596171552.352776
CF_Clu_SportsModeSwi,0,1596171552.5502489
CF_Clu_SportsModeSwi,0,1596171552.651512
CF_Clu_SportsModeSwi,0,1596171553.0498052
CF_Clu_SportsModeSwi,0,1596171553.6509109
CF_Clu_SportsModeSwi,0,1596171553.7494998
CF_Clu_SportsModeSwi,0,1596171553.950235
CF_Clu_SportsModeSwi,0,1596171554.048287
CF_Clu_SportsModeSwi,0,1596171554.147003
CF_Clu_SportsModeSwi,0,1596171554.449903
CF_Clu_SportsModeSwi,0,1596171554.84741
CF_Clu_SportsModeSwi,0,1596171555.047714
CF_Clu_SportsModeSwi,0,1596171555.248606
CF_Clu_SportsModeSwi,0,1596171555.945089
CF_Clu_SportsModeSwi,0,1596171556.448587
CF_Clu_SportsModeSwi,0,1596171556.5466518
CF_Clu_SportsModeSwi,0,1596171557.2434402
CF_Clu_SportsModeSwi,0,1596171557.6443882
CF_Clu_SportsModeSwi,0,1596171558.242708
CF_Clu_SportsModeSwi,0,1596171558.545402
CF_Clu_SportsModeSwi,0,1596171559.340416
CF_Clu_SportsModeSwi,0,1596171559.5407932
CF_Clu_SportsModeSwi,0,1596171559.74145
CF_Clu_SportsModeSwi,0,1596171559.942074
CF_Clu_SportsModeSwi,0,1596171560.040407
CF_Clu_SportsModeSwi,0,1596171560.241133
CF_Clu_SportsModeSwi,0,1596171560.44176
CF_Clu_SportsModeSwi,0,1596171560.6423838
CF_Clu_SportsModeSwi,0,1596171561.142158
CF_Clu_SportsModeSwi,0,1596171561.240423
CF_Clu_SportsModeSwi,0,1596171561.539459
CF_Clu_SportsModeSwi,0,1596171561.7402241
CF_Clu_SportsModeSwi,0,1596171562.2398534
CF_Clu_SportsModeSwi,0,1596171562.538731
CF_Clu_SportsModeSwi,0,1596171562.8380198
CF_Clu_SportsModeSwi,0,1596171562.9365454
CF_Clu_SportsModeSwi,0,1596171563.0386162
CF_Clu_SportsModeSwi,0,1596171563.1407769
CF_Clu_SportsModeSwi,0,1596171563.436169
CF_Clu_SportsModeSwi,0,1596171564.6362882
CF_Clu_SportsModeSwi,0,1596171565.3366652
CF_Clu_SportsModeSwi,0,1596171566.53662
CF_Clu_SportsModeSwi,0,1596171567.131254
CF_Clu_SportsModeSwi,0,1596171567.433408
CF_Clu_SportsModeSwi,0,1596171567.732484
CF_Clu_SportsModeSwi,0,1596171568.0313642
CF_Clu_SportsModeSwi,0,1596171568.129994
CF_Clu_SportsModeSwi,0,1596171568.232125
CF_Clu_SportsModeSwi,0,1596171568.4329321
CF_Clu_SportsModeSwi,0,1596171569.330036
CF_Clu_SportsModeSwi,0,1596171569.530338
CF_Clu_SportsModeSwi,0,1596171570.0301359
CF_Clu_SportsModeSwi,0,1596171570.427351
CF_Clu_SportsModeSwi,0,1596171570.628348
CF_Clu_SportsModeSwi,0,1596171570.927435
CF_Clu_SportsModeSwi,0,1596171571.0293632
CF_Clu_SportsModeSwi,0,1596171571.427158
CF_Clu_SportsModeSwi,0,1596171571.525553
CF_Clu_SportsModeSwi,0,1596171572.3277912
CF_Clu_SportsModeSwi,0,1596171572.925809
CF_Clu_SportsModeSwi,0,1596171573.224764
CF_Clu_SportsModeSwi,0,1596171573.8231962
CF_Clu_SportsModeSwi,0,1596171575.12115
CF_Clu_SportsModeSwi,0,1596171576.022073
CF_Clu_SportsModeSwi,0,1596171576.3214011
CF_Clu_SportsModeSwi,0,1596171576.620717
CF_Clu_SportsModeSwi,0,1596171576.9196599
CF_Clu_SportsModeSwi,0,1596171577.0215259
CF_Clu_SportsModeSwi,0,1596171577.222223
CF_Clu_SportsModeSwi,0,1596171577.3206599
CF_Clu_SportsModeSwi,0,1596171577.619856
CF_Clu_SportsModeSwi,0,1596171578.0178502
CF_Clu_SportsModeSwi,0,1596171578.1193511
CF_Clu_SportsModeSwi,0,1596171578.320042
CF_Clu_SportsModeSwi,0,1596171578.520578
CF_Clu_SportsModeSwi,0,1596171579.217365
CF_Clu_SportsModeSwi,0,1596171580.716362
CF_Clu_SportsModeSwi,0,1596171582.919509
CF_Clu_SportsModeSwi,0,1596171583.509855
CF_Clu_SportsModeSwi,0,1596171584.512809
CF_Clu_SportsModeSwi,0,1596171584.7095141
CF_Clu_SportsModeSwi,0,1596171584.910176
CF_Clu_SportsModeSwi,0,1596171585.5085206
CF_Clu_SportsModeSwi,0,1596171585.811098
CF_Clu_SportsModeSwi,0,1596171586.106499
CF_Clu_SportsModeSwi,0,1596171586.208458
CF_Clu_SportsModeSwi,0,1596171586.3074
CF_Clu_SportsModeSwi,0,1596171586.409338
CF_Clu_SportsModeSwi,0,1596171586.908801
CF_Clu_SportsModeSwi,0,1596171587.007209
CF_Clu_SportsModeSwi,0,1596171587.2079241
CF_Clu_SportsModeSwi,0,1596171587.6056068
CF_Clu_SportsModeSwi,0,1596171587.8058698
CF_Clu_SportsModeSwi,0,1596171588.90767
CF_Clu_SportsModeSwi,0,1596171589.0058408
CF_Clu_SportsModeSwi,0,1596171589.202913
CF_Clu_SportsModeSwi,0,1596171591.0045812
CF_Clu_SportsModeSwi,0,1596171591.205426
CF_Clu_SportsModeSwi,0,1596171591.70108
CF_Clu_SportsModeSwi,0,1596171592.401602
CF_Clu_SportsModeSwi,0,1596171592.5002651
CF_Clu_SportsModeSwi,0,1596171592.999609
CF_Clu_SportsModeSwi,0,1596171593.3023882
CF_Clu_SportsModeSwi,0,1596171593.4006534
CF_Clu_SportsModeSwi,0,1596171593.598088
CF_Clu_SportsModeSwi,0,1596171593.802197
CF_Clu_SportsModeSwi,0,1596171593.9004052
CF_Clu_SportsModeSwi,0,1596171593.998985
CF_Clu_SportsModeSwi,0,1596171594.199667
CF_Clu_SportsModeSwi,0,1596171594.298759
CF_Clu_SportsModeSwi,0,1596171594.6008034
CF_Clu_SportsModeSwi,0,1596171594.6992538
CF_Clu_SportsModeSwi,0,1596171594.79756
CF_Clu_SportsModeSwi,0,1596171595.297266
CF_Clu_SportsModeSwi,0,1596171596.6979609
CF_Clu_SportsModeSwi,0,1596171596.894708
CF_Clu_SportsModeSwi,0,1596171597.398397
CF_Clu_SportsModeSwi,0,1596171597.9961689
CF_Clu_SportsModeSwi,0,1596171598.594184
CF_Clu_SportsModeSwi,0,1596171599.1925278
CF_Clu_SportsModeSwi,0,1596171599.392947
CF_Clu_SportsModeSwi,0,1596171599.7905972
CF_Clu_SportsModeSwi,0,1596171600.089571
CF_Clu_SportsModeSwi,0,1596171600.49058
CF_Clu_SportsModeSwi,0,1596171600.789645
CF_Clu_SportsModeSwi,0,1596171601.588744
CF_Clu_SportsModeSwi,0,1596171601.6906462
CF_Clu_SportsModeSwi,0,1596171601.887508
CF_Clu_SportsModeSwi,0,1596171601.9896789
CF_Clu_SportsModeSwi,0,1596171602.387352
CF_Clu_SportsModeSwi,0,1596171602.587592
CF_Clu_SportsModeSwi,0,1596171602.886915
CF_Clu_SportsModeSwi,0,1596171603.087265
CF_Clu_SportsModeSwi,0,1596171603.189684
CF_Clu_SportsModeSwi,0,1596171603.4852
CF_Clu_SportsModeSwi,0,1596171603.787574
CF_Clu_SportsModeSwi,0,1596171603.9883869
CF_Clu_SportsModeSwi,0,1596171604.5863721
CF_Clu_SportsModeSwi,0,1596171604.7870061
CF_Clu_SportsModeSwi,0,1596171604.885442
CF_Clu_SportsModeSwi,0,1596171606.1839
CF_Clu_SportsModeSwi,0,1596171606.282717
CF_Clu_SportsModeSwi,0,1596171607.982004
CF_Clu_SportsModeSwi,0,1596171608.081132
CF_Clu_SportsModeSwi,0,1596171608.1824589
CF_Clu_SportsModeSwi,0,1596171608.4816449
CF_Clu_SportsModeSwi,0,1596171608.879191
CF_Clu_SportsModeSwi,0,1596171608.9813519
CF_Clu_SportsModeSwi,0,1596171609.080152
CF_Clu_SportsModeSwi,0,1596171609.181994
CF_Clu_SportsModeSwi,0,1596171609.47708
CF_Clu_SportsModeSwi,0,1596171609.7799091
CF_Clu_SportsModeSwi,0,1596171609.878103
CF_Clu_SportsModeSwi,0,1596171610.0788634
CF_Clu_SportsModeSwi,0,1596171610.3778632
CF_Clu_SportsModeSwi,0,1596171610.582607
CF_Clu_SportsModeSwi,0,1596171610.6772008
CF_Clu_SportsModeSwi,0,1596171611.279053
CF_Clu_SportsModeSwi,0,1596171611.4760401
CF_Clu_SportsModeSwi,0,1596171612.175937
CF_Clu_SportsModeSwi,0,1596171612.3766382
CF_Clu_SportsModeSwi,0,1596171612.675659
CF_Clu_SportsModeSwi,0,1596171613.4742231
CF_Clu_SportsModeSwi,0,1596171614.3753538
CF_Clu_SportsModeSwi,0,1596171614.67439
CF_Clu_SportsModeSwi,0,1596171615.174314
CF_Clu_SportsModeSwi,0,1596171616.27164
CF_Clu_SportsModeSwi,0,1596171616.472419
CF_Clu_SportsModeSwi,0,1596171616.669188
CF_Clu_SportsModeSwi,0,1596171616.972036
CF_Clu_SportsModeSwi,0,1596171617.1689339
CF_Clu_SportsModeSwi,0,1596171617.3693054
CF_Clu_SportsModeSwi,0,1596171617.570164
CF_Clu_SportsModeSwi,0,1596171617.668389
CF_Clu_SportsModeSwi,0,1596171617.8694189
CF_Clu_SportsModeSwi,0,1596171617.9678712
CF_Clu_SportsModeSwi,0,1596171618.270405
CF_Clu_SportsModeSwi,0,1596171618.5659046
CF_Clu_SportsModeSwi,0,1596171618.667855
CF_Clu_SportsModeSwi,0,1596171618.770127
CF_Clu_SportsModeSwi,0,1596171618.9670331
CF_Clu_SportsModeSwi,0,1596171619.266222
CF_Clu_SportsModeSwi,0,1596171619.568823
CF_Clu_SportsModeSwi,0,1596171620.46627
CF_Clu_SportsModeSwi,0,1596171620.565551
CF_Clu_SportsModeSwi,0,1596171620.6669722
CF_Clu_SportsModeSwi,0,1596171620.768759
CF_Clu_SportsModeSwi,0,1596171621.46613
CF_Clu_SportsModeSwi,0,1596171621.862598
CF_Clu_SportsModeSwi,0,1596171623.0630221
CF_Clu_SportsModeSwi,0,1596171625.061261
CF_Clu_SportsModeSwi,0,1596171625.159708
CF_Clu_SportsModeSwi,0,1596171625.3603258
CF_Clu_SportsModeSwi,0,1596171625.859846
CF_Clu_SportsModeSwi,0,1596171626.056954
CF_Clu_SportsModeSwi,0,1596171626.159056
CF_Clu_SportsModeSwi,0,1596171626.257625
CF_Clu_SportsModeSwi,0,1596171626.556676
CF_Clu_SportsModeSwi,0,1596171626.658638
CF_Clu_SportsModeSwi,0,1596171626.757062
CF_Clu_SportsModeSwi,0,1596171627.056494
CF_Clu_SportsModeSwi,0,1596171627.957025
CF_Clu_SportsModeSwi,0,1596171628.555509
CF_Clu_SportsModeSwi,0,1596171628.657467
CF_Clu_SportsModeSwi,0,1596171628.7557044
CF_Clu_SportsModeSwi,0,1596171628.9564161
CF_Clu_SportsModeSwi,0,1596171630.254698
CF_Clu_SportsModeSwi,0,1596171632.851579
CF_Clu_SportsModeSwi,0,1596171633.1504908
CF_Clu_SportsModeSwi,0,1596171633.2492821
CF_Clu_SportsModeSwi,0,1596171633.548958
CF_Clu_SportsModeSwi,0,1596171633.650142
CF_Clu_SportsModeSwi,0,1596171634.54827
CF_Clu_SportsModeSwi,0,1596171634.8467991
CF_Clu_SportsModeSwi,0,1596171635.349976
CF_Clu_SportsModeSwi,0,1596171635.448561
CF_Clu_SportsModeSwi,0,1596171635.546926
CF_Clu_SportsModeSwi,0,1596171635.8456302
CF_Clu_SportsModeSwi,0,1596171636.247149
CF_Clu_SportsModeSwi,0,1596171637.0456152
CF_Clu_SportsModeSwi,0,1596171637.742932
CF_Clu_SportsModeSwi,0,1596171638.041291
CF_Clu_SportsModeSwi,0,1596171640.7400641
CF_Clu_SportsModeSwi,0,1596171641.0391092
CF_Clu_SportsModeSwi,0,1596171642.239115
CF_Clu_SportsModeSwi,0,1596171642.3379948
CF_Clu_SportsModeSwi,0,1596171642.640468
CF_Clu_SportsModeSwi,0,1596171642.939448
CF_Clu_SportsModeSwi,0,1596171643.1366248
CF_Clu_SportsModeSwi,0,1596171643.238462
CF_Clu_SportsModeSwi,0,1596171643.435446
CF_Clu_SportsModeSwi,0,1596171643.5374222
CF_Clu_SportsModeSwi,0,1596171644.033519
CF_Clu_SportsModeSwi,0,1596171644.4348369
CF_Clu_SportsModeSwi,0,1596171644.635066
CF_Clu_SportsModeSwi,0,1596171645.135157
CF_Clu_SportsModeSwi,0,1596171645.335485
CF_Clu_SportsModeSwi,0,1596171645.634629
CF_Clu_SportsModeSwi,0,1596171646.5355198
CF_Clu_SportsModeSwi,0,1596171648.129468
CF_Clu_SportsModeSwi,0,1596171648.431912
CF_Clu_SportsModeSwi,0,1596171648.629144
CF_Clu_SportsModeSwi,0,1596171648.731255
CF_Clu_SportsModeSwi,0,1596171648.931914
CF_Clu_SportsModeSwi,0,1596171649.329039
CF_Clu_SportsModeSwi,0,1596171649.529954
CF_Clu_SportsModeSwi,0,1596171649.6319962
CF_Clu_SportsModeSwi,0,1596171649.8291142
CF_Clu_SportsModeSwi,0,1596171649.927233
CF_Clu_SportsModeSwi,0,1596171650.128054
CF_Clu_SportsModeSwi,0,1596171650.226269
CF_Clu_SportsModeSwi,0,1596171650.430885
CF_Clu_SportsModeSwi,0,1596171650.528962
CF_Clu_SportsModeSwi,0,1596171650.725939
CF_Clu_SportsModeSwi,0,1596171650.828118
CF_Clu_SportsModeSwi,0,1596171651.029074
CF_Clu_SportsModeSwi,0,1596171651.127317
CF_Clu_SportsModeSwi,0,1596171651.524634
CF_Clu_SportsModeSwi,0,1596171651.62694
CF_Clu_SportsModeSwi,0,1596171652.527673
CF_Clu_SportsModeSwi,0,1596171654.522846
CF_Clu_SportsModeSwi,0,1596171655.2233222
CF_Clu_SportsModeSwi,0,1596171655.321623
CF_Clu_SportsModeSwi,0,1596171655.4236548
CF_Clu_SportsModeSwi,0,1596171655.824955
CF_Clu_SportsModeSwi,0,1596171656.218487
CF_Clu_SportsModeSwi,0,1596171656.718304
CF_Clu_SportsModeSwi,0,1596171656.9184818
CF_Clu_SportsModeSwi,0,1596171657.3197892
CF_Clu_SportsModeSwi,0,1596171657.418259
CF_Clu_SportsModeSwi,0,1596171657.618878
CF_Clu_SportsModeSwi,0,1596171658.217525
CF_Clu_SportsModeSwi,0,1596171658.319222
CF_Clu_SportsModeSwi,0,1596171658.516356
CF_Clu_SportsModeSwi,0,1596171659.0165162
CF_Clu_SportsModeSwi,0,1596171659.617658
CF_Clu_SportsModeSwi,0,1596171660.518635
CF_Clu_SportsModeSwi,0,1596171660.716083
CF_Clu_SportsModeSwi,0,1596171661.6128068
CF_Clu_SportsModeSwi,0,1596171663.8079581
CF_Clu_SportsModeSwi,0,1596171664.012404
CF_Clu_SportsModeSwi,0,1596171664.5119882
CF_Clu_SportsModeSwi,0,1596171665.208892
CF_Clu_SportsModeSwi,0,1596171665.40951
CF_Clu_SportsModeSwi,0,1596171665.7087278
CF_Clu_SportsModeSwi,0,1596171665.81036
CF_Clu_SportsModeSwi,0,1596171666.109516
CF_Clu_SportsModeSwi,0,1596171666.310163
CF_Clu_SportsModeSwi,0,1596171666.507262
CF_Clu_SportsModeSwi,0,1596171666.707839
CF_Clu_SportsModeSwi,0,1596171666.8062391
CF_Clu_SportsModeSwi,0,1596171667.1088212
CF_Clu_SportsModeSwi,0,1596171667.407758
CF_Clu_SportsModeSwi,0,1596171667.5068002
CF_Clu_SportsModeSwi,0,1596171668.4071631
CF_Clu_SportsModeSwi,0,1596171668.607902
CF_Clu_SportsModeSwi,0,1596171668.906922
CF_Clu_SportsModeSwi,0,1596171669.701932
CF_Clu_SportsModeSwi,0,1596171670.901918
CF_Clu_SportsModeSwi,0,1596171671.4012194
CF_Clu_SportsModeSwi,0,1596171671.503586
CF_Clu_SportsModeSwi,0,1596171671.602284
CF_Clu_SportsModeSwi,0,1596171672.2987342
CF_Clu_SportsModeSwi,0,1596171672.4007082
CF_Clu_SportsModeSwi,0,1596171672.6996539
CF_Clu_SportsModeSwi,0,1596171672.900363
CF_Clu_SportsModeSwi,0,1596171673.0979779
CF_Clu_SportsModeSwi,0,1596171673.2988002
CF_Clu_SportsModeSwi,0,1596171673.4000242
CF_Clu_SportsModeSwi,0,1596171673.9985561
CF_Clu_SportsModeSwi,0,1596171674.297334
CF_Clu_SportsModeSwi,0,1596171674.5964868
CF_Clu_SportsModeSwi,0,1596171674.797745
CF_Clu_SportsModeSwi,0,1596171674.997656
CF_Clu_SportsModeSwi,0,1596171675.096265
CF_Clu_SportsModeSwi,0,1596171675.2970018
CF_Clu_SportsModeSwi,0,1596171675.395188
CF_Clu_SportsModeSwi,0,1596171676.295879
CF_Clu_SportsModeSwi,0,1596171676.398297
CF_Clu_SportsModeSwi,0,1596171676.594739
CF_Clu_SportsModeSwi,0,1596171677.594114
CF_Clu_SportsModeSwi,0,1596171677.69245
CF_Clu_SportsModeSwi,0,1596171677.995407
CF_Clu_SportsModeSwi,0,1596171678.892503
CF_Clu_SportsModeSwi,0,1596171680.588212
CF_Clu_SportsModeSwi,0,1596171680.690475
CF_Clu_SportsModeSwi,0,1596171681.190263
CF_Clu_SportsModeSwi,0,1596171681.489333
CF_Clu_SportsModeSwi,0,1596171681.587519
CF_Clu_SportsModeSwi,0,1596171681.788287
CF_Clu_SportsModeSwi,0,1596171681.8905668
CF_Clu_SportsModeSwi,0,1596171682.386708
CF_Clu_SportsModeSwi,0,1596171682.7879539
CF_Clu_SportsModeSwi,0,1596171683.4842749
CF_Clu_SportsModeSwi,0,1596171683.78686
CF_Clu_SportsModeSwi,0,1596171684.1846454
CF_Clu_SportsModeSwi,0,1596171684.487248
CF_Clu_SportsModeSwi,0,1596171684.6843948
CF_Clu_SportsModeSwi,0,1596171686.2816498
CF_Clu_SportsModeSwi,0,1596171686.3838432
CF_Clu_SportsModeSwi,0,1596171686.6827798
CF_Clu_SportsModeSwi,0,1596171688.079606
CF_Clu_SportsModeSwi,0,1596171688.379016
CF_Clu_SportsModeSwi,0,1596171689.279757
CF_Clu_SportsModeSwi,0,1596171689.5785189
CF_Clu_SportsModeSwi,0,1596171689.677116
CF_Clu_SportsModeSwi,0,1596171689.779364
CF_Clu_SportsModeSwi,0,1596171689.980015
CF_Clu_SportsModeSwi,0,1596171690.0782
CF_Clu_SportsModeSwi,0,1596171690.176781
CF_Clu_SportsModeSwi,0,1596171690.2788491
CF_Clu_SportsModeSwi,0,1596171690.479722
CF_Clu_SportsModeSwi,0,1596171690.6764288
CF_Clu_SportsModeSwi,0,1596171690.877223
CF_Clu_SportsModeSwi,0,1596171691.2781398
CF_Clu_SportsModeSwi,0,1596171691.376479
CF_Clu_SportsModeSwi,0,1596171691.5773716
CF_Clu_SportsModeSwi,0,1596171691.6756198
CF_Clu_SportsModeSwi,0,1596171691.7779431
CF_Clu_SportsModeSwi,0,1596171692.175147
CF_Clu_SportsModeSwi,0,1596171692.777257
CF_Clu_SportsModeSwi,0,1596171692.8756108
CF_Clu_SportsModeSwi,0,1596171693.175143
CF_Clu_SportsModeSwi,0,1596171693.2729445
CF_Clu_SportsModeSwi,0,1596171693.572135
CF_Clu_SportsModeSwi,0,1596171693.6743019
CF_Clu_SportsModeSwi,0,1596171694.2723038
CF_Clu_SportsModeSwi,0,1596171696.168851
CF_Clu_SportsModeSwi,0,1596171697.8683589
CF_Clu_SportsModeSwi,0,1596171697.9671369
CF_Clu_SportsModeSwi,0,1596171698.1677408
CF_Clu_SportsModeSwi,0,1596171698.3682802
CF_Clu_SportsModeSwi,0,1596171698.466613
CF_Clu_SportsModeSwi,0,1596171698.568634
CF_Clu_SportsModeSwi,0,1596171698.6672778
CF_Clu_SportsModeSwi,0,1596171699.1667688
CF_Clu_SportsModeSwi,0,1596171699.26914
CF_Clu_SportsModeSwi,0,1596171699.367381
CF_Clu_SportsModeSwi,0,1596171699.465759
CF_Clu_SportsModeSwi,0,1596171699.6665301
CF_Clu_SportsModeSwi,0,1596171700.465025
CF_Clu_SportsModeSwi,0,1596171700.8670712
CF_Clu_SportsModeSwi,0,1596171701.363144
CF_Clu_SportsModeSwi,0,1596171701.4644802
CF_Clu_SportsModeSwi,0,1596171702.062708
CF_Clu_SportsModeSwi,0,1596171705.261257
CF_Clu_SportsModeSwi,0,1596171705.458369
CF_Clu_SportsModeSwi,0,1596171705.859387
CF_Clu_SportsModeSwi,0,1596171706.25688
CF_Clu_SportsModeSwi,0,1596171706.359424
CF_Clu_SportsModeSwi,0,1596171706.6579454
CF_Clu_SportsModeSwi,0,1596171707.457058
CF_Clu_SportsModeSwi,0,1596171708.2553544
CF_Clu_SportsModeSwi,0,1596171708.95621
CF_Clu_SportsModeSwi,0,1596171709.254673
CF_Clu_SportsModeSwi,0,1596171711.0526662
CF_Clu_SportsModeSwi,0,1596171712.052185
CF_Clu_SportsModeSwi,0,1596171712.449503
CF_Clu_SportsModeSwi,0,1596171712.8509321
CF_Clu_SportsModeSwi,0,1596171712.949269
CF_Clu_SportsModeSwi,0,1596171713.1499538
CF_Clu_SportsModeSwi,0,1596171713.7481391
CF_Clu_SportsModeSwi,0,1596171713.8470874
CF_Clu_SportsModeSwi,0,1596171714.0476859
CF_Clu_SportsModeSwi,0,1596171714.346869
CF_Clu_SportsModeSwi,0,1596171714.747172
CF_Clu_SportsModeSwi,0,1596171714.846858
CF_Clu_SportsModeSwi,0,1596171714.947835
CF_Clu_SportsModeSwi,0,1596171715.04643
CF_Clu_SportsModeSwi,0,1596171715.1487038
CF_Clu_SportsModeSwi,0,1596171715.648254
CF_Clu_SportsModeSwi,0,1596171715.9435391
CF_Clu_SportsModeSwi,0,1596171716.348629
CF_Clu_SportsModeSwi,0,1596171717.147317
CF_Clu_SportsModeSwi,0,1596171717.942183
CF_Clu_SportsModeSwi,0,1596171718.343194
CF_Clu_SportsModeSwi,0,1596171719.24075
CF_Clu_SportsModeSwi,0,1596171719.6416562
CF_Clu_SportsModeSwi,0,1596171720.7393
CF_Clu_SportsModeSwi,0,1596171721.439633
CF_Clu_SportsModeSwi,0,1596171721.538478
CF_Clu_SportsModeSwi,0,1596171722.1400974
CF_Clu_SportsModeSwi,0,1596171722.541331
CF_Clu_SportsModeSwi,0,1596171722.840517
CF_Clu_SportsModeSwi,0,1596171723.434891
CF_Clu_SportsModeSwi,0,1596171723.7374878
CF_Clu_SportsModeSwi,0,1596171723.9343958
CF_Clu_SportsModeSwi,0,1596171724.2371109
CF_Clu_SportsModeSwi,0,1596171724.7367382
CF_Clu_SportsModeSwi,0,1596171725.035728
CF_Clu_SportsModeSwi,0,1596171725.232773
CF_Clu_SportsModeSwi,0,1596171725.334836
CF_Clu_SportsModeSwi,0,1596171728.628796
CF_Clu_SportsModeSwi,0,1596171728.8288062
CF_Clu_SportsModeSwi,0,1596171728.9308422
CF_Clu_SportsModeSwi,0,1596171729.7257051
CF_Clu_SportsModeSwi,0,1596171729.828107
CF_Clu_SportsModeSwi,0,1596171730.0288632
CF_Clu_SportsModeSwi,0,1596171730.426162
CF_Clu_SportsModeSwi,0,1596171730.729088
CF_Clu_SportsModeSwi,0,1596171730.827897
CF_Clu_SportsModeSwi,0,1596171730.925987
CF_Clu_SportsModeSwi,0,1596171731.027955
CF_Clu_SportsModeSwi,0,1596171731.126354
CF_Clu_SportsModeSwi,0,1596171731.228656
CF_Clu_SportsModeSwi,0,1596171731.326953
CF_Clu_SportsModeSwi,0,1596171731.724635
CF_Clu_SportsModeSwi,0,1596171731.8270214
CF_Clu_SportsModeSwi,0,1596171732.7241669
CF_Clu_SportsModeSwi,0,1596171732.8264034
CF_Clu_SportsModeSwi,0,1596171732.924788
CF_Clu_SportsModeSwi,0,1596171733.821792
CF_Clu_SportsModeSwi,0,1596171734.419635
CF_Clu_SportsModeSwi,0,1596171735.8241801
CF_Clu_SportsModeSwi,0,1596171736.323829
CF_Clu_SportsModeSwi,0,1596171736.819403
CF_Clu_SportsModeSwi,0,1596171737.319071
CF_Clu_SportsModeSwi,0,1596171737.618114
CF_Clu_SportsModeSwi,0,1596171737.7169259
CF_Clu_SportsModeSwi,0,1596171737.8188002
CF_Clu_SportsModeSwi,0,1596171738.01947
CF_Clu_SportsModeSwi,0,1596171738.318697
CF_Clu_SportsModeSwi,0,1596171738.417217
CF_Clu_SportsModeSwi,0,1596171738.916922
CF_Clu_SportsModeSwi,0,1596171739.1170971
CF_Clu_SportsModeSwi,0,1596171739.3178859
CF_Clu_SportsModeSwi,0,1596171739.416266
CF_Clu_SportsModeSwi,0,1596171739.9158988
CF_Clu_SportsModeSwi,0,1596171740.313924
CF_Clu_SportsModeSwi,0,1596171740.714992
CF_Clu_SportsModeSwi,0,1596171740.8170052
CF_Clu_SportsModeSwi,0,1596171740.9153512
CF_Clu_SportsModeSwi,0,1596171741.313576
CF_Clu_SportsModeSwi,0,1596171742.71333
CF_Clu_SportsModeSwi,0,1596171744.2127216
CF_Clu_SportsModeSwi,0,1596171744.3113382
CF_Clu_SportsModeSwi,0,1596171744.708031
CF_Clu_SportsModeSwi,0,1596171745.6090374
CF_Clu_SportsModeSwi,0,1596171745.707456
CF_Clu_SportsModeSwi,0,1596171745.908383
CF_Clu_SportsModeSwi,0,1596171746.1086886
CF_Clu_SportsModeSwi,0,1596171746.506434
CF_Clu_SportsModeSwi,0,1596171746.608361
CF_Clu_SportsModeSwi,0,1596171746.805495
CF_Clu_SportsModeSwi,0,1596171746.907496
CF_Clu_SportsModeSwi,0,1596171747.207069
CF_Clu_SportsModeSwi,0,1596171748.6035259
CF_Clu_SportsModeSwi,0,1596171749.10687
CF_Clu_SportsModeSwi,0,1596171752.002668
CF_Clu_SportsModeSwi,0,1596171752.7975779
CF_Clu_SportsModeSwi,0,1596171753.100192
CF_Clu_SportsModeSwi,0,1596171753.698329
CF_Clu_SportsModeSwi,0,1596171754.300332
CF_Clu_SportsModeSwi,0,1596171754.398679
CF_Clu_SportsModeSwi,0,1596171754.89843
CF_Clu_SportsModeSwi,0,1596171755.095989
CF_Clu_SportsModeSwi,0,1596171755.197476
CF_Clu_SportsModeSwi,0,1596171755.394665
CF_Clu_SportsModeSwi,0,1596171755.996172
CF_Clu_SportsModeSwi,0,1596171757.0937128
CF_Clu_SportsModeSwi,0,1596171757.6920476
CF_Clu_SportsModeSwi,0,1596171758.5927
CF_Clu_SportsModeSwi,0,1596171760.09183
CF_Clu_SportsModeSwi,0,1596171760.1905382
CF_Clu_SportsModeSwi,0,1596171760.3910642
CF_Clu_SportsModeSwi,0,1596171761.394454
CF_Clu_SportsModeSwi,0,1596171761.488484
CF_Clu_SportsModeSwi,0,1596171761.7875366
CF_Clu_SportsModeSwi,0,1596171762.389615
CF_Clu_SportsModeSwi,0,1596171763.3888488
CF_Clu_SportsModeSwi,0,1596171763.585534
CF_Clu_SportsModeSwi,0,1596171763.6838741
CF_Clu_SportsModeSwi,0,1596171764.8842602
CF_Clu_SportsModeSwi,0,1596171764.986305
CF_Clu_SportsModeSwi,0,1596171765.0849972
CF_Clu_SportsModeSwi,0,1596171765.1832774
CF_Clu_SportsModeSwi,0,1596171765.5842972
CF_Clu_SportsModeSwi,0,1596171765.9856694
CF_Clu_SportsModeSwi,0,1596171768.082798
CF_Clu_SportsModeSwi,0,1596171769.1767108
CF_Clu_SportsModeSwi,0,1596171769.4794726
CF_Clu_SportsModeSwi,0,1596171769.9792788
CF_Clu_SportsModeSwi,0,1596171770.376868
CF_Clu_SportsModeSwi,0,1596171770.475123
CF_Clu_SportsModeSwi,0,1596171770.679747
CF_Clu_SportsModeSwi,0,1596171771.2774851
CF_Clu_SportsModeSwi,0,1596171771.6750796
CF_Clu_SportsModeSwi,0,1596171771.777128
CF_Clu_SportsModeSwi,0,1596171771.8758929
CF_Clu_SportsModeSwi,0,1596171772.0760891
CF_Clu_SportsModeSwi,0,1596171772.674199
CF_Clu_SportsModeSwi,0,1596171773.0717828
CF_Clu_SportsModeSwi,0,1596171774.47227
CF_Clu_SportsModeSwi,0,1596171774.672899
CF_Clu_SportsModeSwi,0,1596171775.070239
CF_Clu_SportsModeSwi,0,1596171775.7709582
CF_Clu_SportsModeSwi,0,1596171775.873013
CF_Clu_SportsModeSwi,0,1596171775.971308
CF_Clu_SportsModeSwi,0,1596171776.073644
CF_Clu_SportsModeSwi,0,1596171776.1719642
CF_Clu_SportsModeSwi,0,1596171776.270564
CF_Clu_SportsModeSwi,0,1596171777.86814
CF_Clu_SportsModeSwi,0,1596171778.4661028
CF_Clu_SportsModeSwi,0,1596171778.666348
CF_Clu_SportsModeSwi,0,1596171778.7687
CF_Clu_SportsModeSwi,0,1596171779.26499
CF_Clu_SportsModeSwi,0,1596171779.367004
CF_Clu_SportsModeSwi,0,1596171779.563623
CF_Clu_SportsModeSwi,0,1596171779.8666492
CF_Clu_SportsModeSwi,0,1596171781.2670732
CF_Clu_SportsModeSwi,0,1596171781.763016
CF_Clu_SportsModeSwi,0,1596171781.96349
CF_Clu_SportsModeSwi,0,1596171782.463192
CF_Clu_SportsModeSwi,0,1596171782.762426
CF_Clu_SportsModeSwi,0,1596171783.062186
CF_Clu_SportsModeSwi,0,1596171784.757257
CF_Clu_SportsModeSwi,0,1596171785.657943
CF_Clu_SportsModeSwi,0,1596171785.956901
CF_Clu_SportsModeSwi,0,1596171786.059132
CF_Clu_SportsModeSwi,0,1596171786.259861
CF_Clu_SportsModeSwi,0,1596171786.558868
CF_Clu_SportsModeSwi,0,1596171787.3575208
CF_Clu_SportsModeSwi,0,1596171787.4563632
CF_Clu_SportsModeSwi,0,1596171787.6565552
CF_Clu_SportsModeSwi,0,1596171789.451036
CF_Clu_SportsModeSwi,0,1596171789.552966
CF_Clu_SportsModeSwi,0,1596171790.253288
CF_Clu_SportsModeSwi,0,1596171790.753006
CF_Clu_SportsModeSwi,0,1596171790.9499881
CF_Clu_SportsModeSwi,0,1596171791.1504152
CF_Clu_SportsModeSwi,0,1596171791.7524204
CF_Clu_SportsModeSwi,0,1596171793.149025
CF_Clu_SportsModeSwi,0,1596171793.3504179
CF_Clu_SportsModeSwi,0,1596171793.7471519
CF_Clu_SportsModeSwi,0,1596171794.0473
CF_Clu_SportsModeSwi,0,1596171794.349209
CF_Clu_SportsModeSwi,0,1596171794.848691
CF_Clu_SportsModeSwi,0,1596171795.246542
CF_Clu_SportsModeSwi,0,1596171795.446892
CF_Clu_SportsModeSwi,0,1596171795.844379
CF_Clu_SportsModeSwi,0,1596171796.3439732
CF_Clu_SportsModeSwi,0,1596171797.245068
CF_Clu_SportsModeSwi,0,1596171798.3425338
CF_Clu_SportsModeSwi,0,1596171798.641943
CF_Clu_SportsModeSwi,0,1596171798.842294
CF_Clu_SportsModeSwi,0,1596171799.739704
CF_Clu_SportsModeSwi,0,1596171800.443773
CF_Clu_SportsModeSwi,0,1596171801.438996
CF_Clu_SportsModeSwi,0,1596171801.6396546
CF_Clu_SportsModeSwi,0,1596171801.8367028
CF_Clu_SportsModeSwi,0,1596171802.135602
CF_Clu_SportsModeSwi,0,1596171802.4348102
CF_Clu_SportsModeSwi,0,1596171802.5370274
CF_Clu_SportsModeSwi,0,1596171802.9379132
CF_Clu_SportsModeSwi,0,1596171803.036651
CF_Clu_SportsModeSwi,0,1596171803.8350382
CF_Clu_SportsModeSwi,0,1596171804.334661
CF_Clu_SportsModeSwi,0,1596171804.4334118
CF_Clu_SportsModeSwi,0,1596171804.634422
CF_Clu_SportsModeSwi,0,1596171804.834464
CF_Clu_SportsModeSwi,0,1596171804.936877
CF_Clu_SportsModeSwi,0,1596171805.8338141
CF_Clu_SportsModeSwi,0,1596171806.1327412
CF_Clu_SportsModeSwi,0,1596171806.231091
CF_Clu_SportsModeSwi,0,1596171806.432183
CF_Clu_SportsModeSwi,0,1596171807.0310152
CF_Clu_SportsModeSwi,0,1596171809.929512
CF_Clu_SportsModeSwi,0,1596171810.229008
CF_Clu_SportsModeSwi,0,1596171810.3270578
CF_Clu_SportsModeSwi,0,1596171810.5278711
CF_Clu_SportsModeSwi,0,1596171810.625934
CF_Clu_SportsModeSwi,0,1596171810.827714
CF_Clu_SportsModeSwi,0,1596171811.027669
CF_Clu_SportsModeSwi,0,1596171811.126061
CF_Clu_SportsModeSwi,0,1596171811.625646
CF_Clu_SportsModeSwi,0,1596171811.825917
CF_Clu_SportsModeSwi,0,1596171811.924607
CF_Clu_SportsModeSwi,0,1596171812.026607
CF_Clu_SportsModeSwi,0,1596171812.6245801
CF_Clu_SportsModeSwi,0,1596171813.324996
CF_Clu_SportsModeSwi,0,1596171813.628405
CF_Clu_SportsModeSwi,0,1596171813.7227678
CF_Clu_SportsModeSwi,0,1596171813.927221
CF_Clu_SportsModeSwi,0,1596171814.226058
CF_Clu_SportsModeSwi,0,1596171814.623347
CF_Clu_SportsModeSwi,0,1596171815.3199518
CF_Clu_SportsModeSwi,0,1596171815.520797
CF_Clu_SportsModeSwi,0,1596171816.421432
CF_Clu_SportsModeSwi,0,1596171816.921031
CF_Clu_SportsModeSwi,0,1596171817.019398
CF_Clu_SportsModeSwi,0,1596171817.1177301
CF_Clu_SportsModeSwi,0,1596171817.220073
CF_Clu_SportsModeSwi,0,1596171818.2158148
CF_Clu_SportsModeSwi,0,1596171818.5184598
CF_Clu_SportsModeSwi,0,1596171818.8175108
CF_Clu_SportsModeSwi,0,1596171819.1164842
CF_Clu_SportsModeSwi,0,1596171819.3171046
CF_Clu_SportsModeSwi,0,1596171819.4154642
CF_Clu_SportsModeSwi,0,1596171819.915468
CF_Clu_SportsModeSwi,0,1596171820.0174642
CF_Clu_SportsModeSwi,0,1596171820.2143948
CF_Clu_SportsModeSwi,0,1596171821.4144402
CF_Clu_SportsModeSwi,0,1596171822.2168598
CF_Clu_SportsModeSwi,0,1596171822.811337
CF_Clu_SportsModeSwi,0,1596171823.810583
CF_Clu_SportsModeSwi,0,1596171824.412406
CF_Clu_SportsModeSwi,0,1596171825.3093262
CF_Clu_SportsModeSwi,0,1596171825.90732
CF_Clu_SportsModeSwi,0,1596171826.206861
CF_Clu_SportsModeSwi,0,1596171826.4070258
CF_Clu_SportsModeSwi,0,1596171826.505729
CF_Clu_SportsModeSwi,0,1596171826.607656
CF_Clu_SportsModeSwi,0,1596171827.0055602
CF_Clu_SportsModeSwi,0,1596171827.107381
CF_Clu_SportsModeSwi,0,1596171827.508724
CF_Clu_SportsModeSwi,0,1596171827.604004
CF_Clu_SportsModeSwi,0,1596171827.90607
CF_Clu_SportsModeSwi,0,1596171828.303741
CF_Clu_SportsModeSwi,0,1596171828.602817
CF_Clu_SportsModeSwi,0,1596171828.80344
CF_Clu_SportsModeSwi,0,1596171829.1061358
CF_Clu_SportsModeSwi,0,1596171829.901161
CF_Clu_SportsModeSwi,0,1596171830.203684
CF_Clu_SportsModeSwi,0,1596171830.4044259
CF_Clu_SportsModeSwi,0,1596171830.50292
CF_Clu_SportsModeSwi,0,1596171830.601114
CF_Clu_SportsModeSwi,0,1596171831.199371
CF_Clu_SportsModeSwi,0,1596171831.801143
CF_Clu_SportsModeSwi,0,1596171831.8996422
CF_Clu_SportsModeSwi,0,1596171832.399584
CF_Clu_SportsModeSwi,0,1596171832.8004422
CF_Clu_SportsModeSwi,0,1596171833.697525
CF_Clu_SportsModeSwi,0,1596171834.2959092
CF_Clu_SportsModeSwi,0,1596171834.595715
CF_Clu_SportsModeSwi,0,1596171835.1968052
CF_Clu_SportsModeSwi,0,1596171835.5952
CF_Clu_SportsModeSwi,0,1596171835.6965
CF_Clu_SportsModeSwi,0,1596171835.995444
CF_Clu_SportsModeSwi,0,1596171836.094707
CF_Clu_SportsModeSwi,0,1596171836.9950886
CF_Clu_SportsModeSwi,0,1596171837.195622
CF_Clu_SportsModeSwi,0,1596171837.592735
CF_Clu_SportsModeSwi,0,1596171837.793552
CF_Clu_SportsModeSwi,0,1596171838.293043
CF_Clu_SportsModeSwi,0,1596171839.1909704
CF_Clu_SportsModeSwi,0,1596171840.291768
CF_Clu_SportsModeSwi,0,1596171841.0904374
CF_Clu_SportsModeSwi,0,1596171841.586396
CF_Clu_SportsModeSwi,0,1596171842.3850298
CF_Clu_SportsModeSwi,0,1596171843.085578
CF_Clu_SportsModeSwi,0,1596171843.286151
CF_Clu_SportsModeSwi,0,1596171843.585199
CF_Clu_SportsModeSwi,0,1596171843.6871626
CF_Clu_SportsModeSwi,0,1596171844.084503
CF_Clu_SportsModeSwi,0,1596171844.78493
CF_Clu_SportsModeSwi,0,1596171844.985525
CF_Clu_SportsModeSwi,0,1596171845.084307
CF_Clu_SportsModeSwi,0,1596171845.583524
CF_Clu_SportsModeSwi,0,1596171846.1818929
CF_Clu_SportsModeSwi,0,1596171846.779953
CF_Clu_SportsModeSwi,0,1596171847.381711
CF_Clu_SportsModeSwi,0,1596171848.680425
CF_Clu_SportsModeSwi,0,1596171848.9790678
CF_Clu_SportsModeSwi,0,1596171849.179662
CF_Clu_SportsModeSwi,0,1596171850.1789699
CF_Clu_SportsModeSwi,0,1596171850.277845
CF_Clu_SportsModeSwi,0,1596171850.4779782
CF_Clu_SportsModeSwi,0,1596171850.7774491
CF_Clu_SportsModeSwi,0,1596171851.776782
CF_Clu_SportsModeSwi,0,1596171852.075443
CF_Clu_SportsModeSwi,0,1596171852.775856
CF_Clu_SportsModeSwi,0,1596171852.878228
CF_Clu_SportsModeSwi,0,1596171852.976788
CF_Clu_SportsModeSwi,0,1596171853.0747519
CF_Clu_SportsModeSwi,0,1596171853.574386
CF_Clu_SportsModeSwi,0,1596171853.672787
CF_Clu_SportsModeSwi,0,1596171853.972016
CF_Clu_SportsModeSwi,0,1596171854.27121
CF_Clu_SportsModeSwi,0,1596171854.8728552
CF_Clu_SportsModeSwi,0,1596171855.37249
CF_Clu_SportsModeSwi,0,1596171856.871603
CF_Clu_SportsModeSwi,0,1596171858.268301
CF_Clu_SportsModeSwi,0,1596171858.866283
CF_Clu_SportsModeSwi,0,1596171859.366446
CF_Clu_SportsModeSwi,0,1596171859.566567
CF_Clu_SportsModeSwi,0,1596171859.665328
CF_Clu_SportsModeSwi,0,1596171860.0663831
CF_Clu_SportsModeSwi,0,1596171860.463684
CF_Clu_SportsModeSwi,0,1596171860.865005
CF_Clu_SportsModeSwi,0,1596171861.06574
CF_Clu_SportsModeSwi,0,1596171861.4634118
CF_Clu_SportsModeSwi,0,1596171861.664141
CF_Clu_SportsModeSwi,0,1596171862.561054
CF_Clu_SportsModeSwi,0,1596171862.860736
CF_Clu_SportsModeSwi,0,1596171862.962198
CF_Clu_SportsModeSwi,0,1596171863.162844
CF_Clu_SportsModeSwi,0,1596171863.261327
CF_Clu_SportsModeSwi,0,1596171863.761038
CF_Clu_SportsModeSwi,0,1596171864.8624349
CF_Clu_SportsModeSwi,0,1596171865.059404
CF_Clu_SportsModeSwi,0,1596171865.2640169
CF_Clu_SportsModeSwi,0,1596171865.6615858
CF_Clu_SportsModeSwi,0,1596171866.2556071
CF_Clu_SportsModeSwi,0,1596171866.357455
CF_Clu_SportsModeSwi,0,1596171866.4562118
CF_Clu_SportsModeSwi,0,1596171866.7553618
CF_Clu_SportsModeSwi,0,1596171866.9555712
CF_Clu_SportsModeSwi,0,1596171867.4552784
CF_Clu_SportsModeSwi,0,1596171867.557504
CF_Clu_SportsModeSwi,0,1596171867.754271
CF_Clu_SportsModeSwi,0,1596171868.856108
CF_Clu_SportsModeSwi,0,1596171870.4496589
CF_Clu_SportsModeSwi,0,1596171870.5515652
CF_Clu_SportsModeSwi,0,1596171870.6506991
CF_Clu_SportsModeSwi,0,1596171870.8526149
CF_Clu_SportsModeSwi,0,1596171870.953015
CF_Clu_SportsModeSwi,0,1596171872.349719
CF_Clu_SportsModeSwi,0,1596171872.5503411
CF_Clu_SportsModeSwi,0,1596171873.250624
CF_Clu_SportsModeSwi,0,1596171873.4475598
CF_Clu_SportsModeSwi,0,1596171873.7504454
CF_Clu_SportsModeSwi,0,1596171873.848599
CF_Clu_SportsModeSwi,0,1596171874.34838
CF_Clu_SportsModeSwi,0,1596171874.5454712
CF_Clu_SportsModeSwi,0,1596171874.745825
CF_Clu_SportsModeSwi,0,1596171875.446113
CF_Clu_SportsModeSwi,0,1596171875.6468801
CF_Clu_SportsModeSwi,0,1596171875.745419
CF_Clu_SportsModeSwi,0,1596171875.844437
CF_Clu_SportsModeSwi,0,1596171876.744482
CF_Clu_SportsModeSwi,0,1596171878.743309
CF_Clu_SportsModeSwi,0,1596171879.0422142
CF_Clu_SportsModeSwi,0,1596171880.63958
CF_Clu_SportsModeSwi,0,1596171881.2416694
CF_Clu_SportsModeSwi,0,1596171882.236952
CF_Clu_SportsModeSwi,0,1596171882.6382089
CF_Clu_SportsModeSwi,0,1596171883.134488
CF_Clu_SportsModeSwi,0,1596171883.436988
CF_Clu_SportsModeSwi,0,1596171883.633873
CF_Clu_SportsModeSwi,0,1596171883.7359734
CF_Clu_SportsModeSwi,0,1596171883.936613
CF_Clu_SportsModeSwi,0,1596171884.436299
CF_Clu_SportsModeSwi,0,1596171884.834058
CF_Clu_SportsModeSwi,0,1596171885.231298
CF_Clu_SportsModeSwi,0,1596171886.03371
CF_Clu_SportsModeSwi,0,1596171886.533296
CF_Clu_SportsModeSwi,0,1596171886.8324218
CF_Clu_SportsModeSwi,0,1596171887.930306
CF_Clu_SportsModeSwi,0,1596171890.126416
CF_Clu_SportsModeSwi,0,1596171890.826134
CF_Clu_SportsModeSwi,0,1596171891.0268052
CF_Clu_SportsModeSwi,0,1596171891.125571
CF_Clu_SportsModeSwi,0,1596171891.325747
CF_Clu_SportsModeSwi,0,1596171891.42426
CF_Clu_SportsModeSwi,0,1596171891.7271626
CF_Clu_SportsModeSwi,0,1596171891.9236226
CF_Clu_SportsModeSwi,0,1596171892.124712
CF_Clu_SportsModeSwi,0,1596171892.325019
CF_Clu_SportsModeSwi,0,1596171892.722599
CF_Clu_SportsModeSwi,0,1596171892.824534
CF_Clu_SportsModeSwi,0,1596171893.025275
CF_Clu_SportsModeSwi,0,1596171893.1236238
CF_Clu_SportsModeSwi,0,1596171893.922341
CF_Clu_SportsModeSwi,0,1596171894.021056
CF_Clu_SportsModeSwi,0,1596171894.323684
CF_Clu_SportsModeSwi,0,1596171894.6226768
CF_Clu_SportsModeSwi,0,1596171895.220768
CF_Clu_SportsModeSwi,0,1596171895.319392
CF_Clu_SportsModeSwi,0,1596171895.4212446
CF_Clu_SportsModeSwi,0,1596171895.7203488
CF_Clu_SportsModeSwi,0,1596171896.1217446
CF_Clu_SportsModeSwi,0,1596171896.617852
CF_Clu_SportsModeSwi,0,1596171896.818439
CF_Clu_SportsModeSwi,0,1596171897.121175
CF_Clu_SportsModeSwi,0,1596171897.715331
CF_Clu_SportsModeSwi,0,1596171898.7148519
CF_Clu_SportsModeSwi,0,1596171898.915388
CF_Clu_SportsModeSwi,0,1596171899.115753
CF_Clu_SportsModeSwi,0,1596171899.316308
CF_Clu_SportsModeSwi,0,1596171899.4150796
CF_Clu_SportsModeSwi,0,1596171899.517092
CF_Clu_SportsModeSwi,0,1596171899.914408
CF_Clu_SportsModeSwi,0,1596171900.0169878
CF_Clu_SportsModeSwi,0,1596171900.2136068
CF_Clu_SportsModeSwi,0,1596171901.3151226
CF_Clu_SportsModeSwi,0,1596171901.7165186
CF_Clu_SportsModeSwi,0,1596171901.8121538
CF_Clu_SportsModeSwi,0,1596171902.212252
CF_Clu_SportsModeSwi,0,1596171902.4128199
CF_Clu_SportsModeSwi,0,1596171903.412408
CF_Clu_SportsModeSwi,0,1596171905.6077282
CF_Clu_SportsModeSwi,0,1596171906.0054722
CF_Clu_SportsModeSwi,0,1596171906.107305
CF_Clu_SportsModeSwi,0,1596171906.2059731
CF_Clu_SportsModeSwi,0,1596171906.906016
CF_Clu_SportsModeSwi,0,1596171907.205294
CF_Clu_SportsModeSwi,0,1596171907.307389
CF_Clu_SportsModeSwi,0,1596171907.405646
CF_Clu_SportsModeSwi,0,1596171907.606441
CF_Clu_SportsModeSwi,0,1596171907.70471
CF_Clu_SportsModeSwi,0,1596171908.0041711
CF_Clu_SportsModeSwi,0,1596171909.105352
CF_Clu_SportsModeSwi,0,1596171910.104811
CF_Clu_SportsModeSwi,0,1596171910.3014872
CF_Clu_SportsModeSwi,0,1596171910.5022411
CF_Clu_SportsModeSwi,0,1596171910.6008918
CF_Clu_SportsModeSwi,0,1596171911.0017722
CF_Clu_SportsModeSwi,0,1596171911.403085
CF_Clu_SportsModeSwi,0,1596171911.898794
CF_Clu_SportsModeSwi,0,1596171911.9974554
CF_Clu_SportsModeSwi,0,1596171912.497418
CF_Clu_SportsModeSwi,0,1596171913.299936
CF_Clu_SportsModeSwi,0,1596171914.4958386
CF_Clu_SportsModeSwi,0,1596171914.795073
CF_Clu_SportsModeSwi,0,1596171914.995528
CF_Clu_SportsModeSwi,0,1596171915.0976498
CF_Clu_SportsModeSwi,0,1596171915.196044
CF_Clu_SportsModeSwi,0,1596171915.3966432
CF_Clu_SportsModeSwi,0,1596171915.896408
CF_Clu_SportsModeSwi,0,1596171915.99471
CF_Clu_SportsModeSwi,0,1596171916.7939498
CF_Clu_SportsModeSwi,0,1596171917.296948
CF_Clu_SportsModeSwi,0,1596171918.292663
CF_Clu_SportsModeSwi,0,1596171918.5919461
CF_Clu_SportsModeSwi,0,1596171918.693655
CF_Clu_SportsModeSwi,0,1596171919.390378
CF_Clu_SportsModeSwi,0,1596171919.889715
CF_Clu_SportsModeSwi,0,1596171920.987782
CF_Clu_SportsModeSwi,0,1596171921.8885038
CF_Clu_SportsModeSwi,0,1596171922.3881109
CF_Clu_SportsModeSwi,0,1596171922.486511
CF_Clu_SportsModeSwi,0,1596171922.585181
CF_Clu_SportsModeSwi,0,1596171922.986197
CF_Clu_SportsModeSwi,0,1596171923.383914
CF_Clu_SportsModeSwi,0,1596171923.485835
CF_Clu_SportsModeSwi,0,1596171923.6864731
CF_Clu_SportsModeSwi,0,1596171923.8835268
CF_Clu_SportsModeSwi,0,1596171924.083876
CF_Clu_SportsModeSwi,0,1596171924.4851198
CF_Clu_SportsModeSwi,0,1596171924.8828876
CF_Clu_SportsModeSwi,0,1596171925.087322
CF_Clu_SportsModeSwi,0,1596171926.2795024
CF_Clu_SportsModeSwi,0,1596171926.3814962
CF_Clu_SportsModeSwi,0,1596171926.582111
CF_Clu_SportsModeSwi,0,1596171927.1805232
CF_Clu_SportsModeSwi,0,1596171927.479324
CF_Clu_SportsModeSwi,0,1596171928.077628
CF_Clu_SportsModeSwi,0,1596171929.277629
CF_Clu_SportsModeSwi,0,1596171930.277117
CF_Clu_SportsModeSwi,0,1596171930.776685
CF_Clu_SportsModeSwi,0,1596171931.075516
CF_Clu_SportsModeSwi,0,1596171931.1742141
CF_Clu_SportsModeSwi,0,1596171931.775908
CF_Clu_SportsModeSwi,0,1596171931.8747802
CF_Clu_SportsModeSwi,0,1596171932.775101
CF_Clu_SportsModeSwi,0,1596171932.976009
CF_Clu_SportsModeSwi,0,1596171933.074112
CF_Clu_SportsModeSwi,0,1596171933.9714131
CF_Clu_SportsModeSwi,0,1596171934.070154
CF_Clu_SportsModeSwi,0,1596171934.6715062
CF_Clu_SportsModeSwi,0,1596171934.970551
CF_Clu_SportsModeSwi,0,1596171935.2702148
CF_Clu_SportsModeSwi,0,1596171935.5688212
CF_Clu_SportsModeSwi,0,1596171936.568184
CF_Clu_SportsModeSwi,0,1596171936.768547
CF_Clu_SportsModeSwi,0,1596171936.870815
CF_Clu_SportsModeSwi,0,1596171937.370529
CF_Clu_SportsModeSwi,0,1596171937.8662136
CF_Clu_SportsModeSwi,0,1596171938.267564
CF_Clu_SportsModeSwi,0,1596171938.3663518
CF_Clu_SportsModeSwi,0,1596171938.767167
CF_Clu_SportsModeSwi,0,1596171938.865899
CF_Clu_SportsModeSwi,0,1596171940.164193
CF_Clu_SportsModeSwi,0,1596171940.46319
CF_Clu_SportsModeSwi,0,1596171940.966639
CF_Clu_SportsModeSwi,0,1596171941.065465
CF_Clu_SportsModeSwi,0,1596171942.060758
CF_Clu_SportsModeSwi,0,1596171942.162804
CF_Clu_SportsModeSwi,0,1596171942.7610528
CF_Clu_SportsModeSwi,0,1596171942.860008
CF_Clu_SportsModeSwi,0,1596171943.060087
CF_Clu_SportsModeSwi,0,1596171943.760028
CF_Clu_SportsModeSwi,0,1596171944.0591881
CF_Clu_SportsModeSwi,0,1596171945.4598668
CF_Clu_SportsModeSwi,0,1596171946.655872
CF_Clu_SportsModeSwi,0,1596171946.954787
CF_Clu_SportsModeSwi,0,1596171947.057257
CF_Clu_SportsModeSwi,0,1596171947.1554306
CF_Clu_SportsModeSwi,0,1596171947.254104
CF_Clu_SportsModeSwi,0,1596171947.5568519
CF_Clu_SportsModeSwi,0,1596171947.7577534
CF_Clu_SportsModeSwi,0,1596171947.8558476
CF_Clu_SportsModeSwi,0,1596171948.0565188
CF_Clu_SportsModeSwi,0,1596171948.752961
CF_Clu_SportsModeSwi,0,1596171949.8546162
CF_Clu_SportsModeSwi,0,1596171950.251866
CF_Clu_SportsModeSwi,0,1596171950.4527051
CF_Clu_SportsModeSwi,0,1596171950.64949
CF_Clu_SportsModeSwi,0,1596171950.751539
CF_Clu_SportsModeSwi,0,1596171950.849931
CF_Clu_SportsModeSwi,0,1596171950.952126
CF_Clu_SportsModeSwi,0,1596171951.0506198
CF_Clu_SportsModeSwi,0,1596171951.251224
CF_Clu_SportsModeSwi,0,1596171951.4519
CF_Clu_SportsModeSwi,0,1596171951.6489432
CF_Clu_SportsModeSwi,0,1596171951.849348
CF_Clu_SportsModeSwi,0,1596171951.9515688
CF_Clu_SportsModeSwi,0,1596171952.2505422
CF_Clu_SportsModeSwi,0,1596171952.6479502
