CF_Clu_ActiveEcoSW,0,1598160376.495986
CF_Clu_ActiveEcoSW,0,1598160376.8932204
CF_Clu_ActiveEcoSW,0,1598160378.093539
CF_Clu_ActiveEcoSW,0,1598160381.98842
CF_Clu_ActiveEcoSW,0,1598160382.087384
CF_Clu_ActiveEcoSW,0,1598160382.2875721
CF_Clu_ActiveEcoSW,0,1598160383.6844642
CF_Clu_ActiveEcoSW,0,1598160384.683893
CF_Clu_ActiveEcoSW,0,1598160385.084938
CF_Clu_ActiveEcoSW,0,1598160385.3842182
CF_Clu_ActiveEcoSW,0,1598160385.785177
CF_Clu_ActiveEcoSW,0,1598160386.383241
CF_Clu_ActiveEcoSW,0,1598160387.083593
CF_Clu_ActiveEcoSW,0,1598160388.082921
CF_Clu_ActiveEcoSW,0,1598160388.283674
CF_Clu_ActiveEcoSW,0,1598160389.9793382
CF_Clu_ActiveEcoSW,0,1598160391.8758678
CF_Clu_ActiveEcoSW,0,1598160392.7767284
CF_Clu_ActiveEcoSW,0,1598160392.875326
CF_Clu_ActiveEcoSW,0,1598160394.0715892
CF_Clu_ActiveEcoSW,0,1598160395.570545
CF_Clu_ActiveEcoSW,0,1598160396.4712489
CF_Clu_ActiveEcoSW,0,1598160396.5735931
CF_Clu_ActiveEcoSW,0,1598160397.470463
CF_Clu_ActiveEcoSW,0,1598160397.569107
CF_Clu_ActiveEcoSW,0,1598160399.8667068
CF_Clu_ActiveEcoSW,0,1598160402.0625901
CF_Clu_ActiveEcoSW,0,1598160403.061924
CF_Clu_ActiveEcoSW,0,1598160403.163958
CF_Clu_ActiveEcoSW,0,1598160403.663597
CF_Clu_ActiveEcoSW,0,1598160404.0612
CF_Clu_ActiveEcoSW,0,1598160404.261847
CF_Clu_ActiveEcoSW,0,1598160404.3641136
CF_Clu_ActiveEcoSW,0,1598160404.462194
CF_Clu_ActiveEcoSW,0,1598160405.359189
CF_Clu_ActiveEcoSW,0,1598160406.059686
CF_Clu_ActiveEcoSW,0,1598160406.358515
CF_Clu_ActiveEcoSW,0,1598160408.156548
CF_Clu_ActiveEcoSW,0,1598160409.652077
CF_Clu_ActiveEcoSW,0,1598160410.753393
CF_Clu_ActiveEcoSW,0,1598160413.649084
CF_Clu_ActiveEcoSW,0,1598160414.4480221
CF_Clu_ActiveEcoSW,0,1598160415.9469779
CF_Clu_ActiveEcoSW,0,1598160416.844238
CF_Clu_ActiveEcoSW,0,1598160417.9419286
CF_Clu_ActiveEcoSW,0,1598160418.244481
CF_Clu_ActiveEcoSW,0,1598160420.6407552
CF_Clu_ActiveEcoSW,0,1598160421.1403034
CF_Clu_ActiveEcoSW,0,1598160421.938967
CF_Clu_ActiveEcoSW,0,1598160422.438751
CF_Clu_ActiveEcoSW,0,1598160423.434482
CF_Clu_ActiveEcoSW,0,1598160423.737084
CF_Clu_ActiveEcoSW,0,1598160426.232372
CF_Clu_ActiveEcoSW,0,1598160426.53184
CF_Clu_ActiveEcoSW,0,1598160426.8335106
CF_Clu_ActiveEcoSW,0,1598160427.2312694
CF_Clu_ActiveEcoSW,0,1598160429.6272142
CF_Clu_ActiveEcoSW,0,1598160433.522339
CF_Clu_ActiveEcoSW,0,1598160434.1239738
CF_Clu_ActiveEcoSW,0,1598160434.72243
CF_Clu_ActiveEcoSW,0,1598160435.021075
CF_Clu_ActiveEcoSW,0,1598160435.5208352
CF_Clu_ActiveEcoSW,0,1598160435.6197278
CF_Clu_ActiveEcoSW,0,1598160436.421803
CF_Clu_ActiveEcoSW,0,1598160439.018573
CF_Clu_ActiveEcoSW,0,1598160439.616707
CF_Clu_ActiveEcoSW,0,1598160439.8173869
CF_Clu_ActiveEcoSW,0,1598160441.013969
CF_Clu_ActiveEcoSW,0,1598160442.012626
CF_Clu_ActiveEcoSW,0,1598160442.312057
CF_Clu_ActiveEcoSW,0,1598160443.21293
CF_Clu_ActiveEcoSW,0,1598160445.3096519
CF_Clu_ActiveEcoSW,0,1598160446.309092
CF_Clu_ActiveEcoSW,0,1598160446.907109
CF_Clu_ActiveEcoSW,0,1598160447.2061381
CF_Clu_ActiveEcoSW,0,1598160448.406152
CF_Clu_ActiveEcoSW,0,1598160448.6069386
CF_Clu_ActiveEcoSW,0,1598160449.402156
CF_Clu_ActiveEcoSW,0,1598160449.802819
CF_Clu_ActiveEcoSW,0,1598160450.703833
CF_Clu_ActiveEcoSW,0,1598160451.601366
CF_Clu_ActiveEcoSW,0,1598160452.600963
CF_Clu_ActiveEcoSW,0,1598160452.899668
CF_Clu_ActiveEcoSW,0,1598160454.796511
CF_Clu_ActiveEcoSW,0,1598160454.9965286
CF_Clu_ActiveEcoSW,0,1598160456.294796
CF_Clu_ActiveEcoSW,0,1598160456.3973448
CF_Clu_ActiveEcoSW,0,1598160456.892996
CF_Clu_ActiveEcoSW,0,1598160457.593055
CF_Clu_ActiveEcoSW,0,1598160458.1915786
CF_Clu_ActiveEcoSW,0,1598160460.091603
CF_Clu_ActiveEcoSW,0,1598160460.689646
CF_Clu_ActiveEcoSW,0,1598160461.389879
CF_Clu_ActiveEcoSW,0,1598160461.688899
CF_Clu_ActiveEcoSW,0,1598160462.5862432
CF_Clu_ActiveEcoSW,0,1598160462.688187
CF_Clu_ActiveEcoSW,0,1598160463.085966
CF_Clu_ActiveEcoSW,0,1598160463.3850222
CF_Clu_ActiveEcoSW,0,1598160464.3840618
CF_Clu_ActiveEcoSW,0,1598160464.785356
CF_Clu_ActiveEcoSW,0,1598160464.9860392
CF_Clu_ActiveEcoSW,0,1598160465.883038
CF_Clu_ActiveEcoSW,0,1598160465.985496
CF_Clu_ActiveEcoSW,0,1598160466.281085
CF_Clu_ActiveEcoSW,0,1598160467.181484
CF_Clu_ActiveEcoSW,0,1598160468.3814518
CF_Clu_ActiveEcoSW,0,1598160472.5755339
CF_Clu_ActiveEcoSW,0,1598160473.9722738
CF_Clu_ActiveEcoSW,0,1598160475.668333
CF_Clu_ActiveEcoSW,0,1598160476.5693178
CF_Clu_ActiveEcoSW,0,1598160477.66676
CF_Clu_ActiveEcoSW,0,1598160478.4657712
CF_Clu_ActiveEcoSW,0,1598160478.768448
CF_Clu_ActiveEcoSW,0,1598160478.8668294
CF_Clu_ActiveEcoSW,0,1598160480.964191
CF_Clu_ActiveEcoSW,0,1598160481.2641618
CF_Clu_ActiveEcoSW,0,1598160482.061943
CF_Clu_ActiveEcoSW,0,1598160484.2614381
CF_Clu_ActiveEcoSW,0,1598160485.059957
CF_Clu_ActiveEcoSW,0,1598160485.657708
CF_Clu_ActiveEcoSW,0,1598160486.157461
CF_Clu_ActiveEcoSW,0,1598160486.558578
CF_Clu_ActiveEcoSW,0,1598160488.455106
CF_Clu_ActiveEcoSW,0,1598160489.651683
CF_Clu_ActiveEcoSW,0,1598160490.4502342
CF_Clu_ActiveEcoSW,0,1598160490.6510668
CF_Clu_ActiveEcoSW,0,1598160490.75283
CF_Clu_ActiveEcoSW,0,1598160491.252424
CF_Clu_ActiveEcoSW,0,1598160492.751434
CF_Clu_ActiveEcoSW,0,1598160495.1479301
CF_Clu_ActiveEcoSW,0,1598160495.844359
CF_Clu_ActiveEcoSW,0,1598160497.543689
CF_Clu_ActiveEcoSW,0,1598160499.538641
CF_Clu_ActiveEcoSW,0,1598160500.439476
CF_Clu_ActiveEcoSW,0,1598160503.43736
CF_Clu_ActiveEcoSW,0,1598160504.236148
CF_Clu_ActiveEcoSW,0,1598160506.833058
CF_Clu_ActiveEcoSW,0,1598160507.529752
CF_Clu_ActiveEcoSW,0,1598160508.9302812
CF_Clu_ActiveEcoSW,0,1598160509.4300199
CF_Clu_ActiveEcoSW,0,1598160514.422461
CF_Clu_ActiveEcoSW,0,1598160514.62316
CF_Clu_ActiveEcoSW,0,1598160514.820016
CF_Clu_ActiveEcoSW,0,1598160516.118474
CF_Clu_ActiveEcoSW,0,1598160517.322211
CF_Clu_ActiveEcoSW,0,1598160517.6172
CF_Clu_ActiveEcoSW,0,1598160517.817933
CF_Clu_ActiveEcoSW,0,1598160519.2149591
CF_Clu_ActiveEcoSW,0,1598160519.616122
CF_Clu_ActiveEcoSW,0,1598160519.816652
CF_Clu_ActiveEcoSW,0,1598160521.0129158
CF_Clu_ActiveEcoSW,0,1598160522.1106648
CF_Clu_ActiveEcoSW,0,1598160522.9093306
CF_Clu_ActiveEcoSW,0,1598160523.110018
CF_Clu_ActiveEcoSW,0,1598160525.907213
CF_Clu_ActiveEcoSW,0,1598160526.0058694
CF_Clu_ActiveEcoSW,0,1598160526.906474
CF_Clu_ActiveEcoSW,0,1598160528.806973
CF_Clu_ActiveEcoSW,0,1598160528.9052842
CF_Clu_ActiveEcoSW,0,1598160529.003509
CF_Clu_ActiveEcoSW,0,1598160533.4974382
CF_Clu_ActiveEcoSW,0,1598160534.696981
CF_Clu_ActiveEcoSW,0,1598160534.795886
CF_Clu_ActiveEcoSW,0,1598160536.89652
CF_Clu_ActiveEcoSW,0,1598160538.6906931
CF_Clu_ActiveEcoSW,0,1598160538.890958
CF_Clu_ActiveEcoSW,0,1598160539.689632
CF_Clu_ActiveEcoSW,0,1598160540.389931
CF_Clu_ActiveEcoSW,0,1598160541.7867231
CF_Clu_ActiveEcoSW,0,1598160542.7860081
CF_Clu_ActiveEcoSW,0,1598160543.584665
CF_Clu_ActiveEcoSW,0,1598160543.884015
CF_Clu_ActiveEcoSW,0,1598160544.2850251
CF_Clu_ActiveEcoSW,0,1598160544.883751
CF_Clu_ActiveEcoSW,0,1598160546.1814024
CF_Clu_ActiveEcoSW,0,1598160546.780388
CF_Clu_ActiveEcoSW,0,1598160547.881116
CF_Clu_ActiveEcoSW,0,1598160548.078696
CF_Clu_ActiveEcoSW,0,1598160548.180466
CF_Clu_ActiveEcoSW,0,1598160548.979219
CF_Clu_ActiveEcoSW,0,1598160549.47949
CF_Clu_ActiveEcoSW,0,1598160549.7775948
CF_Clu_ActiveEcoSW,0,1598160550.1751628
CF_Clu_ActiveEcoSW,0,1598160551.772553
CF_Clu_ActiveEcoSW,0,1598160552.574904
CF_Clu_ActiveEcoSW,0,1598160554.471349
CF_Clu_ActiveEcoSW,0,1598160557.1667821
CF_Clu_ActiveEcoSW,0,1598160558.7640462
CF_Clu_ActiveEcoSW,0,1598160560.164444
CF_Clu_ActiveEcoSW,0,1598160561.9627829
CF_Clu_ActiveEcoSW,0,1598160562.360379
CF_Clu_ActiveEcoSW,0,1598160565.059341
CF_Clu_ActiveEcoSW,0,1598160566.15679
CF_Clu_ActiveEcoSW,0,1598160567.054063
CF_Clu_ActiveEcoSW,0,1598160567.65569
CF_Clu_ActiveEcoSW,0,1598160571.149503
CF_Clu_ActiveEcoSW,0,1598160573.647902
CF_Clu_ActiveEcoSW,0,1598160574.046484
CF_Clu_ActiveEcoSW,0,1598160574.2470534
CF_Clu_ActiveEcoSW,0,1598160574.54601
CF_Clu_ActiveEcoSW,0,1598160576.441542
CF_Clu_ActiveEcoSW,0,1598160576.6423318
CF_Clu_ActiveEcoSW,0,1598160578.640706
CF_Clu_ActiveEcoSW,0,1598160580.139915
CF_Clu_ActiveEcoSW,0,1598160580.340439
CF_Clu_ActiveEcoSW,0,1598160581.139154
CF_Clu_ActiveEcoSW,0,1598160581.540462
CF_Clu_ActiveEcoSW,0,1598160582.134827
CF_Clu_ActiveEcoSW,0,1598160583.134162
CF_Clu_ActiveEcoSW,0,1598160583.33505
CF_Clu_ActiveEcoSW,0,1598160586.332625
CF_Clu_ActiveEcoSW,0,1598160586.431217
CF_Clu_ActiveEcoSW,0,1598160589.2286391
CF_Clu_ActiveEcoSW,0,1598160589.7282062
CF_Clu_ActiveEcoSW,0,1598160590.924356
CF_Clu_ActiveEcoSW,0,1598160593.123997
CF_Clu_ActiveEcoSW,0,1598160594.2211359
CF_Clu_ActiveEcoSW,0,1598160594.819476
CF_Clu_ActiveEcoSW,0,1598160595.1222339
CF_Clu_ActiveEcoSW,0,1598160595.3193214
CF_Clu_ActiveEcoSW,0,1598160595.818641
CF_Clu_ActiveEcoSW,0,1598160596.5189538
CF_Clu_ActiveEcoSW,0,1598160598.616023
CF_Clu_ActiveEcoSW,0,1598160599.0172546
CF_Clu_ActiveEcoSW,0,1598160599.513859
CF_Clu_ActiveEcoSW,0,1598160600.6149
CF_Clu_ActiveEcoSW,0,1598160601.5119274
CF_Clu_ActiveEcoSW,0,1598160602.011533
CF_Clu_ActiveEcoSW,0,1598160603.3098462
CF_Clu_ActiveEcoSW,0,1598160603.8094964
CF_Clu_ActiveEcoSW,0,1598160604.2072868
CF_Clu_ActiveEcoSW,0,1598160604.4077704
CF_Clu_ActiveEcoSW,0,1598160604.808893
CF_Clu_ActiveEcoSW,0,1598160605.3084428
CF_Clu_ActiveEcoSW,0,1598160605.509182
CF_Clu_ActiveEcoSW,0,1598160605.709874
CF_Clu_ActiveEcoSW,0,1598160606.107174
CF_Clu_ActiveEcoSW,0,1598160607.303616
CF_Clu_ActiveEcoSW,0,1598160607.504019
CF_Clu_ActiveEcoSW,0,1598160611.1988132
CF_Clu_ActiveEcoSW,0,1598160612.1981928
CF_Clu_ActiveEcoSW,0,1598160614.8967881
CF_Clu_ActiveEcoSW,0,1598160615.2944689
CF_Clu_ActiveEcoSW,0,1598160618.390579
CF_Clu_ActiveEcoSW,0,1598160619.09089
CF_Clu_ActiveEcoSW,0,1598160621.187979
CF_Clu_ActiveEcoSW,0,1598160627.2796881
CF_Clu_ActiveEcoSW,0,1598160627.581661
CF_Clu_ActiveEcoSW,0,1598160630.1746109
CF_Clu_ActiveEcoSW,0,1598160630.575634
CF_Clu_ActiveEcoSW,0,1598160632.275733
CF_Clu_ActiveEcoSW,0,1598160632.475987
CF_Clu_ActiveEcoSW,0,1598160632.5743089
CF_Clu_ActiveEcoSW,0,1598160632.7713618
CF_Clu_ActiveEcoSW,0,1598160635.867868
CF_Clu_ActiveEcoSW,0,1598160636.367415
CF_Clu_ActiveEcoSW,0,1598160637.3668132
CF_Clu_ActiveEcoSW,0,1598160637.767831
CF_Clu_ActiveEcoSW,0,1598160642.060789
CF_Clu_ActiveEcoSW,0,1598160644.559217
CF_Clu_ActiveEcoSW,0,1598160646.361047
CF_Clu_ActiveEcoSW,0,1598160652.746547
CF_Clu_ActiveEcoSW,0,1598160653.447026
CF_Clu_ActiveEcoSW,0,1598160654.847393
CF_Clu_ActiveEcoSW,0,1598160654.945685
CF_Clu_ActiveEcoSW,0,1598160656.043659
CF_Clu_ActiveEcoSW,0,1598160657.9399838
CF_Clu_ActiveEcoSW,0,1598160658.1407628
CF_Clu_ActiveEcoSW,0,1598160659.840141
CF_Clu_ActiveEcoSW,0,1598160659.938545
CF_Clu_ActiveEcoSW,0,1598160665.832313
CF_Clu_ActiveEcoSW,0,1598160665.9312391
CF_Clu_ActiveEcoSW,0,1598160666.430465
CF_Clu_ActiveEcoSW,0,1598160667.229065
CF_Clu_ActiveEcoSW,0,1598160669.5277374
CF_Clu_ActiveEcoSW,0,1598160669.728339
CF_Clu_ActiveEcoSW,0,1598160670.3294148
CF_Clu_ActiveEcoSW,0,1598160671.324785
CF_Clu_ActiveEcoSW,0,1598160671.623749
CF_Clu_ActiveEcoSW,0,1598160672.623162
CF_Clu_ActiveEcoSW,0,1598160676.616703
CF_Clu_ActiveEcoSW,0,1598160678.115633
CF_Clu_ActiveEcoSW,0,1598160678.41474
CF_Clu_ActiveEcoSW,0,1598160678.914689
CF_Clu_ActiveEcoSW,0,1598160679.9137769
CF_Clu_ActiveEcoSW,0,1598160680.012459
CF_Clu_ActiveEcoSW,0,1598160681.9125
CF_Clu_ActiveEcoSW,0,1598160685.307934
CF_Clu_ActiveEcoSW,0,1598160685.906178
CF_Clu_ActiveEcoSW,0,1598160688.904126
CF_Clu_ActiveEcoSW,0,1598160689.501986
CF_Clu_ActiveEcoSW,0,1598160689.8010108
CF_Clu_ActiveEcoSW,0,1598160690.8990872
CF_Clu_ActiveEcoSW,0,1598160691.500692
CF_Clu_ActiveEcoSW,0,1598160692.098711
CF_Clu_ActiveEcoSW,0,1598160692.2994292
CF_Clu_ActiveEcoSW,0,1598160692.79568
CF_Clu_ActiveEcoSW,0,1598160694.3969429
CF_Clu_ActiveEcoSW,0,1598160695.9941869
CF_Clu_ActiveEcoSW,0,1598160696.292969
CF_Clu_ActiveEcoSW,0,1598160696.395464
CF_Clu_ActiveEcoSW,0,1598160698.488665
CF_Clu_ActiveEcoSW,0,1598160698.6892226
CF_Clu_ActiveEcoSW,0,1598160700.589324
CF_Clu_ActiveEcoSW,0,1598160701.088983
CF_Clu_ActiveEcoSW,0,1598160702.784767
CF_Clu_ActiveEcoSW,0,1598160706.0819874
CF_Clu_ActiveEcoSW,0,1598160706.279145
CF_Clu_ActiveEcoSW,0,1598160706.679944
CF_Clu_ActiveEcoSW,0,1598160708.179007
CF_Clu_ActiveEcoSW,0,1598160708.477969
CF_Clu_ActiveEcoSW,0,1598160709.4774554
CF_Clu_ActiveEcoSW,0,1598160709.977603
CF_Clu_ActiveEcoSW,0,1598160710.378355
CF_Clu_ActiveEcoSW,0,1598160710.6735609
CF_Clu_ActiveEcoSW,0,1598160711.9720662
CF_Clu_ActiveEcoSW,0,1598160713.372363
CF_Clu_ActiveEcoSW,0,1598160714.769166
CF_Clu_ActiveEcoSW,0,1598160715.0685642
CF_Clu_ActiveEcoSW,0,1598160716.2684119
CF_Clu_ActiveEcoSW,0,1598160716.9685106
CF_Clu_ActiveEcoSW,0,1598160719.762227
CF_Clu_ActiveEcoSW,0,1598160719.8643632
CF_Clu_ActiveEcoSW,0,1598160719.9629009
CF_Clu_ActiveEcoSW,0,1598160720.3639624
CF_Clu_ActiveEcoSW,0,1598160722.260596
CF_Clu_ActiveEcoSW,0,1598160722.359453
CF_Clu_ActiveEcoSW,0,1598160724.955785
CF_Clu_ActiveEcoSW,0,1598160725.160408
CF_Clu_ActiveEcoSW,0,1598160725.357434
CF_Clu_ActiveEcoSW,0,1598160725.7590811
CF_Clu_ActiveEcoSW,0,1598160726.7539892
CF_Clu_ActiveEcoSW,0,1598160727.453944
CF_Clu_ActiveEcoSW,0,1598160728.154349
CF_Clu_ActiveEcoSW,0,1598160729.0512311
CF_Clu_ActiveEcoSW,0,1598160730.6490922
CF_Clu_ActiveEcoSW,0,1598160731.247009
CF_Clu_ActiveEcoSW,0,1598160731.4478939
CF_Clu_ActiveEcoSW,0,1598160731.549603
CF_Clu_ActiveEcoSW,0,1598160731.7502544
CF_Clu_ActiveEcoSW,0,1598160732.2462568
CF_Clu_ActiveEcoSW,0,1598160734.244875
CF_Clu_ActiveEcoSW,0,1598160734.347073
CF_Clu_ActiveEcoSW,0,1598160735.444957
CF_Clu_ActiveEcoSW,0,1598160735.543374
CF_Clu_ActiveEcoSW,0,1598160736.24454
CF_Clu_ActiveEcoSW,0,1598160737.840987
CF_Clu_ActiveEcoSW,0,1598160738.840163
CF_Clu_ActiveEcoSW,0,1598160739.3397849
CF_Clu_ActiveEcoSW,0,1598160742.4362009
CF_Clu_ActiveEcoSW,0,1598160742.9324546
CF_Clu_ActiveEcoSW,0,1598160743.1330206
CF_Clu_ActiveEcoSW,0,1598160743.931564
CF_Clu_ActiveEcoSW,0,1598160744.7305212
CF_Clu_ActiveEcoSW,0,1598160745.729951
CF_Clu_ActiveEcoSW,0,1598160747.4292789
CF_Clu_ActiveEcoSW,0,1598160748.126588
CF_Clu_ActiveEcoSW,0,1598160748.327426
CF_Clu_ActiveEcoSW,0,1598160749.62869
CF_Clu_ActiveEcoSW,0,1598160750.7263849
CF_Clu_ActiveEcoSW,0,1598160754.4206882
CF_Clu_ActiveEcoSW,0,1598160755.1172931
CF_Clu_ActiveEcoSW,0,1598160756.4156392
CF_Clu_ActiveEcoSW,0,1598160758.017107
CF_Clu_ActiveEcoSW,0,1598160758.913814
CF_Clu_ActiveEcoSW,0,1598160759.212852
CF_Clu_ActiveEcoSW,0,1598160760.01195
CF_Clu_ActiveEcoSW,0,1598160760.4127119
CF_Clu_ActiveEcoSW,0,1598160764.308068
CF_Clu_ActiveEcoSW,0,1598160765.0084534
CF_Clu_ActiveEcoSW,0,1598160765.909569
CF_Clu_ActiveEcoSW,0,1598160767.503031
CF_Clu_ActiveEcoSW,0,1598160767.703487
CF_Clu_ActiveEcoSW,0,1598160768.104656
CF_Clu_ActiveEcoSW,0,1598160768.600702
CF_Clu_ActiveEcoSW,0,1598160770.300191
CF_Clu_ActiveEcoSW,0,1598160773.8962932
CF_Clu_ActiveEcoSW,0,1598160774.895699
CF_Clu_ActiveEcoSW,0,1598160775.79325
CF_Clu_ActiveEcoSW,0,1598160776.6899161
CF_Clu_ActiveEcoSW,0,1598160777.791569
CF_Clu_ActiveEcoSW,0,1598160778.987608
CF_Clu_ActiveEcoSW,0,1598160779.286848
CF_Clu_ActiveEcoSW,0,1598160779.9868858
CF_Clu_ActiveEcoSW,0,1598160782.1861632
CF_Clu_ActiveEcoSW,0,1598160782.9811802
CF_Clu_ActiveEcoSW,0,1598160783.480772
CF_Clu_ActiveEcoSW,0,1598160785.2788868
CF_Clu_ActiveEcoSW,0,1598160785.581556
CF_Clu_ActiveEcoSW,0,1598160785.6799374
CF_Clu_ActiveEcoSW,0,1598160785.778839
CF_Clu_ActiveEcoSW,0,1598160786.8799274
CF_Clu_ActiveEcoSW,0,1598160786.978358
CF_Clu_ActiveEcoSW,0,1598160788.776456
CF_Clu_ActiveEcoSW,0,1598160788.9770508
CF_Clu_ActiveEcoSW,0,1598160791.872797
CF_Clu_ActiveEcoSW,0,1598160792.372376
CF_Clu_ActiveEcoSW,0,1598160792.9707232
CF_Clu_ActiveEcoSW,0,1598160793.371687
CF_Clu_ActiveEcoSW,0,1598160793.969847
CF_Clu_ActiveEcoSW,0,1598160794.96914
CF_Clu_ActiveEcoSW,0,1598160796.464658
CF_Clu_ActiveEcoSW,0,1598160797.266906
CF_Clu_ActiveEcoSW,0,1598160797.7666054
CF_Clu_ActiveEcoSW,0,1598160798.962695
CF_Clu_ActiveEcoSW,0,1598160799.1633546
CF_Clu_ActiveEcoSW,0,1598160799.863726
CF_Clu_ActiveEcoSW,0,1598160801.7600908
CF_Clu_ActiveEcoSW,0,1598160803.456067
CF_Clu_ActiveEcoSW,0,1598160803.558393
CF_Clu_ActiveEcoSW,0,1598160803.8571029
CF_Clu_ActiveEcoSW,0,1598160804.15656
CF_Clu_ActiveEcoSW,0,1598160805.958648
CF_Clu_ActiveEcoSW,0,1598160806.056596
CF_Clu_ActiveEcoSW,0,1598160806.654377
CF_Clu_ActiveEcoSW,0,1598160806.8514938
CF_Clu_ActiveEcoSW,0,1598160809.25122
CF_Clu_ActiveEcoSW,0,1598160809.5503402
CF_Clu_ActiveEcoSW,0,1598160811.848018
CF_Clu_ActiveEcoSW,0,1598160812.945749
CF_Clu_ActiveEcoSW,0,1598160813.044416
CF_Clu_ActiveEcoSW,0,1598160814.642415
CF_Clu_ActiveEcoSW,0,1598160815.1450298
CF_Clu_ActiveEcoSW,0,1598160815.6411119
CF_Clu_ActiveEcoSW,0,1598160819.23715
CF_Clu_ActiveEcoSW,0,1598160819.7370071
CF_Clu_ActiveEcoSW,0,1598160820.637558
CF_Clu_ActiveEcoSW,0,1598160820.936558
CF_Clu_ActiveEcoSW,0,1598160822.1366882
CF_Clu_ActiveEcoSW,0,1598160822.431914
CF_Clu_ActiveEcoSW,0,1598160822.931693
CF_Clu_ActiveEcoSW,0,1598160824.4303539
CF_Clu_ActiveEcoSW,0,1598160824.631032
CF_Clu_ActiveEcoSW,0,1598160825.028877
CF_Clu_ActiveEcoSW,0,1598160829.8250449
CF_Clu_ActiveEcoSW,0,1598160830.124398
CF_Clu_ActiveEcoSW,0,1598160830.922304
CF_Clu_ActiveEcoSW,0,1598160831.221592
CF_Clu_ActiveEcoSW,0,1598160832.9209678
CF_Clu_ActiveEcoSW,0,1598160833.31875
CF_Clu_ActiveEcoSW,0,1598160834.018951
CF_Clu_ActiveEcoSW,0,1598160834.5184052
CF_Clu_ActiveEcoSW,0,1598160837.0168018
CF_Clu_ActiveEcoSW,0,1598160837.5164359
CF_Clu_ActiveEcoSW,0,1598160837.9144099
CF_Clu_ActiveEcoSW,0,1598160838.2131534
CF_Clu_ActiveEcoSW,0,1598160839.712189
CF_Clu_ActiveEcoSW,0,1598160841.5098839
CF_Clu_ActiveEcoSW,0,1598160841.60899
CF_Clu_ActiveEcoSW,0,1598160841.7106318
CF_Clu_ActiveEcoSW,0,1598160842.90725
CF_Clu_ActiveEcoSW,0,1598160843.508873
CF_Clu_ActiveEcoSW,0,1598160843.807822
CF_Clu_ActiveEcoSW,0,1598160844.1066408
CF_Clu_ActiveEcoSW,0,1598160844.3074956
CF_Clu_ActiveEcoSW,0,1598160844.705026
CF_Clu_ActiveEcoSW,0,1598160845.003948
CF_Clu_ActiveEcoSW,0,1598160851.7984529
CF_Clu_ActiveEcoSW,0,1598160853.4946592
CF_Clu_ActiveEcoSW,0,1598160853.596735
CF_Clu_ActiveEcoSW,0,1598160853.99445
CF_Clu_ActiveEcoSW,0,1598160857.590044
CF_Clu_ActiveEcoSW,0,1598160857.7909448
CF_Clu_ActiveEcoSW,0,1598160858.589441
CF_Clu_ActiveEcoSW,0,1598160858.888342
CF_Clu_ActiveEcoSW,0,1598160859.089077
CF_Clu_ActiveEcoSW,0,1598160859.18736
CF_Clu_ActiveEcoSW,0,1598160859.9861221
CF_Clu_ActiveEcoSW,0,1598160860.084758
CF_Clu_ActiveEcoSW,0,1598160860.68644
CF_Clu_ActiveEcoSW,0,1598160861.583959
CF_Clu_ActiveEcoSW,0,1598160862.881839
CF_Clu_ActiveEcoSW,0,1598160863.484266
CF_Clu_ActiveEcoSW,0,1598160863.881541
CF_Clu_ActiveEcoSW,0,1598160864.380943
CF_Clu_ActiveEcoSW,0,1598160865.8799329
CF_Clu_ActiveEcoSW,0,1598160866.2776349
CF_Clu_ActiveEcoSW,0,1598160866.678617
CF_Clu_ActiveEcoSW,0,1598160866.977851
CF_Clu_ActiveEcoSW,0,1598160869.57484
CF_Clu_ActiveEcoSW,0,1598160869.975777
CF_Clu_ActiveEcoSW,0,1598160870.672647
CF_Clu_ActiveEcoSW,0,1598160870.971421
CF_Clu_ActiveEcoSW,0,1598160873.9691858
CF_Clu_ActiveEcoSW,0,1598160874.4688811
CF_Clu_ActiveEcoSW,0,1598160874.9686024
CF_Clu_ActiveEcoSW,0,1598160877.9667811
CF_Clu_ActiveEcoSW,0,1598160878.065069
CF_Clu_ActiveEcoSW,0,1598160880.4610689
CF_Clu_ActiveEcoSW,0,1598160881.059084
CF_Clu_ActiveEcoSW,0,1598160881.2598028
CF_Clu_ActiveEcoSW,0,1598160884.257868
CF_Clu_ActiveEcoSW,0,1598160885.855368
CF_Clu_ActiveEcoSW,0,1598160886.2569098
CF_Clu_ActiveEcoSW,0,1598160886.653874
CF_Clu_ActiveEcoSW,0,1598160888.251275
CF_Clu_ActiveEcoSW,0,1598160890.946713
CF_Clu_ActiveEcoSW,0,1598160892.048115
CF_Clu_ActiveEcoSW,0,1598160892.245269
CF_Clu_ActiveEcoSW,0,1598160893.145741
CF_Clu_ActiveEcoSW,0,1598160894.546409
CF_Clu_ActiveEcoSW,0,1598160898.43769
CF_Clu_ActiveEcoSW,0,1598160898.838969
CF_Clu_ActiveEcoSW,0,1598160899.7359211
CF_Clu_ActiveEcoSW,0,1598160900.137247
CF_Clu_ActiveEcoSW,0,1598160900.834202
CF_Clu_ActiveEcoSW,0,1598160901.8370502
CF_Clu_ActiveEcoSW,0,1598160902.832355
CF_Clu_ActiveEcoSW,0,1598160904.8310509
CF_Clu_ActiveEcoSW,0,1598160905.7281768
CF_Clu_ActiveEcoSW,0,1598160906.129552
CF_Clu_ActiveEcoSW,0,1598160906.227941
CF_Clu_ActiveEcoSW,0,1598160906.3263848
CF_Clu_ActiveEcoSW,0,1598160906.4285364
CF_Clu_ActiveEcoSW,0,1598160907.7270482
CF_Clu_ActiveEcoSW,0,1598160908.4270444
CF_Clu_ActiveEcoSW,0,1598160909.026144
CF_Clu_ActiveEcoSW,0,1598160909.1248019
CF_Clu_ActiveEcoSW,0,1598160909.2258232
CF_Clu_ActiveEcoSW,0,1598160911.324127
CF_Clu_ActiveEcoSW,0,1598160912.81865
CF_Clu_ActiveEcoSW,0,1598160913.5184321
CF_Clu_ActiveEcoSW,0,1598160915.615797
CF_Clu_ActiveEcoSW,0,1598160917.0161881
CF_Clu_ActiveEcoSW,0,1598160917.213042
CF_Clu_ActiveEcoSW,0,1598160918.0155132
CF_Clu_ActiveEcoSW,0,1598160919.6135108
CF_Clu_ActiveEcoSW,0,1598160919.7114182
CF_Clu_ActiveEcoSW,0,1598160921.210409
CF_Clu_ActiveEcoSW,0,1598160923.807133
CF_Clu_ActiveEcoSW,0,1598160924.507828
CF_Clu_ActiveEcoSW,0,1598160925.2041051
CF_Clu_ActiveEcoSW,0,1598160925.605192
CF_Clu_ActiveEcoSW,0,1598160926.0027552
CF_Clu_ActiveEcoSW,0,1598160927.104222
CF_Clu_ActiveEcoSW,0,1598160928.2017438
CF_Clu_ActiveEcoSW,0,1598160929.1974888
CF_Clu_ActiveEcoSW,0,1598160930.3972216
CF_Clu_ActiveEcoSW,0,1598160931.0975802
CF_Clu_ActiveEcoSW,0,1598160933.096441
CF_Clu_ActiveEcoSW,0,1598160933.694975
CF_Clu_ActiveEcoSW,0,1598160936.79082
CF_Clu_ActiveEcoSW,0,1598160937.0900712
CF_Clu_ActiveEcoSW,0,1598160938.486876
CF_Clu_ActiveEcoSW,0,1598160939.18682
CF_Clu_ActiveEcoSW,0,1598160939.985656
CF_Clu_ActiveEcoSW,0,1598160940.784756
CF_Clu_ActiveEcoSW,0,1598160941.6852
CF_Clu_ActiveEcoSW,0,1598160945.179122
CF_Clu_ActiveEcoSW,0,1598160945.678689
CF_Clu_ActiveEcoSW,0,1598160947.276142
CF_Clu_ActiveEcoSW,0,1598160948.174032
CF_Clu_ActiveEcoSW,0,1598160949.274802
CF_Clu_ActiveEcoSW,0,1598160949.3773284
CF_Clu_ActiveEcoSW,0,1598160950.373357
CF_Clu_ActiveEcoSW,0,1598160953.567682
CF_Clu_ActiveEcoSW,0,1598160955.766685
CF_Clu_ActiveEcoSW,0,1598160957.462667
CF_Clu_ActiveEcoSW,0,1598160957.9660099
CF_Clu_ActiveEcoSW,0,1598160959.960796
CF_Clu_ActiveEcoSW,0,1598160962.2586071
CF_Clu_ActiveEcoSW,0,1598160964.8556302
CF_Clu_ActiveEcoSW,0,1598160965.0562649
CF_Clu_ActiveEcoSW,0,1598160965.9573274
CF_Clu_ActiveEcoSW,0,1598160966.751738
CF_Clu_ActiveEcoSW,0,1598160967.157023
CF_Clu_ActiveEcoSW,0,1598160967.7510734
CF_Clu_ActiveEcoSW,0,1598160968.050108
CF_Clu_ActiveEcoSW,0,1598160968.947338
CF_Clu_ActiveEcoSW,0,1598160969.049514
CF_Clu_ActiveEcoSW,0,1598160971.74501
CF_Clu_ActiveEcoSW,0,1598160972.74381
CF_Clu_ActiveEcoSW,0,1598160973.3458269
CF_Clu_ActiveEcoSW,0,1598160977.237582
CF_Clu_ActiveEcoSW,0,1598160978.0359411
CF_Clu_ActiveEcoSW,0,1598160978.5356126
CF_Clu_ActiveEcoSW,0,1598160978.735997
CF_Clu_ActiveEcoSW,0,1598160979.4363992
CF_Clu_ActiveEcoSW,0,1598160979.735323
CF_Clu_ActiveEcoSW,0,1598160980.533976
CF_Clu_ActiveEcoSW,0,1598160981.632243
CF_Clu_ActiveEcoSW,0,1598160983.4338226
CF_Clu_ActiveEcoSW,0,1598160984.728671
CF_Clu_ActiveEcoSW,0,1598160988.324267
CF_Clu_ActiveEcoSW,0,1598160988.525044
CF_Clu_ActiveEcoSW,0,1598160989.0248818
CF_Clu_ActiveEcoSW,0,1598160989.524308
CF_Clu_ActiveEcoSW,0,1598160990.1232939
CF_Clu_ActiveEcoSW,0,1598160990.425524
CF_Clu_ActiveEcoSW,0,1598160990.925313
CF_Clu_ActiveEcoSW,0,1598160991.424826
CF_Clu_ActiveEcoSW,0,1598160991.719729
CF_Clu_ActiveEcoSW,0,1598160992.620806
CF_Clu_ActiveEcoSW,0,1598160992.9197788
CF_Clu_ActiveEcoSW,0,1598160997.3145552
CF_Clu_ActiveEcoSW,0,1598160998.609291
CF_Clu_ActiveEcoSW,0,1598161000.108365
CF_Clu_ActiveEcoSW,0,1598161002.406643
CF_Clu_ActiveEcoSW,0,1598161002.705544
CF_Clu_ActiveEcoSW,0,1598161004.105828
CF_Clu_ActiveEcoSW,0,1598161005.7032928
CF_Clu_ActiveEcoSW,0,1598161006.50584
CF_Clu_ActiveEcoSW,0,1598161006.903481
CF_Clu_ActiveEcoSW,0,1598161009.298871
CF_Clu_ActiveEcoSW,0,1598161009.598022
CF_Clu_ActiveEcoSW,0,1598161011.793577
CF_Clu_ActiveEcoSW,0,1598161012.395265
CF_Clu_ActiveEcoSW,0,1598161012.596004
CF_Clu_ActiveEcoSW,0,1598161012.694307
CF_Clu_ActiveEcoSW,0,1598161012.79308
CF_Clu_ActiveEcoSW,0,1598161015.094458
CF_Clu_ActiveEcoSW,0,1598161016.0897126
CF_Clu_ActiveEcoSW,0,1598161016.987277
CF_Clu_ActiveEcoSW,0,1598161018.6865609
CF_Clu_ActiveEcoSW,0,1598161023.5809221
CF_Clu_ActiveEcoSW,0,1598161025.379033
CF_Clu_ActiveEcoSW,0,1598161025.9771242
CF_Clu_ActiveEcoSW,0,1598161026.2763364
CF_Clu_ActiveEcoSW,0,1598161028.074136
CF_Clu_ActiveEcoSW,0,1598161028.475438
CF_Clu_ActiveEcoSW,0,1598161028.873392
CF_Clu_ActiveEcoSW,0,1598161030.5737472
CF_Clu_ActiveEcoSW,0,1598161030.6719198
CF_Clu_ActiveEcoSW,0,1598161034.266943
CF_Clu_ActiveEcoSW,0,1598161035.364744
CF_Clu_ActiveEcoSW,0,1598161036.761729
CF_Clu_ActiveEcoSW,0,1598161037.064405
CF_Clu_ActiveEcoSW,0,1598161037.163139
CF_Clu_ActiveEcoSW,0,1598161038.0600529
CF_Clu_ActiveEcoSW,0,1598161038.2644658
CF_Clu_ActiveEcoSW,0,1598161039.858407
CF_Clu_ActiveEcoSW,0,1598161044.953639
CF_Clu_ActiveEcoSW,0,1598161045.354754
CF_Clu_ActiveEcoSW,0,1598161047.1564832
CF_Clu_ActiveEcoSW,0,1598161047.8488429
CF_Clu_ActiveEcoSW,0,1598161048.5490394
CF_Clu_ActiveEcoSW,0,1598161050.245265
CF_Clu_ActiveEcoSW,0,1598161050.4457462
CF_Clu_ActiveEcoSW,0,1598161051.645484
CF_Clu_ActiveEcoSW,0,1598161054.0456152
CF_Clu_ActiveEcoSW,0,1598161054.1440039
CF_Clu_ActiveEcoSW,0,1598161054.344598
CF_Clu_ActiveEcoSW,0,1598161057.3388786
CF_Clu_ActiveEcoSW,0,1598161059.534441
CF_Clu_ActiveEcoSW,0,1598161063.629865
CF_Clu_ActiveEcoSW,0,1598161065.7269151
CF_Clu_ActiveEcoSW,0,1598161066.1281786
CF_Clu_ActiveEcoSW,0,1598161066.22661
CF_Clu_ActiveEcoSW,0,1598161067.324401
CF_Clu_ActiveEcoSW,0,1598161067.72561
CF_Clu_ActiveEcoSW,0,1598161068.722047
CF_Clu_ActiveEcoSW,0,1598161069.523752
CF_Clu_ActiveEcoSW,0,1598161073.2181509
CF_Clu_ActiveEcoSW,0,1598161074.1155949
CF_Clu_ActiveEcoSW,0,1598161074.4145448
CF_Clu_ActiveEcoSW,0,1598161074.815658
CF_Clu_ActiveEcoSW,0,1598161076.2125592
CF_Clu_ActiveEcoSW,0,1598161077.01139
CF_Clu_ActiveEcoSW,0,1598161078.01436
CF_Clu_ActiveEcoSW,0,1598161078.3134449
CF_Clu_ActiveEcoSW,0,1598161079.5094302
CF_Clu_ActiveEcoSW,0,1598161081.406229
CF_Clu_ActiveEcoSW,0,1598161082.5075321
CF_Clu_ActiveEcoSW,0,1598161082.8064618
CF_Clu_ActiveEcoSW,0,1598161084.3056881
CF_Clu_ActiveEcoSW,0,1598161084.502607
CF_Clu_ActiveEcoSW,0,1598161085.305131
CF_Clu_ActiveEcoSW,0,1598161085.403344
CF_Clu_ActiveEcoSW,0,1598161085.8050652
CF_Clu_ActiveEcoSW,0,1598161086.103925
CF_Clu_ActiveEcoSW,0,1598161086.7056751
CF_Clu_ActiveEcoSW,0,1598161087.897932
CF_Clu_ActiveEcoSW,0,1598161088.897419
CF_Clu_ActiveEcoSW,0,1598161092.194058
CF_Clu_ActiveEcoSW,0,1598161092.595415
CF_Clu_ActiveEcoSW,0,1598161092.693707
CF_Clu_ActiveEcoSW,0,1598161093.49296
CF_Clu_ActiveEcoSW,0,1598161095.9877882
CF_Clu_ActiveEcoSW,0,1598161097.4866428
CF_Clu_ActiveEcoSW,0,1598161098.284933
CF_Clu_ActiveEcoSW,0,1598161099.685239
CF_Clu_ActiveEcoSW,0,1598161099.8824372
CF_Clu_ActiveEcoSW,0,1598161100.382167
CF_Clu_ActiveEcoSW,0,1598161102.482666
CF_Clu_ActiveEcoSW,0,1598161103.3797581
CF_Clu_ActiveEcoSW,0,1598161104.2770278
CF_Clu_ActiveEcoSW,0,1598161104.6780832
CF_Clu_ActiveEcoSW,0,1598161104.977066
CF_Clu_ActiveEcoSW,0,1598161106.476167
CF_Clu_ActiveEcoSW,0,1598161106.5750868
CF_Clu_ActiveEcoSW,0,1598161107.874073
CF_Clu_ActiveEcoSW,0,1598161108.671844
CF_Clu_ActiveEcoSW,0,1598161109.773385
CF_Clu_ActiveEcoSW,0,1598161110.171275
CF_Clu_ActiveEcoSW,0,1598161110.3753989
CF_Clu_ActiveEcoSW,0,1598161110.6745448
CF_Clu_ActiveEcoSW,0,1598161110.9694972
CF_Clu_ActiveEcoSW,0,1598161111.6697881
CF_Clu_ActiveEcoSW,0,1598161116.761137
CF_Clu_ActiveEcoSW,0,1598161117.461473
CF_Clu_ActiveEcoSW,0,1598161117.8629801
CF_Clu_ActiveEcoSW,0,1598161119.4598448
CF_Clu_ActiveEcoSW,0,1598161119.959525
CF_Clu_ActiveEcoSW,0,1598161120.7581859
CF_Clu_ActiveEcoSW,0,1598161121.5569658
CF_Clu_ActiveEcoSW,0,1598161122.257281
CF_Clu_ActiveEcoSW,0,1598161123.555578
CF_Clu_ActiveEcoSW,0,1598161124.3544679
CF_Clu_ActiveEcoSW,0,1598161124.653843
CF_Clu_ActiveEcoSW,0,1598161124.854141
CF_Clu_ActiveEcoSW,0,1598161125.153106
CF_Clu_ActiveEcoSW,0,1598161126.853198
CF_Clu_ActiveEcoSW,0,1598161126.951835
CF_Clu_ActiveEcoSW,0,1598161128.0487368
CF_Clu_ActiveEcoSW,0,1598161128.347906
CF_Clu_ActiveEcoSW,0,1598161128.7490518
CF_Clu_ActiveEcoSW,0,1598161128.9462821
CF_Clu_ActiveEcoSW,0,1598161129.547888
CF_Clu_ActiveEcoSW,0,1598161130.2445529
CF_Clu_ActiveEcoSW,0,1598161132.443555
CF_Clu_ActiveEcoSW,0,1598161132.742527
CF_Clu_ActiveEcoSW,0,1598161133.140349
CF_Clu_ActiveEcoSW,0,1598161133.341187
CF_Clu_ActiveEcoSW,0,1598161135.240875
CF_Clu_ActiveEcoSW,0,1598161135.3394716
CF_Clu_ActiveEcoSW,0,1598161136.0369039
CF_Clu_ActiveEcoSW,0,1598161137.735533
CF_Clu_ActiveEcoSW,0,1598161140.430934
CF_Clu_ActiveEcoSW,0,1598161141.532223
CF_Clu_ActiveEcoSW,0,1598161141.8351882
CF_Clu_ActiveEcoSW,0,1598161143.031286
CF_Clu_ActiveEcoSW,0,1598161143.13357
CF_Clu_ActiveEcoSW,0,1598161146.8240874
CF_Clu_ActiveEcoSW,0,1598161148.122675
CF_Clu_ActiveEcoSW,0,1598161148.323296
CF_Clu_ActiveEcoSW,0,1598161148.421708
CF_Clu_ActiveEcoSW,0,1598161149.921165
CF_Clu_ActiveEcoSW,0,1598161150.522684
CF_Clu_ActiveEcoSW,0,1598161151.919376
CF_Clu_ActiveEcoSW,0,1598161152.4189868
CF_Clu_ActiveEcoSW,0,1598161152.9185688
CF_Clu_ActiveEcoSW,0,1598161153.717155
CF_Clu_ActiveEcoSW,0,1598161153.81555
CF_Clu_ActiveEcoSW,0,1598161154.515876
CF_Clu_ActiveEcoSW,0,1598161156.715328
CF_Clu_ActiveEcoSW,0,1598161157.211284
CF_Clu_ActiveEcoSW,0,1598161157.4119294
CF_Clu_ActiveEcoSW,0,1598161161.1063669
CF_Clu_ActiveEcoSW,0,1598161161.20473
CF_Clu_ActiveEcoSW,0,1598161161.306769
CF_Clu_ActiveEcoSW,0,1598161162.704284
CF_Clu_ActiveEcoSW,0,1598161163.5032902
CF_Clu_ActiveEcoSW,0,1598161163.801748
CF_Clu_ActiveEcoSW,0,1598161165.2021391
CF_Clu_ActiveEcoSW,0,1598161168.798006
CF_Clu_ActiveEcoSW,0,1598161168.8962922
CF_Clu_ActiveEcoSW,0,1598161170.395421
CF_Clu_ActiveEcoSW,0,1598161171.0957296
CF_Clu_ActiveEcoSW,0,1598161171.4931672
CF_Clu_ActiveEcoSW,0,1598161172.693089
CF_Clu_ActiveEcoSW,0,1598161173.790797
CF_Clu_ActiveEcoSW,0,1598161174.392821
CF_Clu_ActiveEcoSW,0,1598161175.5929954
CF_Clu_ActiveEcoSW,0,1598161177.1866212
CF_Clu_ActiveEcoSW,0,1598161178.6853712
CF_Clu_ActiveEcoSW,0,1598161178.783631
CF_Clu_ActiveEcoSW,0,1598161179.1851811
CF_Clu_ActiveEcoSW,0,1598161179.4839349
CF_Clu_ActiveEcoSW,0,1598161179.58262
CF_Clu_ActiveEcoSW,0,1598161180.282642
CF_Clu_ActiveEcoSW,0,1598161182.5809882
CF_Clu_ActiveEcoSW,0,1598161183.579804
CF_Clu_ActiveEcoSW,0,1598161186.1764538
CF_Clu_ActiveEcoSW,0,1598161187.372798
CF_Clu_ActiveEcoSW,0,1598161187.773889
CF_Clu_ActiveEcoSW,0,1598161187.872362
CF_Clu_ActiveEcoSW,0,1598161191.268054
CF_Clu_ActiveEcoSW,0,1598161193.864696
CF_Clu_ActiveEcoSW,0,1598161197.063273
CF_Clu_ActiveEcoSW,0,1598161197.362164
CF_Clu_ActiveEcoSW,0,1598161197.6611528
CF_Clu_ActiveEcoSW,0,1598161198.861313
CF_Clu_ActiveEcoSW,0,1598161200.356549
CF_Clu_ActiveEcoSW,0,1598161200.757482
CF_Clu_ActiveEcoSW,0,1598161201.556271
CF_Clu_ActiveEcoSW,0,1598161203.1536908
CF_Clu_ActiveEcoSW,0,1598161204.652838
CF_Clu_ActiveEcoSW,0,1598161204.7518868
CF_Clu_ActiveEcoSW,0,1598161205.15255
CF_Clu_ActiveEcoSW,0,1598161205.4516964
CF_Clu_ActiveEcoSW,0,1598161207.3478348
CF_Clu_ActiveEcoSW,0,1598161207.847491
CF_Clu_ActiveEcoSW,0,1598161209.8462589
CF_Clu_ActiveEcoSW,0,1598161211.144522
CF_Clu_ActiveEcoSW,0,1598161211.2432609
CF_Clu_ActiveEcoSW,0,1598161212.5414732
CF_Clu_ActiveEcoSW,0,1598161214.741067
CF_Clu_ActiveEcoSW,0,1598161214.84304
CF_Clu_ActiveEcoSW,0,1598161215.04015
CF_Clu_ActiveEcoSW,0,1598161215.1421828
CF_Clu_ActiveEcoSW,0,1598161217.5349991
CF_Clu_ActiveEcoSW,0,1598161217.734875
CF_Clu_ActiveEcoSW,0,1598161218.333245
CF_Clu_ActiveEcoSW,0,1598161220.233124
CF_Clu_ActiveEcoSW,0,1598161224.427298
CF_Clu_ActiveEcoSW,0,1598161225.2259948
CF_Clu_ActiveEcoSW,0,1598161225.426718
CF_Clu_ActiveEcoSW,0,1598161225.725694
CF_Clu_ActiveEcoSW,0,1598161228.5231822
CF_Clu_ActiveEcoSW,0,1598161232.016842
CF_Clu_ActiveEcoSW,0,1598161232.717269
CF_Clu_ActiveEcoSW,0,1598161233.315276
CF_Clu_ActiveEcoSW,0,1598161233.913573
CF_Clu_ActiveEcoSW,0,1598161234.9130561
CF_Clu_ActiveEcoSW,0,1598161235.8099148
CF_Clu_ActiveEcoSW,0,1598161236.8130279
CF_Clu_ActiveEcoSW,0,1598161237.61174
CF_Clu_ActiveEcoSW,0,1598161237.8087294
CF_Clu_ActiveEcoSW,0,1598161239.6064794
CF_Clu_ActiveEcoSW,0,1598161240.806525
CF_Clu_ActiveEcoSW,0,1598161242.506285
CF_Clu_ActiveEcoSW,0,1598161244.701684
CF_Clu_ActiveEcoSW,0,1598161245.20158
CF_Clu_ActiveEcoSW,0,1598161245.500849
CF_Clu_ActiveEcoSW,0,1598161246.2010398
CF_Clu_ActiveEcoSW,0,1598161249.596152
CF_Clu_ActiveEcoSW,0,1598161249.7967901
CF_Clu_ActiveEcoSW,0,1598161251.091414
CF_Clu_ActiveEcoSW,0,1598161253.192226
CF_Clu_ActiveEcoSW,0,1598161253.990895
CF_Clu_ActiveEcoSW,0,1598161254.093132
CF_Clu_ActiveEcoSW,0,1598161254.9903538
CF_Clu_ActiveEcoSW,0,1598161256.084808
CF_Clu_ActiveEcoSW,0,1598161257.6855009
CF_Clu_ActiveEcoSW,0,1598161258.6848829
CF_Clu_ActiveEcoSW,0,1598161259.0823636
CF_Clu_ActiveEcoSW,0,1598161261.0808392
CF_Clu_ActiveEcoSW,0,1598161263.976649
CF_Clu_ActiveEcoSW,0,1598161264.177122
CF_Clu_ActiveEcoSW,0,1598161265.873201
CF_Clu_ActiveEcoSW,0,1598161268.371468
CF_Clu_ActiveEcoSW,0,1598161271.566433
CF_Clu_ActiveEcoSW,0,1598161272.864395
CF_Clu_ActiveEcoSW,0,1598161273.5647511
CF_Clu_ActiveEcoSW,0,1598161274.462089
CF_Clu_ActiveEcoSW,0,1598161275.162375
CF_Clu_ActiveEcoSW,0,1598161276.960325
CF_Clu_ActiveEcoSW,0,1598161277.758883
CF_Clu_ActiveEcoSW,0,1598161278.160768
CF_Clu_ActiveEcoSW,0,1598161278.2588868
CF_Clu_ActiveEcoSW,0,1598161279.1596632
CF_Clu_ActiveEcoSW,0,1598161280.457984
CF_Clu_ActiveEcoSW,0,1598161280.85554
CF_Clu_ActiveEcoSW,0,1598161283.3537438
CF_Clu_ActiveEcoSW,0,1598161286.352053
CF_Clu_ActiveEcoSW,0,1598161286.5488472
CF_Clu_ActiveEcoSW,0,1598161288.3465018
CF_Clu_ActiveEcoSW,0,1598161289.2438989
CF_Clu_ActiveEcoSW,0,1598161292.938325
CF_Clu_ActiveEcoSW,0,1598161293.638397
CF_Clu_ActiveEcoSW,0,1598161294.2403948
CF_Clu_ActiveEcoSW,0,1598161295.4364932
CF_Clu_ActiveEcoSW,0,1598161296.136791
CF_Clu_ActiveEcoSW,0,1598161297.234829
CF_Clu_ActiveEcoSW,0,1598161299.7330296
CF_Clu_ActiveEcoSW,0,1598161300.1308491
CF_Clu_ActiveEcoSW,0,1598161300.929217
CF_Clu_ActiveEcoSW,0,1598161301.429151
CF_Clu_ActiveEcoSW,0,1598161301.727953
CF_Clu_ActiveEcoSW,0,1598161303.9269671
CF_Clu_ActiveEcoSW,0,1598161304.525032
CF_Clu_ActiveEcoSW,0,1598161305.2252991
CF_Clu_ActiveEcoSW,0,1598161307.023337
CF_Clu_ActiveEcoSW,0,1598161307.12576
CF_Clu_ActiveEcoSW,0,1598161309.21915
CF_Clu_ActiveEcoSW,0,1598161313.0155454
CF_Clu_ActiveEcoSW,0,1598161314.113278
CF_Clu_ActiveEcoSW,0,1598161315.612324
CF_Clu_ActiveEcoSW,0,1598161316.3090029
CF_Clu_ActiveEcoSW,0,1598161318.008775
CF_Clu_ActiveEcoSW,0,1598161318.110733
CF_Clu_ActiveEcoSW,0,1598161318.610485
CF_Clu_ActiveEcoSW,0,1598161318.8073652
CF_Clu_ActiveEcoSW,0,1598161318.909982
CF_Clu_ActiveEcoSW,0,1598161321.104828
CF_Clu_ActiveEcoSW,0,1598161321.604544
CF_Clu_ActiveEcoSW,0,1598161325.700751
CF_Clu_ActiveEcoSW,0,1598161325.9010289
CF_Clu_ActiveEcoSW,0,1598161326.29872
CF_Clu_ActiveEcoSW,0,1598161327.5967028
CF_Clu_ActiveEcoSW,0,1598161327.7973306
CF_Clu_ActiveEcoSW,0,1598161329.796066
CF_Clu_ActiveEcoSW,0,1598161331.4918609
CF_Clu_ActiveEcoSW,0,1598161332.192099
CF_Clu_ActiveEcoSW,0,1598161333.588942
CF_Clu_ActiveEcoSW,0,1598161334.391552
CF_Clu_ActiveEcoSW,0,1598161335.088607
CF_Clu_ActiveEcoSW,0,1598161337.582484
CF_Clu_ActiveEcoSW,0,1598161338.2829401
CF_Clu_ActiveEcoSW,0,1598161340.978224
CF_Clu_ActiveEcoSW,0,1598161341.47787
CF_Clu_ActiveEcoSW,0,1598161342.178008
CF_Clu_ActiveEcoSW,0,1598161342.4767966
CF_Clu_ActiveEcoSW,0,1598161345.1758964
CF_Clu_ActiveEcoSW,0,1598161345.773952
CF_Clu_ActiveEcoSW,0,1598161345.87244
CF_Clu_ActiveEcoSW,0,1598161345.974548
CF_Clu_ActiveEcoSW,0,1598161346.0729618
CF_Clu_ActiveEcoSW,0,1598161347.272856
CF_Clu_ActiveEcoSW,0,1598161348.0716472
CF_Clu_ActiveEcoSW,0,1598161348.8704052
CF_Clu_ActiveEcoSW,0,1598161349.968321
CF_Clu_ActiveEcoSW,0,1598161350.2677052
CF_Clu_ActiveEcoSW,0,1598161350.369386
CF_Clu_ActiveEcoSW,0,1598161352.065131
CF_Clu_ActiveEcoSW,0,1598161353.265341
CF_Clu_ActiveEcoSW,0,1598161353.564112
CF_Clu_ActiveEcoSW,0,1598161353.662452
CF_Clu_ActiveEcoSW,0,1598161354.5635011
CF_Clu_ActiveEcoSW,0,1598161357.4594374
CF_Clu_ActiveEcoSW,0,1598161357.5579631
CF_Clu_ActiveEcoSW,0,1598161360.055905
CF_Clu_ActiveEcoSW,0,1598161360.2606962
CF_Clu_ActiveEcoSW,0,1598161360.453758
CF_Clu_ActiveEcoSW,0,1598161360.7561429
CF_Clu_ActiveEcoSW,0,1598161361.255945
CF_Clu_ActiveEcoSW,0,1598161361.452941
CF_Clu_ActiveEcoSW,0,1598161362.9517539
CF_Clu_ActiveEcoSW,0,1598161363.0508852
CF_Clu_ActiveEcoSW,0,1598161364.050748
CF_Clu_ActiveEcoSW,0,1598161364.4511259
CF_Clu_ActiveEcoSW,0,1598161364.5499609
CF_Clu_ActiveEcoSW,0,1598161365.348362
CF_Clu_ActiveEcoSW,0,1598161365.7500968
CF_Clu_ActiveEcoSW,0,1598161366.248984
CF_Clu_ActiveEcoSW,0,1598161366.351202
CF_Clu_ActiveEcoSW,0,1598161366.449614
CF_Clu_ActiveEcoSW,0,1598161368.644924
CF_Clu_ActiveEcoSW,0,1598161369.841335
CF_Clu_ActiveEcoSW,0,1598161371.540707
CF_Clu_ActiveEcoSW,0,1598161373.138389
CF_Clu_ActiveEcoSW,0,1598161373.6379552
CF_Clu_ActiveEcoSW,0,1598161375.640481
CF_Clu_ActiveEcoSW,0,1598161378.033675
CF_Clu_ActiveEcoSW,0,1598161378.433995
CF_Clu_ActiveEcoSW,0,1598161379.830594
CF_Clu_ActiveEcoSW,0,1598161380.129927
CF_Clu_ActiveEcoSW,0,1598161380.530913
CF_Clu_ActiveEcoSW,0,1598161383.926347
CF_Clu_ActiveEcoSW,0,1598161384.823997
CF_Clu_ActiveEcoSW,0,1598161386.0234132
CF_Clu_ActiveEcoSW,0,1598161386.822183
CF_Clu_ActiveEcoSW,0,1598161388.022092
CF_Clu_ActiveEcoSW,0,1598161388.1204731
CF_Clu_ActiveEcoSW,0,1598161389.51756
CF_Clu_ActiveEcoSW,0,1598161390.2177858
CF_Clu_ActiveEcoSW,0,1598161391.3196099
CF_Clu_ActiveEcoSW,0,1598161392.413255
CF_Clu_ActiveEcoSW,0,1598161392.515564
CF_Clu_ActiveEcoSW,0,1598161393.813654
CF_Clu_ActiveEcoSW,0,1598161393.9120119
CF_Clu_ActiveEcoSW,0,1598161394.612344
CF_Clu_ActiveEcoSW,0,1598161395.2108958
CF_Clu_ActiveEcoSW,0,1598161396.111371
CF_Clu_ActiveEcoSW,0,1598161398.9089012
CF_Clu_ActiveEcoSW,0,1598161399.007125
CF_Clu_ActiveEcoSW,0,1598161401.7025511
CF_Clu_ActiveEcoSW,0,1598161401.90292
CF_Clu_ActiveEcoSW,0,1598161402.8005779
CF_Clu_ActiveEcoSW,0,1598161403.10288
CF_Clu_ActiveEcoSW,0,1598161403.3009949
CF_Clu_ActiveEcoSW,0,1598161403.4021301
CF_Clu_ActiveEcoSW,0,1598161403.800776
CF_Clu_ActiveEcoSW,0,1598161405.200119
CF_Clu_ActiveEcoSW,0,1598161406.9980092
CF_Clu_ActiveEcoSW,0,1598161407.7975054
CF_Clu_ActiveEcoSW,0,1598161409.0950189
CF_Clu_ActiveEcoSW,0,1598161411.888642
CF_Clu_ActiveEcoSW,0,1598161412.9901571
CF_Clu_ActiveEcoSW,0,1598161415.386683
CF_Clu_ActiveEcoSW,0,1598161415.485016
CF_Clu_ActiveEcoSW,0,1598161416.3858306
CF_Clu_ActiveEcoSW,0,1598161416.5827909
CF_Clu_ActiveEcoSW,0,1598161418.483108
CF_Clu_ActiveEcoSW,0,1598161419.17941
CF_Clu_ActiveEcoSW,0,1598161419.9821386
CF_Clu_ActiveEcoSW,0,1598161423.676277
CF_Clu_ActiveEcoSW,0,1598161424.6755302
CF_Clu_ActiveEcoSW,0,1598161427.071661
CF_Clu_ActiveEcoSW,0,1598161427.5713556
CF_Clu_ActiveEcoSW,0,1598161428.1694114
CF_Clu_ActiveEcoSW,0,1598161429.2674408
CF_Clu_ActiveEcoSW,0,1598161430.4675672
CF_Clu_ActiveEcoSW,0,1598161430.8657
CF_Clu_ActiveEcoSW,0,1598161431.2658591
CF_Clu_ActiveEcoSW,0,1598161432.6625519
CF_Clu_ActiveEcoSW,0,1598161433.662294
CF_Clu_ActiveEcoSW,0,1598161435.062521
CF_Clu_ActiveEcoSW,0,1598161438.457928
CF_Clu_ActiveEcoSW,0,1598161440.2523448
CF_Clu_ActiveEcoSW,0,1598161440.354306
CF_Clu_ActiveEcoSW,0,1598161441.0545762
CF_Clu_ActiveEcoSW,0,1598161442.750832
CF_Clu_ActiveEcoSW,0,1598161442.951103
CF_Clu_ActiveEcoSW,0,1598161443.1518874
CF_Clu_ActiveEcoSW,0,1598161443.450817
CF_Clu_ActiveEcoSW,0,1598161443.9507134
CF_Clu_ActiveEcoSW,0,1598161444.249496
CF_Clu_ActiveEcoSW,0,1598161446.7483652
CF_Clu_ActiveEcoSW,0,1598161447.349958
CF_Clu_ActiveEcoSW,0,1598161448.1445801
CF_Clu_ActiveEcoSW,0,1598161449.541728
CF_Clu_ActiveEcoSW,0,1598161450.041043
CF_Clu_ActiveEcoSW,0,1598161450.540786
CF_Clu_ActiveEcoSW,0,1598161450.643167
CF_Clu_ActiveEcoSW,0,1598161451.6386838
CF_Clu_ActiveEcoSW,0,1598161451.941355
CF_Clu_ActiveEcoSW,0,1598161454.235741
CF_Clu_ActiveEcoSW,0,1598161455.435462
CF_Clu_ActiveEcoSW,0,1598161455.8369114
CF_Clu_ActiveEcoSW,0,1598161457.2332008
CF_Clu_ActiveEcoSW,0,1598161458.630337
CF_Clu_ActiveEcoSW,0,1598161459.0314631
CF_Clu_ActiveEcoSW,0,1598161460.329657
CF_Clu_ActiveEcoSW,0,1598161461.227057
CF_Clu_ActiveEcoSW,0,1598161461.628403
CF_Clu_ActiveEcoSW,0,1598161461.7268882
CF_Clu_ActiveEcoSW,0,1598161462.427171
CF_Clu_ActiveEcoSW,0,1598161465.22409
CF_Clu_ActiveEcoSW,0,1598161465.5231206
CF_Clu_ActiveEcoSW,0,1598161466.42051
CF_Clu_ActiveEcoSW,0,1598161468.1198618
CF_Clu_ActiveEcoSW,0,1598161470.6154912
CF_Clu_ActiveEcoSW,0,1598161471.2168806
CF_Clu_ActiveEcoSW,0,1598161471.818381
CF_Clu_ActiveEcoSW,0,1598161472.015143
CF_Clu_ActiveEcoSW,0,1598161474.910795
CF_Clu_ActiveEcoSW,0,1598161475.8080919
CF_Clu_ActiveEcoSW,0,1598161477.9088619
CF_Clu_ActiveEcoSW,0,1598161478.408558
CF_Clu_ActiveEcoSW,0,1598161480.104248
CF_Clu_ActiveEcoSW,0,1598161480.902967
CF_Clu_ActiveEcoSW,0,1598161481.005194
CF_Clu_ActiveEcoSW,0,1598161484.298668
CF_Clu_ActiveEcoSW,0,1598161484.699661
CF_Clu_ActiveEcoSW,0,1598161484.798357
CF_Clu_ActiveEcoSW,0,1598161485.899758
CF_Clu_ActiveEcoSW,0,1598161486.297209
CF_Clu_ActiveEcoSW,0,1598161486.6985226
CF_Clu_ActiveEcoSW,0,1598161487.296559
CF_Clu_ActiveEcoSW,0,1598161487.8947961
CF_Clu_ActiveEcoSW,0,1598161489.393502
CF_Clu_ActiveEcoSW,0,1598161489.69259
CF_Clu_ActiveEcoSW,0,1598161490.1922839
CF_Clu_ActiveEcoSW,0,1598161491.4907124
CF_Clu_ActiveEcoSW,0,1598161493.489331
CF_Clu_ActiveEcoSW,0,1598161494.988449
CF_Clu_ActiveEcoSW,0,1598161495.385695
CF_Clu_ActiveEcoSW,0,1598161496.0860212
CF_Clu_ActiveEcoSW,0,1598161496.6840222
CF_Clu_ActiveEcoSW,0,1598161497.48301
CF_Clu_ActiveEcoSW,0,1598161499.0814168
CF_Clu_ActiveEcoSW,0,1598161499.1788092
CF_Clu_ActiveEcoSW,0,1598161500.976916
CF_Clu_ActiveEcoSW,0,1598161501.578603
CF_Clu_ActiveEcoSW,0,1598161501.775578
CF_Clu_ActiveEcoSW,0,1598161503.5737052
CF_Clu_ActiveEcoSW,0,1598161503.978618
CF_Clu_ActiveEcoSW,0,1598161504.372215
CF_Clu_ActiveEcoSW,0,1598161504.7733374
CF_Clu_ActiveEcoSW,0,1598161504.872184
CF_Clu_ActiveEcoSW,0,1598161505.371335
CF_Clu_ActiveEcoSW,0,1598161505.8709671
CF_Clu_ActiveEcoSW,0,1598161506.771987
CF_Clu_ActiveEcoSW,0,1598161507.2716491
CF_Clu_ActiveEcoSW,0,1598161507.8697538
CF_Clu_ActiveEcoSW,0,1598161508.267515
CF_Clu_ActiveEcoSW,0,1598161508.8691778
CF_Clu_ActiveEcoSW,0,1598161509.86569
CF_Clu_ActiveEcoSW,0,1598161510.065196
CF_Clu_ActiveEcoSW,0,1598161510.1674778
CF_Clu_ActiveEcoSW,0,1598161510.5653381
CF_Clu_ActiveEcoSW,0,1598161511.465961
CF_Clu_ActiveEcoSW,0,1598161512.4615211
CF_Clu_ActiveEcoSW,0,1598161512.563672
CF_Clu_ActiveEcoSW,0,1598161513.362284
CF_Clu_ActiveEcoSW,0,1598161513.46101
CF_Clu_ActiveEcoSW,0,1598161516.4586391
CF_Clu_ActiveEcoSW,0,1598161517.057119
CF_Clu_ActiveEcoSW,0,1598161519.055334
CF_Clu_ActiveEcoSW,0,1598161519.2561214
CF_Clu_ActiveEcoSW,0,1598161519.559124
CF_Clu_ActiveEcoSW,0,1598161520.4527528
CF_Clu_ActiveEcoSW,0,1598161523.151338
CF_Clu_ActiveEcoSW,0,1598161523.651052
CF_Clu_ActiveEcoSW,0,1598161524.248781
CF_Clu_ActiveEcoSW,0,1598161525.4490054
CF_Clu_ActiveEcoSW,0,1598161526.248039
CF_Clu_ActiveEcoSW,0,1598161526.5470061
CF_Clu_ActiveEcoSW,0,1598161527.349441
CF_Clu_ActiveEcoSW,0,1598161527.746897
CF_Clu_ActiveEcoSW,0,1598161528.6436448
CF_Clu_ActiveEcoSW,0,1598161528.74205
CF_Clu_ActiveEcoSW,0,1598161530.8392901
CF_Clu_ActiveEcoSW,0,1598161530.941451
CF_Clu_ActiveEcoSW,0,1598161531.937002
CF_Clu_ActiveEcoSW,0,1598161532.637443
CF_Clu_ActiveEcoSW,0,1598161533.436343
CF_Clu_ActiveEcoSW,0,1598161533.538133
CF_Clu_ActiveEcoSW,0,1598161534.2347949
CF_Clu_ActiveEcoSW,0,1598161534.3368056
CF_Clu_ActiveEcoSW,0,1598161534.435178
CF_Clu_ActiveEcoSW,0,1598161537.8311698
CF_Clu_ActiveEcoSW,0,1598161539.231232
CF_Clu_ActiveEcoSW,0,1598161539.4283571
CF_Clu_ActiveEcoSW,0,1598161539.52658
CF_Clu_ActiveEcoSW,0,1598161539.628633
CF_Clu_ActiveEcoSW,0,1598161540.227056
CF_Clu_ActiveEcoSW,0,1598161540.9269838
CF_Clu_ActiveEcoSW,0,1598161542.92574
CF_Clu_ActiveEcoSW,0,1598161545.121073
CF_Clu_ActiveEcoSW,0,1598161547.218542
CF_Clu_ActiveEcoSW,0,1598161547.5179489
CF_Clu_ActiveEcoSW,0,1598161549.515897
CF_Clu_ActiveEcoSW,0,1598161552.1169126
CF_Clu_ActiveEcoSW,0,1598161552.6125169
CF_Clu_ActiveEcoSW,0,1598161552.911468
CF_Clu_ActiveEcoSW,0,1598161555.00878
CF_Clu_ActiveEcoSW,0,1598161555.2091134
CF_Clu_ActiveEcoSW,0,1598161555.308023
CF_Clu_ActiveEcoSW,0,1598161555.909549
CF_Clu_ActiveEcoSW,0,1598161556.3071306
CF_Clu_ActiveEcoSW,0,1598161556.708129
CF_Clu_ActiveEcoSW,0,1598161557.207983
CF_Clu_ActiveEcoSW,0,1598161557.605511
CF_Clu_ActiveEcoSW,0,1598161558.0065126
CF_Clu_ActiveEcoSW,0,1598161558.2071788
CF_Clu_ActiveEcoSW,0,1598161559.5055842
CF_Clu_ActiveEcoSW,0,1598161559.603909
CF_Clu_ActiveEcoSW,0,1598161560.1039274
CF_Clu_ActiveEcoSW,0,1598161561.701201
CF_Clu_ActiveEcoSW,0,1598161563.2984169
CF_Clu_ActiveEcoSW,0,1598161563.798068
CF_Clu_ActiveEcoSW,0,1598161564.8997838
CF_Clu_ActiveEcoSW,0,1598161566.194512
CF_Clu_ActiveEcoSW,0,1598161566.4971552
CF_Clu_ActiveEcoSW,0,1598161569.090184
CF_Clu_ActiveEcoSW,0,1598161569.4912598
CF_Clu_ActiveEcoSW,0,1598161572.985107
CF_Clu_ActiveEcoSW,0,1598161573.685748
CF_Clu_ActiveEcoSW,0,1598161573.984742
CF_Clu_ActiveEcoSW,0,1598161575.286647
CF_Clu_ActiveEcoSW,0,1598161576.286176
CF_Clu_ActiveEcoSW,0,1598161577.981751
CF_Clu_ActiveEcoSW,0,1598161579.181874
CF_Clu_ActiveEcoSW,0,1598161580.7791789
CF_Clu_ActiveEcoSW,0,1598161582.3729868
CF_Clu_ActiveEcoSW,0,1598161582.4749398
CF_Clu_ActiveEcoSW,0,1598161583.175335
CF_Clu_ActiveEcoSW,0,1598161583.4744241
CF_Clu_ActiveEcoSW,0,1598161585.1705391
CF_Clu_ActiveEcoSW,0,1598161585.571309
CF_Clu_ActiveEcoSW,0,1598161588.967246
CF_Clu_ActiveEcoSW,0,1598161590.6664572
CF_Clu_ActiveEcoSW,0,1598161590.8646011
CF_Clu_ActiveEcoSW,0,1598161591.363782
CF_Clu_ActiveEcoSW,0,1598161592.06404
CF_Clu_ActiveEcoSW,0,1598161594.958956
CF_Clu_ActiveEcoSW,0,1598161597.756407
CF_Clu_ActiveEcoSW,0,1598161599.7550712
CF_Clu_ActiveEcoSW,0,1598161600.1529038
CF_Clu_ActiveEcoSW,0,1598161600.251146
CF_Clu_ActiveEcoSW,0,1598161601.2504694
CF_Clu_ActiveEcoSW,0,1598161601.450947
CF_Clu_ActiveEcoSW,0,1598161602.84804
CF_Clu_ActiveEcoSW,0,1598161603.748615
CF_Clu_ActiveEcoSW,0,1598161605.047085
CF_Clu_ActiveEcoSW,0,1598161605.3469439
CF_Clu_ActiveEcoSW,0,1598161606.0464141
CF_Clu_ActiveEcoSW,0,1598161606.144844
CF_Clu_ActiveEcoSW,0,1598161606.644924
CF_Clu_ActiveEcoSW,0,1598161607.344783
CF_Clu_ActiveEcoSW,0,1598161607.746342
CF_Clu_ActiveEcoSW,0,1598161608.7413602
CF_Clu_ActiveEcoSW,0,1598161609.040867
CF_Clu_ActiveEcoSW,0,1598161610.338719
CF_Clu_ActiveEcoSW,0,1598161611.338066
CF_Clu_ActiveEcoSW,0,1598161613.037854
CF_Clu_ActiveEcoSW,0,1598161614.733728
CF_Clu_ActiveEcoSW,0,1598161616.035935
CF_Clu_ActiveEcoSW,0,1598161616.634342
CF_Clu_ActiveEcoSW,0,1598161617.731539
CF_Clu_ActiveEcoSW,0,1598161618.129133
CF_Clu_ActiveEcoSW,0,1598161618.628852
CF_Clu_ActiveEcoSW,0,1598161619.9270024
CF_Clu_ActiveEcoSW,0,1598161623.625448
CF_Clu_ActiveEcoSW,0,1598161623.826166
CF_Clu_ActiveEcoSW,0,1598161627.918039
CF_Clu_ActiveEcoSW,0,1598161628.118509
CF_Clu_ActiveEcoSW,0,1598161628.618269
CF_Clu_ActiveEcoSW,0,1598161629.016122
CF_Clu_ActiveEcoSW,0,1598161629.5154262
CF_Clu_ActiveEcoSW,0,1598161630.613101
CF_Clu_ActiveEcoSW,0,1598161630.8136792
CF_Clu_ActiveEcoSW,0,1598161631.5140269
CF_Clu_ActiveEcoSW,0,1598161631.8134189
CF_Clu_ActiveEcoSW,0,1598161633.9101171
CF_Clu_ActiveEcoSW,0,1598161636.105828
CF_Clu_ActiveEcoSW,0,1598161636.605578
CF_Clu_ActiveEcoSW,0,1598161637.105372
CF_Clu_ActiveEcoSW,0,1598161637.9039161
CF_Clu_ActiveEcoSW,0,1598161640.2053368
CF_Clu_ActiveEcoSW,0,1598161640.3037028
CF_Clu_ActiveEcoSW,0,1598161641.6019044
CF_Clu_ActiveEcoSW,0,1598161641.99933
CF_Clu_ActiveEcoSW,0,1598161647.192888
CF_Clu_ActiveEcoSW,0,1598161647.2914329
CF_Clu_ActiveEcoSW,0,1598161648.790625
CF_Clu_ActiveEcoSW,0,1598161649.589254
CF_Clu_ActiveEcoSW,0,1598161649.888392
CF_Clu_ActiveEcoSW,0,1598161649.990255
CF_Clu_ActiveEcoSW,0,1598161650.489957
CF_Clu_ActiveEcoSW,0,1598161655.4827561
CF_Clu_ActiveEcoSW,0,1598161655.585097
CF_Clu_ActiveEcoSW,0,1598161656.1831832
CF_Clu_ActiveEcoSW,0,1598161656.380502
CF_Clu_ActiveEcoSW,0,1598161657.67926
CF_Clu_ActiveEcoSW,0,1598161658.878207
CF_Clu_ActiveEcoSW,0,1598161659.5787706
CF_Clu_ActiveEcoSW,0,1598161660.27484
CF_Clu_ActiveEcoSW,0,1598161660.4755242
CF_Clu_ActiveEcoSW,0,1598161661.274563
CF_Clu_ActiveEcoSW,0,1598161663.371537
CF_Clu_ActiveEcoSW,0,1598161663.6742706
CF_Clu_ActiveEcoSW,0,1598161664.969075
CF_Clu_ActiveEcoSW,0,1598161666.569969
CF_Clu_ActiveEcoSW,0,1598161669.166836
CF_Clu_ActiveEcoSW,0,1598161669.465962
CF_Clu_ActiveEcoSW,0,1598161670.063863
CF_Clu_ActiveEcoSW,0,1598161670.665879
CF_Clu_ActiveEcoSW,0,1598161671.862734
CF_Clu_ActiveEcoSW,0,1598161673.0621278
CF_Clu_ActiveEcoSW,0,1598161675.3561769
CF_Clu_ActiveEcoSW,0,1598161676.256703
CF_Clu_ActiveEcoSW,0,1598161677.5550342
CF_Clu_ActiveEcoSW,0,1598161679.6521866
CF_Clu_ActiveEcoSW,0,1598161681.3484194
CF_Clu_ActiveEcoSW,0,1598161681.549108
CF_Clu_ActiveEcoSW,0,1598161682.4494238
CF_Clu_ActiveEcoSW,0,1598161682.646616
CF_Clu_ActiveEcoSW,0,1598161683.54723
CF_Clu_ActiveEcoSW,0,1598161683.846304
CF_Clu_ActiveEcoSW,0,1598161685.046334
CF_Clu_ActiveEcoSW,0,1598161686.5455961
CF_Clu_ActiveEcoSW,0,1598161687.143491
CF_Clu_ActiveEcoSW,0,1598161687.3443189
CF_Clu_ActiveEcoSW,0,1598161688.83912
CF_Clu_ActiveEcoSW,0,1598161689.9371488
CF_Clu_ActiveEcoSW,0,1598161690.436713
CF_Clu_ActiveEcoSW,0,1598161693.733533
CF_Clu_ActiveEcoSW,0,1598161693.9341364
CF_Clu_ActiveEcoSW,0,1598161694.335568
CF_Clu_ActiveEcoSW,0,1598161695.4296381
CF_Clu_ActiveEcoSW,0,1598161695.7324991
CF_Clu_ActiveEcoSW,0,1598161696.133698
CF_Clu_ActiveEcoSW,0,1598161696.5350046
CF_Clu_ActiveEcoSW,0,1598161698.329132
CF_Clu_ActiveEcoSW,0,1598161699.029568
CF_Clu_ActiveEcoSW,0,1598161699.328813
CF_Clu_ActiveEcoSW,0,1598161701.0244732
CF_Clu_ActiveEcoSW,0,1598161701.52384
CF_Clu_ActiveEcoSW,0,1598161703.3219302
CF_Clu_ActiveEcoSW,0,1598161703.4241114
CF_Clu_ActiveEcoSW,0,1598161703.522549
CF_Clu_ActiveEcoSW,0,1598161703.624801
CF_Clu_ActiveEcoSW,0,1598161706.917964
CF_Clu_ActiveEcoSW,0,1598161707.9171991
CF_Clu_ActiveEcoSW,0,1598161708.318618
CF_Clu_ActiveEcoSW,0,1598161709.31404
CF_Clu_ActiveEcoSW,0,1598161709.6135461
CF_Clu_ActiveEcoSW,0,1598161710.514004
CF_Clu_ActiveEcoSW,0,1598161711.312844
CF_Clu_ActiveEcoSW,0,1598161711.4118118
CF_Clu_ActiveEcoSW,0,1598161711.513483
CF_Clu_ActiveEcoSW,0,1598161712.512798
CF_Clu_ActiveEcoSW,0,1598161715.105834
CF_Clu_ActiveEcoSW,0,1598161715.806188
CF_Clu_ActiveEcoSW,0,1598161716.305634
CF_Clu_ActiveEcoSW,0,1598161716.9040372
CF_Clu_ActiveEcoSW,0,1598161717.2028632
CF_Clu_ActiveEcoSW,0,1598161717.40327
CF_Clu_ActiveEcoSW,0,1598161718.2024179
CF_Clu_ActiveEcoSW,0,1598161719.3036249
CF_Clu_ActiveEcoSW,0,1598161719.401972
CF_Clu_ActiveEcoSW,0,1598161721.798149
CF_Clu_ActiveEcoSW,0,1598161722.097611
CF_Clu_ActiveEcoSW,0,1598161722.4985876
CF_Clu_ActiveEcoSW,0,1598161723.497809
CF_Clu_ActiveEcoSW,0,1598161724.796196
CF_Clu_ActiveEcoSW,0,1598161726.893207
CF_Clu_ActiveEcoSW,0,1598161726.9914932
CF_Clu_ActiveEcoSW,0,1598161730.088092
CF_Clu_ActiveEcoSW,0,1598161730.288687
CF_Clu_ActiveEcoSW,0,1598161730.886761
CF_Clu_ActiveEcoSW,0,1598161732.984016
CF_Clu_ActiveEcoSW,0,1598161734.482753
CF_Clu_ActiveEcoSW,0,1598161735.48208
CF_Clu_ActiveEcoSW,0,1598161735.5811222
CF_Clu_ActiveEcoSW,0,1598161735.9818182
CF_Clu_ActiveEcoSW,0,1598161736.981148
CF_Clu_ActiveEcoSW,0,1598161737.4811552
CF_Clu_ActiveEcoSW,0,1598161740.4753811
CF_Clu_ActiveEcoSW,0,1598161741.0731869
CF_Clu_ActiveEcoSW,0,1598161741.1753302
CF_Clu_ActiveEcoSW,0,1598161743.0717359
CF_Clu_ActiveEcoSW,0,1598161745.86901
CF_Clu_ActiveEcoSW,0,1598161746.168101
CF_Clu_ActiveEcoSW,0,1598161746.5656981
CF_Clu_ActiveEcoSW,0,1598161748.1668658
CF_Clu_ActiveEcoSW,0,1598161749.563529
CF_Clu_ActiveEcoSW,0,1598161750.661551
CF_Clu_ActiveEcoSW,0,1598161751.8654025
CF_Clu_ActiveEcoSW,0,1598161752.262641
CF_Clu_ActiveEcoSW,0,1598161752.459287
CF_Clu_ActiveEcoSW,0,1598161752.7587452
CF_Clu_ActiveEcoSW,0,1598161753.36042
CF_Clu_ActiveEcoSW,0,1598161754.159163
CF_Clu_ActiveEcoSW,0,1598161755.855233
CF_Clu_ActiveEcoSW,0,1598161758.9516199
CF_Clu_ActiveEcoSW,0,1598161759.1517706
CF_Clu_ActiveEcoSW,0,1598161759.750188
CF_Clu_ActiveEcoSW,0,1598161759.852161
CF_Clu_ActiveEcoSW,0,1598161760.454176
CF_Clu_ActiveEcoSW,0,1598161760.54899
CF_Clu_ActiveEcoSW,0,1598161760.847991
CF_Clu_ActiveEcoSW,0,1598161761.646544
CF_Clu_ActiveEcoSW,0,1598161762.0475461
CF_Clu_ActiveEcoSW,0,1598161762.1498725
CF_Clu_ActiveEcoSW,0,1598161764.6443741
CF_Clu_ActiveEcoSW,0,1598161766.5410519
CF_Clu_ActiveEcoSW,0,1598161766.8440306
CF_Clu_ActiveEcoSW,0,1598161767.741091
CF_Clu_ActiveEcoSW,0,1598161767.843231
CF_Clu_ActiveEcoSW,0,1598161769.4368849
CF_Clu_ActiveEcoSW,0,1598161770.837158
CF_Clu_ActiveEcoSW,0,1598161771.7344868
CF_Clu_ActiveEcoSW,0,1598161772.7335289
CF_Clu_ActiveEcoSW,0,1598161774.331209
CF_Clu_ActiveEcoSW,0,1598161775.0312881
CF_Clu_ActiveEcoSW,0,1598161776.231414
CF_Clu_ActiveEcoSW,0,1598161776.530431
CF_Clu_ActiveEcoSW,0,1598161776.8293211
CF_Clu_ActiveEcoSW,0,1598161776.9285364
CF_Clu_ActiveEcoSW,0,1598161777.927485
CF_Clu_ActiveEcoSW,0,1598161778.029265
CF_Clu_ActiveEcoSW,0,1598161778.4270039
CF_Clu_ActiveEcoSW,0,1598161779.327682
CF_Clu_ActiveEcoSW,0,1598161779.626955
CF_Clu_ActiveEcoSW,0,1598161781.322755
CF_Clu_ActiveEcoSW,0,1598161782.723034
CF_Clu_ActiveEcoSW,0,1598161782.9238489
CF_Clu_ActiveEcoSW,0,1598161783.321262
CF_Clu_ActiveEcoSW,0,1598161784.2223194
CF_Clu_ActiveEcoSW,0,1598161784.6195376
CF_Clu_ActiveEcoSW,0,1598161785.3198972
CF_Clu_ActiveEcoSW,0,1598161785.618958
CF_Clu_ActiveEcoSW,0,1598161792.012616
CF_Clu_ActiveEcoSW,0,1598161793.0082939
CF_Clu_ActiveEcoSW,0,1598161793.908993
CF_Clu_ActiveEcoSW,0,1598161794.306603
CF_Clu_ActiveEcoSW,0,1598161794.506929
CF_Clu_ActiveEcoSW,0,1598161800.10168
CF_Clu_ActiveEcoSW,0,1598161802.3958132
CF_Clu_ActiveEcoSW,0,1598161803.296457
CF_Clu_ActiveEcoSW,0,1598161803.697845
CF_Clu_ActiveEcoSW,0,1598161805.9917119
CF_Clu_ActiveEcoSW,0,1598161806.790284
CF_Clu_ActiveEcoSW,0,1598161811.385741
CF_Clu_ActiveEcoSW,0,1598161812.782753
CF_Clu_ActiveEcoSW,0,1598161815.379437
CF_Clu_ActiveEcoSW,0,1598161815.678468
CF_Clu_ActiveEcoSW,0,1598161816.4772534
CF_Clu_ActiveEcoSW,0,1598161817.976778
CF_Clu_ActiveEcoSW,0,1598161818.078341
CF_Clu_ActiveEcoSW,0,1598161820.175615
CF_Clu_ActiveEcoSW,0,1598161820.773257
CF_Clu_ActiveEcoSW,0,1598161821.174577
CF_Clu_ActiveEcoSW,0,1598161823.169425
CF_Clu_ActiveEcoSW,0,1598161823.271625
CF_Clu_ActiveEcoSW,0,1598161823.5707679
CF_Clu_ActiveEcoSW,0,1598161824.672402
CF_Clu_ActiveEcoSW,0,1598161825.667874
CF_Clu_ActiveEcoSW,0,1598161829.661557
CF_Clu_ActiveEcoSW,0,1598161830.263357
CF_Clu_ActiveEcoSW,0,1598161830.7593231
CF_Clu_ActiveEcoSW,0,1598161831.860631
CF_Clu_ActiveEcoSW,0,1598161831.9598188
CF_Clu_ActiveEcoSW,0,1598161832.561003
CF_Clu_ActiveEcoSW,0,1598161832.757757
CF_Clu_ActiveEcoSW,0,1598161833.257377
CF_Clu_ActiveEcoSW,0,1598161833.6587741
CF_Clu_ActiveEcoSW,0,1598161834.956988
CF_Clu_ActiveEcoSW,0,1598161835.456748
CF_Clu_ActiveEcoSW,0,1598161836.5543551
CF_Clu_ActiveEcoSW,0,1598161837.1528661
CF_Clu_ActiveEcoSW,0,1598161839.151264
CF_Clu_ActiveEcoSW,0,1598161839.4502661
CF_Clu_ActiveEcoSW,0,1598161840.150508
CF_Clu_ActiveEcoSW,0,1598161841.047607
CF_Clu_ActiveEcoSW,0,1598161841.8465786
CF_Clu_ActiveEcoSW,0,1598161842.046836
CF_Clu_ActiveEcoSW,0,1598161845.3442528
CF_Clu_ActiveEcoSW,0,1598161846.740818
CF_Clu_ActiveEcoSW,0,1598161848.441256
CF_Clu_ActiveEcoSW,0,1598161849.239056
CF_Clu_ActiveEcoSW,0,1598161850.6357918
CF_Clu_ActiveEcoSW,0,1598161850.934891
CF_Clu_ActiveEcoSW,0,1598161851.3362222
CF_Clu_ActiveEcoSW,0,1598161853.63025
CF_Clu_ActiveEcoSW,0,1598161853.732242
CF_Clu_ActiveEcoSW,0,1598161853.831192
CF_Clu_ActiveEcoSW,0,1598161854.9287071
CF_Clu_ActiveEcoSW,0,1598161855.1329482
CF_Clu_ActiveEcoSW,0,1598161855.731038
CF_Clu_ActiveEcoSW,0,1598161856.3296928
CF_Clu_ActiveEcoSW,0,1598161856.6282492
CF_Clu_ActiveEcoSW,0,1598161857.1276278
CF_Clu_ActiveEcoSW,0,1598161859.626461
CF_Clu_ActiveEcoSW,0,1598161860.122135
CF_Clu_ActiveEcoSW,0,1598161861.92019
CF_Clu_ActiveEcoSW,0,1598161862.219268
CF_Clu_ActiveEcoSW,0,1598161862.521775
CF_Clu_ActiveEcoSW,0,1598161862.92327
CF_Clu_ActiveEcoSW,0,1598161863.0137641
CF_Clu_ActiveEcoSW,0,1598161863.128191
