CF_Clu_HudSpeedset,0,1596169660.779072
CF_Clu_HudSpeedset,0,1596169660.979923
CF_Clu_HudSpeedset,0,1596169661.180661
CF_Clu_HudSpeedset,0,1596169661.881032
CF_Clu_HudSpeedset,0,1596169662.179827
CF_Clu_HudSpeedset,0,1596169662.2780216
CF_Clu_HudSpeedset,0,1596169662.4788194
CF_Clu_HudSpeedset,0,1596169662.679461
CF_Clu_HudSpeedset,0,1596169662.777777
CF_Clu_HudSpeedset,0,1596169663.076791
CF_Clu_HudSpeedset,0,1596169663.2775
CF_Clu_HudSpeedset,0,1596169663.675065
CF_Clu_HudSpeedset,0,1596169664.076132
CF_Clu_HudSpeedset,0,1596169664.174808
CF_Clu_HudSpeedset,0,1596169664.5757039
CF_Clu_HudSpeedset,0,1596169665.37457
CF_Clu_HudSpeedset,0,1596169665.771828
CF_Clu_HudSpeedset,0,1596169665.972851
CF_Clu_HudSpeedset,0,1596169666.975858
CF_Clu_HudSpeedset,0,1596169667.6724222
CF_Clu_HudSpeedset,0,1596169668.569268
CF_Clu_HudSpeedset,0,1596169669.069031
CF_Clu_HudSpeedset,0,1596169669.168374
CF_Clu_HudSpeedset,0,1596169669.2697668
CF_Clu_HudSpeedset,0,1596169669.9662929
CF_Clu_HudSpeedset,0,1596169670.068377
CF_Clu_HudSpeedset,0,1596169670.1707
CF_Clu_HudSpeedset,0,1596169670.867137
CF_Clu_HudSpeedset,0,1596169671.2646458
CF_Clu_HudSpeedset,0,1596169671.4654179
CF_Clu_HudSpeedset,0,1596169671.76445
CF_Clu_HudSpeedset,0,1596169672.4643688
CF_Clu_HudSpeedset,0,1596169672.5633118
CF_Clu_HudSpeedset,0,1596169672.862067
CF_Clu_HudSpeedset,0,1596169672.9643419
CF_Clu_HudSpeedset,0,1596169674.762581
CF_Clu_HudSpeedset,0,1596169675.261881
CF_Clu_HudSpeedset,0,1596169675.5648198
CF_Clu_HudSpeedset,0,1596169675.663608
CF_Clu_HudSpeedset,0,1596169676.359519
CF_Clu_HudSpeedset,0,1596169676.6589088
CF_Clu_HudSpeedset,0,1596169676.859216
CF_Clu_HudSpeedset,0,1596169676.9579751
CF_Clu_HudSpeedset,0,1596169677.256974
CF_Clu_HudSpeedset,0,1596169677.457746
CF_Clu_HudSpeedset,0,1596169677.559659
CF_Clu_HudSpeedset,0,1596169678.157664
CF_Clu_HudSpeedset,0,1596169678.456661
CF_Clu_HudSpeedset,0,1596169678.8582401
CF_Clu_HudSpeedset,0,1596169679.156863
CF_Clu_HudSpeedset,0,1596169679.357615
CF_Clu_HudSpeedset,0,1596169679.755924
CF_Clu_HudSpeedset,0,1596169680.0547142
CF_Clu_HudSpeedset,0,1596169680.2557619
CF_Clu_HudSpeedset,0,1596169680.357075
CF_Clu_HudSpeedset,0,1596169680.656961
CF_Clu_HudSpeedset,0,1596169680.754771
CF_Clu_HudSpeedset,0,1596169680.9554448
CF_Clu_HudSpeedset,0,1596169683.6550114
CF_Clu_HudSpeedset,0,1596169683.7526796
CF_Clu_HudSpeedset,0,1596169684.850175
CF_Clu_HudSpeedset,0,1596169685.050762
CF_Clu_HudSpeedset,0,1596169685.149192
CF_Clu_HudSpeedset,0,1596169685.2474198
CF_Clu_HudSpeedset,0,1596169685.4482698
CF_Clu_HudSpeedset,0,1596169686.046495
CF_Clu_HudSpeedset,0,1596169686.3491688
CF_Clu_HudSpeedset,0,1596169686.4475386
CF_Clu_HudSpeedset,0,1596169686.7468722
CF_Clu_HudSpeedset,0,1596169686.845181
CF_Clu_HudSpeedset,0,1596169687.4468534
CF_Clu_HudSpeedset,0,1596169687.7459376
CF_Clu_HudSpeedset,0,1596169687.844422
CF_Clu_HudSpeedset,0,1596169688.045151
CF_Clu_HudSpeedset,0,1596169688.1435056
CF_Clu_HudSpeedset,0,1596169688.3443544
CF_Clu_HudSpeedset,0,1596169688.643308
CF_Clu_HudSpeedset,0,1596169689.24515
CF_Clu_HudSpeedset,0,1596169690.142046
CF_Clu_HudSpeedset,0,1596169690.244291
CF_Clu_HudSpeedset,0,1596169690.7403011
CF_Clu_HudSpeedset,0,1596169691.743809
CF_Clu_HudSpeedset,0,1596169692.939531
CF_Clu_HudSpeedset,0,1596169693.037912
CF_Clu_HudSpeedset,0,1596169693.1363099
CF_Clu_HudSpeedset,0,1596169693.53758
CF_Clu_HudSpeedset,0,1596169693.83698
CF_Clu_HudSpeedset,0,1596169693.939035
CF_Clu_HudSpeedset,0,1596169694.1394956
CF_Clu_HudSpeedset,0,1596169694.5374038
CF_Clu_HudSpeedset,0,1596169695.0365682
CF_Clu_HudSpeedset,0,1596169695.335858
CF_Clu_HudSpeedset,0,1596169695.536108
CF_Clu_HudSpeedset,0,1596169695.8350608
CF_Clu_HudSpeedset,0,1596169695.9338274
CF_Clu_HudSpeedset,0,1596169696.134419
CF_Clu_HudSpeedset,0,1596169697.232125
CF_Clu_HudSpeedset,0,1596169698.235193
CF_Clu_HudSpeedset,0,1596169699.333351
CF_Clu_HudSpeedset,0,1596169700.033781
CF_Clu_HudSpeedset,0,1596169700.127906
CF_Clu_HudSpeedset,0,1596169700.328629
CF_Clu_HudSpeedset,0,1596169700.627614
CF_Clu_HudSpeedset,0,1596169700.827922
CF_Clu_HudSpeedset,0,1596169701.0285606
CF_Clu_HudSpeedset,0,1596169701.3278449
CF_Clu_HudSpeedset,0,1596169701.626925
CF_Clu_HudSpeedset,0,1596169701.9260008
CF_Clu_HudSpeedset,0,1596169702.228714
CF_Clu_HudSpeedset,0,1596169702.626421
CF_Clu_HudSpeedset,0,1596169702.728344
CF_Clu_HudSpeedset,0,1596169702.8267362
CF_Clu_HudSpeedset,0,1596169702.925267
CF_Clu_HudSpeedset,0,1596169703.1260571
CF_Clu_HudSpeedset,0,1596169703.224517
CF_Clu_HudSpeedset,0,1596169703.724046
CF_Clu_HudSpeedset,0,1596169703.924789
CF_Clu_HudSpeedset,0,1596169704.0267189
CF_Clu_HudSpeedset,0,1596169704.825551
CF_Clu_HudSpeedset,0,1596169705.1247132
CF_Clu_HudSpeedset,0,1596169705.325283
CF_Clu_HudSpeedset,0,1596169705.522785
CF_Clu_HudSpeedset,0,1596169706.522209
CF_Clu_HudSpeedset,0,1596169706.623569
CF_Clu_HudSpeedset,0,1596169707.222425
CF_Clu_HudSpeedset,0,1596169707.520629
CF_Clu_HudSpeedset,0,1596169707.6229372
CF_Clu_HudSpeedset,0,1596169707.922704
CF_Clu_HudSpeedset,0,1596169709.417212
CF_Clu_HudSpeedset,0,1596169709.5191839
CF_Clu_HudSpeedset,0,1596169709.8181162
CF_Clu_HudSpeedset,0,1596169710.01883
CF_Clu_HudSpeedset,0,1596169710.416617
CF_Clu_HudSpeedset,0,1596169710.715677
CF_Clu_HudSpeedset,0,1596169710.919965
CF_Clu_HudSpeedset,0,1596169711.4157288
CF_Clu_HudSpeedset,0,1596169711.7146251
CF_Clu_HudSpeedset,0,1596169711.816884
CF_Clu_HudSpeedset,0,1596169712.0135944
CF_Clu_HudSpeedset,0,1596169712.312942
CF_Clu_HudSpeedset,0,1596169712.611979
CF_Clu_HudSpeedset,0,1596169713.115349
CF_Clu_HudSpeedset,0,1596169713.414387
CF_Clu_HudSpeedset,0,1596169713.811586
CF_Clu_HudSpeedset,0,1596169715.310883
CF_Clu_HudSpeedset,0,1596169716.0152476
CF_Clu_HudSpeedset,0,1596169716.4086368
CF_Clu_HudSpeedset,0,1596169717.2074962
CF_Clu_HudSpeedset,0,1596169717.309472
CF_Clu_HudSpeedset,0,1596169717.608513
CF_Clu_HudSpeedset,0,1596169718.006508
CF_Clu_HudSpeedset,0,1596169718.3089988
CF_Clu_HudSpeedset,0,1596169718.407247
CF_Clu_HudSpeedset,0,1596169718.5095232
CF_Clu_HudSpeedset,0,1596169718.706248
CF_Clu_HudSpeedset,0,1596169718.906923
CF_Clu_HudSpeedset,0,1596169719.2067142
CF_Clu_HudSpeedset,0,1596169719.305187
CF_Clu_HudSpeedset,0,1596169719.406595
CF_Clu_HudSpeedset,0,1596169719.603792
CF_Clu_HudSpeedset,0,1596169719.8080454
CF_Clu_HudSpeedset,0,1596169719.906207
CF_Clu_HudSpeedset,0,1596169720.205622
CF_Clu_HudSpeedset,0,1596169720.303997
CF_Clu_HudSpeedset,0,1596169720.602966
CF_Clu_HudSpeedset,0,1596169720.8038812
CF_Clu_HudSpeedset,0,1596169720.905983
CF_Clu_HudSpeedset,0,1596169721.2049122
CF_Clu_HudSpeedset,0,1596169721.7046762
CF_Clu_HudSpeedset,0,1596169723.199681
CF_Clu_HudSpeedset,0,1596169724.4978912
CF_Clu_HudSpeedset,0,1596169724.79701
CF_Clu_HudSpeedset,0,1596169725.1979806
CF_Clu_HudSpeedset,0,1596169725.49744
CF_Clu_HudSpeedset,0,1596169726.099078
CF_Clu_HudSpeedset,0,1596169726.398047
CF_Clu_HudSpeedset,0,1596169726.496423
CF_Clu_HudSpeedset,0,1596169726.9961338
CF_Clu_HudSpeedset,0,1596169727.094731
CF_Clu_HudSpeedset,0,1596169727.393588
CF_Clu_HudSpeedset,0,1596169727.893305
CF_Clu_HudSpeedset,0,1596169728.097753
CF_Clu_HudSpeedset,0,1596169728.393098
CF_Clu_HudSpeedset,0,1596169728.5937226
CF_Clu_HudSpeedset,0,1596169728.9946868
CF_Clu_HudSpeedset,0,1596169729.293944
CF_Clu_HudSpeedset,0,1596169730.1911948
CF_Clu_HudSpeedset,0,1596169730.4939
CF_Clu_HudSpeedset,0,1596169731.792705
CF_Clu_HudSpeedset,0,1596169732.0952716
CF_Clu_HudSpeedset,0,1596169733.188884
CF_Clu_HudSpeedset,0,1596169733.287534
CF_Clu_HudSpeedset,0,1596169733.488275
CF_Clu_HudSpeedset,0,1596169733.5869582
CF_Clu_HudSpeedset,0,1596169733.8893068
CF_Clu_HudSpeedset,0,1596169734.089974
CF_Clu_HudSpeedset,0,1596169734.389087
CF_Clu_HudSpeedset,0,1596169734.487526
CF_Clu_HudSpeedset,0,1596169734.586184
CF_Clu_HudSpeedset,0,1596169734.684253
CF_Clu_HudSpeedset,0,1596169734.7872849
CF_Clu_HudSpeedset,0,1596169734.88495
CF_Clu_HudSpeedset,0,1596169735.187906
CF_Clu_HudSpeedset,0,1596169735.286002
CF_Clu_HudSpeedset,0,1596169735.384655
CF_Clu_HudSpeedset,0,1596169735.486944
CF_Clu_HudSpeedset,0,1596169735.6837401
CF_Clu_HudSpeedset,0,1596169735.785747
CF_Clu_HudSpeedset,0,1596169735.883955
CF_Clu_HudSpeedset,0,1596169736.084693
CF_Clu_HudSpeedset,0,1596169736.187238
CF_Clu_HudSpeedset,0,1596169736.2853029
CF_Clu_HudSpeedset,0,1596169736.784956
CF_Clu_HudSpeedset,0,1596169737.0842922
CF_Clu_HudSpeedset,0,1596169737.383086
CF_Clu_HudSpeedset,0,1596169737.882699
CF_Clu_HudSpeedset,0,1596169738.583389
CF_Clu_HudSpeedset,0,1596169739.381779
CF_Clu_HudSpeedset,0,1596169741.679476
CF_Clu_HudSpeedset,0,1596169741.97856
CF_Clu_HudSpeedset,0,1596169742.2775052
CF_Clu_HudSpeedset,0,1596169742.576829
CF_Clu_HudSpeedset,0,1596169742.7776806
CF_Clu_HudSpeedset,0,1596169742.9778562
CF_Clu_HudSpeedset,0,1596169743.178564
CF_Clu_HudSpeedset,0,1596169743.276874
CF_Clu_HudSpeedset,0,1596169743.4775946
CF_Clu_HudSpeedset,0,1596169743.575923
CF_Clu_HudSpeedset,0,1596169743.973567
CF_Clu_HudSpeedset,0,1596169744.075731
CF_Clu_HudSpeedset,0,1596169744.276162
CF_Clu_HudSpeedset,0,1596169744.473221
CF_Clu_HudSpeedset,0,1596169744.874414
CF_Clu_HudSpeedset,0,1596169745.173862
CF_Clu_HudSpeedset,0,1596169745.3739982
CF_Clu_HudSpeedset,0,1596169745.673027
CF_Clu_HudSpeedset,0,1596169746.271332
CF_Clu_HudSpeedset,0,1596169746.472202
CF_Clu_HudSpeedset,0,1596169746.672386
CF_Clu_HudSpeedset,0,1596169747.1721976
CF_Clu_HudSpeedset,0,1596169747.5698268
CF_Clu_HudSpeedset,0,1596169747.8723366
CF_Clu_HudSpeedset,0,1596169748.069536
CF_Clu_HudSpeedset,0,1596169749.768678
CF_Clu_HudSpeedset,0,1596169750.067703
CF_Clu_HudSpeedset,0,1596169750.4654772
CF_Clu_HudSpeedset,0,1596169750.768137
CF_Clu_HudSpeedset,0,1596169750.965294
CF_Clu_HudSpeedset,0,1596169751.1654458
CF_Clu_HudSpeedset,0,1596169751.366504
CF_Clu_HudSpeedset,0,1596169751.4643779
CF_Clu_HudSpeedset,0,1596169751.669166
CF_Clu_HudSpeedset,0,1596169751.76386
CF_Clu_HudSpeedset,0,1596169752.062744
CF_Clu_HudSpeedset,0,1596169752.164851
CF_Clu_HudSpeedset,0,1596169752.365534
CF_Clu_HudSpeedset,0,1596169752.566136
CF_Clu_HudSpeedset,0,1596169752.664435
CF_Clu_HudSpeedset,0,1596169752.766807
CF_Clu_HudSpeedset,0,1596169752.96354
CF_Clu_HudSpeedset,0,1596169753.2625456
CF_Clu_HudSpeedset,0,1596169755.761399
CF_Clu_HudSpeedset,0,1596169757.657433
CF_Clu_HudSpeedset,0,1596169757.857868
CF_Clu_HudSpeedset,0,1596169758.058594
CF_Clu_HudSpeedset,0,1596169758.456306
CF_Clu_HudSpeedset,0,1596169758.956217
CF_Clu_HudSpeedset,0,1596169759.2549539
CF_Clu_HudSpeedset,0,1596169759.357193
CF_Clu_HudSpeedset,0,1596169759.6561232
CF_Clu_HudSpeedset,0,1596169759.955145
CF_Clu_HudSpeedset,0,1596169760.254603
CF_Clu_HudSpeedset,0,1596169760.3529642
CF_Clu_HudSpeedset,0,1596169761.1553988
CF_Clu_HudSpeedset,0,1596169763.248519
CF_Clu_HudSpeedset,0,1596169765.1486142
CF_Clu_HudSpeedset,0,1596169765.2468119
CF_Clu_HudSpeedset,0,1596169765.447528
CF_Clu_HudSpeedset,0,1596169765.8487859
CF_Clu_HudSpeedset,0,1596169765.9471939
CF_Clu_HudSpeedset,0,1596169766.144216
CF_Clu_HudSpeedset,0,1596169766.4468858
CF_Clu_HudSpeedset,0,1596169766.8482609
CF_Clu_HudSpeedset,0,1596169767.048862
CF_Clu_HudSpeedset,0,1596169767.147167
CF_Clu_HudSpeedset,0,1596169767.446308
CF_Clu_HudSpeedset,0,1596169767.544616
CF_Clu_HudSpeedset,0,1596169768.142716
CF_Clu_HudSpeedset,0,1596169768.244898
CF_Clu_HudSpeedset,0,1596169768.445698
CF_Clu_HudSpeedset,0,1596169768.8431628
CF_Clu_HudSpeedset,0,1596169768.945348
CF_Clu_HudSpeedset,0,1596169769.043725
CF_Clu_HudSpeedset,0,1596169769.342649
CF_Clu_HudSpeedset,0,1596169769.944726
CF_Clu_HudSpeedset,0,1596169770.5427132
CF_Clu_HudSpeedset,0,1596169770.841644
CF_Clu_HudSpeedset,0,1596169771.140832
CF_Clu_HudSpeedset,0,1596169771.243144
CF_Clu_HudSpeedset,0,1596169772.541655
CF_Clu_HudSpeedset,0,1596169772.738473
CF_Clu_HudSpeedset,0,1596169773.337109
CF_Clu_HudSpeedset,0,1596169773.438405
CF_Clu_HudSpeedset,0,1596169774.0374742
CF_Clu_HudSpeedset,0,1596169775.33523
CF_Clu_HudSpeedset,0,1596169775.637849
CF_Clu_HudSpeedset,0,1596169776.1378171
CF_Clu_HudSpeedset,0,1596169776.2359571
CF_Clu_HudSpeedset,0,1596169776.932696
CF_Clu_HudSpeedset,0,1596169777.034519
CF_Clu_HudSpeedset,0,1596169777.1331608
CF_Clu_HudSpeedset,0,1596169777.3334699
CF_Clu_HudSpeedset,0,1596169778.7306206
CF_Clu_HudSpeedset,0,1596169780.8275301
CF_Clu_HudSpeedset,0,1596169781.126227
CF_Clu_HudSpeedset,0,1596169781.626313
CF_Clu_HudSpeedset,0,1596169781.7287738
CF_Clu_HudSpeedset,0,1596169781.826735
CF_Clu_HudSpeedset,0,1596169781.9252968
CF_Clu_HudSpeedset,0,1596169782.027225
CF_Clu_HudSpeedset,0,1596169782.12584
CF_Clu_HudSpeedset,0,1596169782.2278712
CF_Clu_HudSpeedset,0,1596169782.924597
CF_Clu_HudSpeedset,0,1596169783.1253722
CF_Clu_HudSpeedset,0,1596169783.227352
CF_Clu_HudSpeedset,0,1596169783.428053
CF_Clu_HudSpeedset,0,1596169783.526309
CF_Clu_HudSpeedset,0,1596169783.6246774
CF_Clu_HudSpeedset,0,1596169783.825418
CF_Clu_HudSpeedset,0,1596169784.026072
CF_Clu_HudSpeedset,0,1596169784.223058
CF_Clu_HudSpeedset,0,1596169784.522015
CF_Clu_HudSpeedset,0,1596169784.824991
CF_Clu_HudSpeedset,0,1596169785.1237938
CF_Clu_HudSpeedset,0,1596169785.4232712
CF_Clu_HudSpeedset,0,1596169785.721778
CF_Clu_HudSpeedset,0,1596169785.820927
CF_Clu_HudSpeedset,0,1596169786.422175
CF_Clu_HudSpeedset,0,1596169786.721192
CF_Clu_HudSpeedset,0,1596169786.9217556
CF_Clu_HudSpeedset,0,1596169787.119039
CF_Clu_HudSpeedset,0,1596169788.523277
CF_Clu_HudSpeedset,0,1596169789.817564
CF_Clu_HudSpeedset,0,1596169789.916248
CF_Clu_HudSpeedset,0,1596169790.11651
CF_Clu_HudSpeedset,0,1596169790.317238
CF_Clu_HudSpeedset,0,1596169790.4158108
CF_Clu_HudSpeedset,0,1596169790.616186
CF_Clu_HudSpeedset,0,1596169791.2146492
CF_Clu_HudSpeedset,0,1596169791.414947
CF_Clu_HudSpeedset,0,1596169791.6157231
CF_Clu_HudSpeedset,0,1596169791.7143989
CF_Clu_HudSpeedset,0,1596169792.3159359
CF_Clu_HudSpeedset,0,1596169792.414264
CF_Clu_HudSpeedset,0,1596169792.614958
CF_Clu_HudSpeedset,0,1596169792.812055
CF_Clu_HudSpeedset,0,1596169793.21304
CF_Clu_HudSpeedset,0,1596169793.512408
CF_Clu_HudSpeedset,0,1596169793.712678
CF_Clu_HudSpeedset,0,1596169793.8150332
CF_Clu_HudSpeedset,0,1596169793.9132721
CF_Clu_HudSpeedset,0,1596169794.0115972
CF_Clu_HudSpeedset,0,1596169794.81455
CF_Clu_HudSpeedset,0,1596169795.113338
CF_Clu_HudSpeedset,0,1596169796.711278
CF_Clu_HudSpeedset,0,1596169797.0097556
CF_Clu_HudSpeedset,0,1596169797.907027
CF_Clu_HudSpeedset,0,1596169798.705555
CF_Clu_HudSpeedset,0,1596169798.906216
CF_Clu_HudSpeedset,0,1596169799.0046024
CF_Clu_HudSpeedset,0,1596169799.205447
CF_Clu_HudSpeedset,0,1596169799.6064909
CF_Clu_HudSpeedset,0,1596169799.804384
CF_Clu_HudSpeedset,0,1596169799.905539
CF_Clu_HudSpeedset,0,1596169800.405268
CF_Clu_HudSpeedset,0,1596169800.8035252
CF_Clu_HudSpeedset,0,1596169801.204231
CF_Clu_HudSpeedset,0,1596169801.503114
CF_Clu_HudSpeedset,0,1596169802.101161
CF_Clu_HudSpeedset,0,1596169802.600553
CF_Clu_HudSpeedset,0,1596169802.7032306
CF_Clu_HudSpeedset,0,1596169803.1006742
CF_Clu_HudSpeedset,0,1596169804.300759
CF_Clu_HudSpeedset,0,1596169806.6963599
CF_Clu_HudSpeedset,0,1596169807.2983491
CF_Clu_HudSpeedset,0,1596169808.0971024
CF_Clu_HudSpeedset,0,1596169808.1954231
CF_Clu_HudSpeedset,0,1596169808.293758
CF_Clu_HudSpeedset,0,1596169808.494431
CF_Clu_HudSpeedset,0,1596169808.695421
CF_Clu_HudSpeedset,0,1596169808.7933939
CF_Clu_HudSpeedset,0,1596169808.994552
CF_Clu_HudSpeedset,0,1596169809.0925329
CF_Clu_HudSpeedset,0,1596169809.3914108
CF_Clu_HudSpeedset,0,1596169810.2924614
CF_Clu_HudSpeedset,0,1596169811.5914922
CF_Clu_HudSpeedset,0,1596169812.291235
CF_Clu_HudSpeedset,0,1596169812.992033
CF_Clu_HudSpeedset,0,1596169813.290578
CF_Clu_HudSpeedset,0,1596169814.486903
CF_Clu_HudSpeedset,0,1596169815.3838599
CF_Clu_HudSpeedset,0,1596169815.5847418
CF_Clu_HudSpeedset,0,1596169816.186597
CF_Clu_HudSpeedset,0,1596169816.2847528
CF_Clu_HudSpeedset,0,1596169816.682569
CF_Clu_HudSpeedset,0,1596169816.886974
CF_Clu_HudSpeedset,0,1596169817.481271
CF_Clu_HudSpeedset,0,1596169817.9807222
CF_Clu_HudSpeedset,0,1596169819.180737
CF_Clu_HudSpeedset,0,1596169819.385292
CF_Clu_HudSpeedset,0,1596169819.880805
CF_Clu_HudSpeedset,0,1596169820.4790561
CF_Clu_HudSpeedset,0,1596169820.8805966
CF_Clu_HudSpeedset,0,1596169821.57645
CF_Clu_HudSpeedset,0,1596169822.178444
CF_Clu_HudSpeedset,0,1596169822.47751
CF_Clu_HudSpeedset,0,1596169822.678123
CF_Clu_HudSpeedset,0,1596169822.776508
CF_Clu_HudSpeedset,0,1596169822.97353
CF_Clu_HudSpeedset,0,1596169823.174418
CF_Clu_HudSpeedset,0,1596169823.4734678
CF_Clu_HudSpeedset,0,1596169824.074798
CF_Clu_HudSpeedset,0,1596169824.173604
CF_Clu_HudSpeedset,0,1596169824.3739069
CF_Clu_HudSpeedset,0,1596169824.5746582
CF_Clu_HudSpeedset,0,1596169824.975859
CF_Clu_HudSpeedset,0,1596169825.0742662
CF_Clu_HudSpeedset,0,1596169825.471658
CF_Clu_HudSpeedset,0,1596169825.5738182
CF_Clu_HudSpeedset,0,1596169825.872951
CF_Clu_HudSpeedset,0,1596169826.0705972
CF_Clu_HudSpeedset,0,1596169826.5703108
CF_Clu_HudSpeedset,0,1596169826.872333
CF_Clu_HudSpeedset,0,1596169826.970627
CF_Clu_HudSpeedset,0,1596169827.2698052
CF_Clu_HudSpeedset,0,1596169827.4705
CF_Clu_HudSpeedset,0,1596169829.1708891
CF_Clu_HudSpeedset,0,1596169829.768036
CF_Clu_HudSpeedset,0,1596169831.066345
CF_Clu_HudSpeedset,0,1596169831.2670588
CF_Clu_HudSpeedset,0,1596169831.46385
CF_Clu_HudSpeedset,0,1596169831.566043
CF_Clu_HudSpeedset,0,1596169831.664384
CF_Clu_HudSpeedset,0,1596169831.763069
CF_Clu_HudSpeedset,0,1596169831.9634461
CF_Clu_HudSpeedset,0,1596169832.262711
CF_Clu_HudSpeedset,0,1596169832.565409
CF_Clu_HudSpeedset,0,1596169832.663831
CF_Clu_HudSpeedset,0,1596169833.2657962
CF_Clu_HudSpeedset,0,1596169833.364137
CF_Clu_HudSpeedset,0,1596169833.5647562
CF_Clu_HudSpeedset,0,1596169833.765436
CF_Clu_HudSpeedset,0,1596169833.863808
CF_Clu_HudSpeedset,0,1596169834.359764
CF_Clu_HudSpeedset,0,1596169836.5589812
CF_Clu_HudSpeedset,0,1596169838.1564698
CF_Clu_HudSpeedset,0,1596169839.155819
CF_Clu_HudSpeedset,0,1596169839.253957
CF_Clu_HudSpeedset,0,1596169839.454995
CF_Clu_HudSpeedset,0,1596169839.5569768
CF_Clu_HudSpeedset,0,1596169839.7537768
CF_Clu_HudSpeedset,0,1596169840.355624
CF_Clu_HudSpeedset,0,1596169840.4540482
CF_Clu_HudSpeedset,0,1596169840.5526462
CF_Clu_HudSpeedset,0,1596169840.851903
CF_Clu_HudSpeedset,0,1596169841.052903
CF_Clu_HudSpeedset,0,1596169841.154391
CF_Clu_HudSpeedset,0,1596169841.3515918
CF_Clu_HudSpeedset,0,1596169841.7526422
CF_Clu_HudSpeedset,0,1596169841.8513
CF_Clu_HudSpeedset,0,1596169841.953442
CF_Clu_HudSpeedset,0,1596169842.150016
CF_Clu_HudSpeedset,0,1596169842.252419
CF_Clu_HudSpeedset,0,1596169842.752031
CF_Clu_HudSpeedset,0,1596169843.252322
CF_Clu_HudSpeedset,0,1596169843.546737
CF_Clu_HudSpeedset,0,1596169844.6522932
CF_Clu_HudSpeedset,0,1596169845.049494
CF_Clu_HudSpeedset,0,1596169845.250268
CF_Clu_HudSpeedset,0,1596169845.450855
CF_Clu_HudSpeedset,0,1596169846.2454882
CF_Clu_HudSpeedset,0,1596169846.347824
CF_Clu_HudSpeedset,0,1596169846.745617
CF_Clu_HudSpeedset,0,1596169847.347147
CF_Clu_HudSpeedset,0,1596169848.244163
CF_Clu_HudSpeedset,0,1596169848.342957
CF_Clu_HudSpeedset,0,1596169848.5431206
CF_Clu_HudSpeedset,0,1596169848.6455119
CF_Clu_HudSpeedset,0,1596169849.0429306
CF_Clu_HudSpeedset,0,1596169849.1417289
CF_Clu_HudSpeedset,0,1596169849.342259
CF_Clu_HudSpeedset,0,1596169849.6409204
CF_Clu_HudSpeedset,0,1596169850.2428842
CF_Clu_HudSpeedset,0,1596169851.042073
CF_Clu_HudSpeedset,0,1596169851.238376
CF_Clu_HudSpeedset,0,1596169851.4393332
CF_Clu_HudSpeedset,0,1596169852.9380882
CF_Clu_HudSpeedset,0,1596169854.2366679
CF_Clu_HudSpeedset,0,1596169854.536725
CF_Clu_HudSpeedset,0,1596169854.8351018
CF_Clu_HudSpeedset,0,1596169855.133939
CF_Clu_HudSpeedset,0,1596169855.4364789
CF_Clu_HudSpeedset,0,1596169855.735701
CF_Clu_HudSpeedset,0,1596169855.8344991
CF_Clu_HudSpeedset,0,1596169856.132822
CF_Clu_HudSpeedset,0,1596169856.333545
CF_Clu_HudSpeedset,0,1596169856.534369
CF_Clu_HudSpeedset,0,1596169856.735142
CF_Clu_HudSpeedset,0,1596169857.132513
CF_Clu_HudSpeedset,0,1596169857.431374
CF_Clu_HudSpeedset,0,1596169857.5334342
CF_Clu_HudSpeedset,0,1596169857.7343194
CF_Clu_HudSpeedset,0,1596169858.5292091
CF_Clu_HudSpeedset,0,1596169858.6311512
CF_Clu_HudSpeedset,0,1596169859.2331462
CF_Clu_HudSpeedset,0,1596169860.031871
CF_Clu_HudSpeedset,0,1596169860.3308976
CF_Clu_HudSpeedset,0,1596169860.4292438
CF_Clu_HudSpeedset,0,1596169861.231982
CF_Clu_HudSpeedset,0,1596169861.4327412
CF_Clu_HudSpeedset,0,1596169862.0266118
CF_Clu_HudSpeedset,0,1596169862.624657
CF_Clu_HudSpeedset,0,1596169862.726901
CF_Clu_HudSpeedset,0,1596169863.0259466
CF_Clu_HudSpeedset,0,1596169863.7263381
CF_Clu_HudSpeedset,0,1596169864.3243024
CF_Clu_HudSpeedset,0,1596169864.423029
CF_Clu_HudSpeedset,0,1596169864.623615
CF_Clu_HudSpeedset,0,1596169865.122999
CF_Clu_HudSpeedset,0,1596169865.524318
CF_Clu_HudSpeedset,0,1596169865.623008
CF_Clu_HudSpeedset,0,1596169866.0241039
CF_Clu_HudSpeedset,0,1596169866.8227048
CF_Clu_HudSpeedset,0,1596169866.921151
CF_Clu_HudSpeedset,0,1596169868.7153864
CF_Clu_HudSpeedset,0,1596169870.1162
CF_Clu_HudSpeedset,0,1596169870.415146
CF_Clu_HudSpeedset,0,1596169871.2177222
CF_Clu_HudSpeedset,0,1596169871.5165598
CF_Clu_HudSpeedset,0,1596169871.614878
CF_Clu_HudSpeedset,0,1596169871.815556
CF_Clu_HudSpeedset,0,1596169872.114569
CF_Clu_HudSpeedset,0,1596169872.2132509
CF_Clu_HudSpeedset,0,1596169872.3151731
CF_Clu_HudSpeedset,0,1596169872.512206
CF_Clu_HudSpeedset,0,1596169872.713072
CF_Clu_HudSpeedset,0,1596169873.015556
CF_Clu_HudSpeedset,0,1596169873.515286
CF_Clu_HudSpeedset,0,1596169874.011002
CF_Clu_HudSpeedset,0,1596169874.7113562
CF_Clu_HudSpeedset,0,1596169875.3133779
CF_Clu_HudSpeedset,0,1596169875.8089929
CF_Clu_HudSpeedset,0,1596169878.5043519
CF_Clu_HudSpeedset,0,1596169878.9055471
CF_Clu_HudSpeedset,0,1596169879.004042
CF_Clu_HudSpeedset,0,1596169879.6058726
CF_Clu_HudSpeedset,0,1596169879.802725
CF_Clu_HudSpeedset,0,1596169880.10547
CF_Clu_HudSpeedset,0,1596169880.703541
CF_Clu_HudSpeedset,0,1596169880.8027382
CF_Clu_HudSpeedset,0,1596169881.002652
CF_Clu_HudSpeedset,0,1596169881.101913
CF_Clu_HudSpeedset,0,1596169881.40395
CF_Clu_HudSpeedset,0,1596169881.8999226
CF_Clu_HudSpeedset,0,1596169882.0022454
CF_Clu_HudSpeedset,0,1596169883.2028039
CF_Clu_HudSpeedset,0,1596169883.300856
CF_Clu_HudSpeedset,0,1596169883.6977859
CF_Clu_HudSpeedset,0,1596169884.799228
CF_Clu_HudSpeedset,0,1596169885.9952211
CF_Clu_HudSpeedset,0,1596169886.093824
CF_Clu_HudSpeedset,0,1596169886.593752
CF_Clu_HudSpeedset,0,1596169886.6956842
CF_Clu_HudSpeedset,0,1596169887.294085
CF_Clu_HudSpeedset,0,1596169887.4943511
CF_Clu_HudSpeedset,0,1596169887.592674
CF_Clu_HudSpeedset,0,1596169887.69489
CF_Clu_HudSpeedset,0,1596169887.895776
CF_Clu_HudSpeedset,0,1596169888.293002
CF_Clu_HudSpeedset,0,1596169888.493669
CF_Clu_HudSpeedset,0,1596169888.592031
CF_Clu_HudSpeedset,0,1596169888.792682
CF_Clu_HudSpeedset,0,1596169888.891521
CF_Clu_HudSpeedset,0,1596169889.2923698
CF_Clu_HudSpeedset,0,1596169889.890692
CF_Clu_HudSpeedset,0,1596169889.992624
CF_Clu_HudSpeedset,0,1596169890.189718
CF_Clu_HudSpeedset,0,1596169890.3902712
CF_Clu_HudSpeedset,0,1596169891.3898509
CF_Clu_HudSpeedset,0,1596169891.7908812
CF_Clu_HudSpeedset,0,1596169891.988099
CF_Clu_HudSpeedset,0,1596169892.286944
CF_Clu_HudSpeedset,0,1596169893.6876092
CF_Clu_HudSpeedset,0,1596169894.883775
CF_Clu_HudSpeedset,0,1596169895.085116
CF_Clu_HudSpeedset,0,1596169895.485589
CF_Clu_HudSpeedset,0,1596169895.682227
CF_Clu_HudSpeedset,0,1596169895.883035
CF_Clu_HudSpeedset,0,1596169896.181833
CF_Clu_HudSpeedset,0,1596169896.78381
CF_Clu_HudSpeedset,0,1596169896.8823848
CF_Clu_HudSpeedset,0,1596169897.0830722
CF_Clu_HudSpeedset,0,1596169897.48409
CF_Clu_HudSpeedset,0,1596169897.582699
CF_Clu_HudSpeedset,0,1596169897.6847901
CF_Clu_HudSpeedset,0,1596169898.380948
CF_Clu_HudSpeedset,0,1596169899.180196
CF_Clu_HudSpeedset,0,1596169899.3803759
CF_Clu_HudSpeedset,0,1596169899.8804722
CF_Clu_HudSpeedset,0,1596169900.0769038
CF_Clu_HudSpeedset,0,1596169900.478035
CF_Clu_HudSpeedset,0,1596169901.6780438
CF_Clu_HudSpeedset,0,1596169901.878766
CF_Clu_HudSpeedset,0,1596169902.075404
CF_Clu_HudSpeedset,0,1596169902.7757409
CF_Clu_HudSpeedset,0,1596169903.373853
CF_Clu_HudSpeedset,0,1596169903.673075
CF_Clu_HudSpeedset,0,1596169904.1724422
CF_Clu_HudSpeedset,0,1596169904.475462
CF_Clu_HudSpeedset,0,1596169904.573744
CF_Clu_HudSpeedset,0,1596169904.672142
CF_Clu_HudSpeedset,0,1596169904.8731868
CF_Clu_HudSpeedset,0,1596169905.3724868
CF_Clu_HudSpeedset,0,1596169905.47094
CF_Clu_HudSpeedset,0,1596169905.7738461
CF_Clu_HudSpeedset,0,1596169905.872184
CF_Clu_HudSpeedset,0,1596169905.971092
CF_Clu_HudSpeedset,0,1596169906.270093
CF_Clu_HudSpeedset,0,1596169906.5694609
CF_Clu_HudSpeedset,0,1596169906.969898
CF_Clu_HudSpeedset,0,1596169907.1705651
CF_Clu_HudSpeedset,0,1596169908.1701279
CF_Clu_HudSpeedset,0,1596169909.071018
CF_Clu_HudSpeedset,0,1596169909.3700328
CF_Clu_HudSpeedset,0,1596169909.7675538
CF_Clu_HudSpeedset,0,1596169909.9683046
CF_Clu_HudSpeedset,0,1596169910.369341
CF_Clu_HudSpeedset,0,1596169911.164305
CF_Clu_HudSpeedset,0,1596169911.5653028
CF_Clu_HudSpeedset,0,1596169911.864298
CF_Clu_HudSpeedset,0,1596169912.0649831
CF_Clu_HudSpeedset,0,1596169912.4627938
CF_Clu_HudSpeedset,0,1596169912.9625401
CF_Clu_HudSpeedset,0,1596169913.2650306
CF_Clu_HudSpeedset,0,1596169913.7613401
CF_Clu_HudSpeedset,0,1596169914.063686
CF_Clu_HudSpeedset,0,1596169915.260088
CF_Clu_HudSpeedset,0,1596169915.857716
CF_Clu_HudSpeedset,0,1596169916.058418
CF_Clu_HudSpeedset,0,1596169916.157094
CF_Clu_HudSpeedset,0,1596169917.758613
CF_Clu_HudSpeedset,0,1596169918.6552038
CF_Clu_HudSpeedset,0,1596169918.856283
CF_Clu_HudSpeedset,0,1596169919.556161
CF_Clu_HudSpeedset,0,1596169920.0523472
CF_Clu_HudSpeedset,0,1596169920.15423
CF_Clu_HudSpeedset,0,1596169920.2530642
CF_Clu_HudSpeedset,0,1596169920.4533749
CF_Clu_HudSpeedset,0,1596169920.552792
CF_Clu_HudSpeedset,0,1596169920.6539528
CF_Clu_HudSpeedset,0,1596169921.252314
CF_Clu_HudSpeedset,0,1596169921.354382
CF_Clu_HudSpeedset,0,1596169921.452566
CF_Clu_HudSpeedset,0,1596169921.752288
CF_Clu_HudSpeedset,0,1596169921.850915
CF_Clu_HudSpeedset,0,1596169922.1497009
CF_Clu_HudSpeedset,0,1596169922.448365
CF_Clu_HudSpeedset,0,1596169923.553739
CF_Clu_HudSpeedset,0,1596169923.947405
CF_Clu_HudSpeedset,0,1596169924.4471369
CF_Clu_HudSpeedset,0,1596169924.950639
CF_Clu_HudSpeedset,0,1596169925.3477778
CF_Clu_HudSpeedset,0,1596169925.9462981
CF_Clu_HudSpeedset,0,1596169926.343526
CF_Clu_HudSpeedset,0,1596169926.744425
CF_Clu_HudSpeedset,0,1596169927.1457212
CF_Clu_HudSpeedset,0,1596169927.6454751
CF_Clu_HudSpeedset,0,1596169927.743969
CF_Clu_HudSpeedset,0,1596169928.042774
CF_Clu_HudSpeedset,0,1596169929.24284
CF_Clu_HudSpeedset,0,1596169929.3411431
CF_Clu_HudSpeedset,0,1596169929.443532
CF_Clu_HudSpeedset,0,1596169929.640637
CF_Clu_HudSpeedset,0,1596169930.045562
CF_Clu_HudSpeedset,0,1596169930.5411491
CF_Clu_HudSpeedset,0,1596169931.442233
CF_Clu_HudSpeedset,0,1596169933.7362602
CF_Clu_HudSpeedset,0,1596169933.940622
CF_Clu_HudSpeedset,0,1596169935.435761
CF_Clu_HudSpeedset,0,1596169935.534417
CF_Clu_HudSpeedset,0,1596169935.833164
CF_Clu_HudSpeedset,0,1596169936.132707
CF_Clu_HudSpeedset,0,1596169936.435123
CF_Clu_HudSpeedset,0,1596169936.533537
CF_Clu_HudSpeedset,0,1596169936.6357708
CF_Clu_HudSpeedset,0,1596169937.131896
CF_Clu_HudSpeedset,0,1596169937.332642
CF_Clu_HudSpeedset,0,1596169937.631495
CF_Clu_HudSpeedset,0,1596169937.733498
CF_Clu_HudSpeedset,0,1596169938.032488
CF_Clu_HudSpeedset,0,1596169939.028192
CF_Clu_HudSpeedset,0,1596169939.3308198
CF_Clu_HudSpeedset,0,1596169939.429239
CF_Clu_HudSpeedset,0,1596169939.5314794
CF_Clu_HudSpeedset,0,1596169939.7284944
CF_Clu_HudSpeedset,0,1596169940.0311182
CF_Clu_HudSpeedset,0,1596169942.525592
CF_Clu_HudSpeedset,0,1596169942.824517
CF_Clu_HudSpeedset,0,1596169943.524863
CF_Clu_HudSpeedset,0,1596169943.6235788
CF_Clu_HudSpeedset,0,1596169943.823987
CF_Clu_HudSpeedset,0,1596169943.9225
CF_Clu_HudSpeedset,0,1596169944.2251918
CF_Clu_HudSpeedset,0,1596169944.422205
CF_Clu_HudSpeedset,0,1596169944.921608
CF_Clu_HudSpeedset,0,1596169945.0238981
CF_Clu_HudSpeedset,0,1596169945.523613
CF_Clu_HudSpeedset,0,1596169945.621969
CF_Clu_HudSpeedset,0,1596169945.822695
CF_Clu_HudSpeedset,0,1596169946.0233886
CF_Clu_HudSpeedset,0,1596169946.2201312
CF_Clu_HudSpeedset,0,1596169946.421092
CF_Clu_HudSpeedset,0,1596169947.6208582
CF_Clu_HudSpeedset,0,1596169948.919573
CF_Clu_HudSpeedset,0,1596169949.0175948
CF_Clu_HudSpeedset,0,1596169949.316535
CF_Clu_HudSpeedset,0,1596169950.016789
CF_Clu_HudSpeedset,0,1596169950.1195588
CF_Clu_HudSpeedset,0,1596169950.8161051
CF_Clu_HudSpeedset,0,1596169951.6141381
CF_Clu_HudSpeedset,0,1596169951.9135628
CF_Clu_HudSpeedset,0,1596169952.212184
CF_Clu_HudSpeedset,0,1596169952.511633
CF_Clu_HudSpeedset,0,1596169952.613389
CF_Clu_HudSpeedset,0,1596169952.712233
CF_Clu_HudSpeedset,0,1596169953.113131
CF_Clu_HudSpeedset,0,1596169953.4122226
CF_Clu_HudSpeedset,0,1596169953.7112381
CF_Clu_HudSpeedset,0,1596169954.010562
CF_Clu_HudSpeedset,0,1596169954.108792
CF_Clu_HudSpeedset,0,1596169954.3091831
CF_Clu_HudSpeedset,0,1596169954.4115489
CF_Clu_HudSpeedset,0,1596169955.308589
CF_Clu_HudSpeedset,0,1596169955.812247
CF_Clu_HudSpeedset,0,1596169956.307894
CF_Clu_HudSpeedset,0,1596169956.406533
CF_Clu_HudSpeedset,0,1596169956.80758
CF_Clu_HudSpeedset,0,1596169957.004543
CF_Clu_HudSpeedset,0,1596169957.606234
CF_Clu_HudSpeedset,0,1596169958.802677
CF_Clu_HudSpeedset,0,1596169958.9047446
CF_Clu_HudSpeedset,0,1596169959.904077
CF_Clu_HudSpeedset,0,1596169960.104717
CF_Clu_HudSpeedset,0,1596169960.3013716
CF_Clu_HudSpeedset,0,1596169960.403687
CF_Clu_HudSpeedset,0,1596169960.502358
CF_Clu_HudSpeedset,0,1596169960.6014302
CF_Clu_HudSpeedset,0,1596169960.801366
CF_Clu_HudSpeedset,0,1596169960.903347
CF_Clu_HudSpeedset,0,1596169961.0020218
CF_Clu_HudSpeedset,0,1596169961.198699
CF_Clu_HudSpeedset,0,1596169961.600459
CF_Clu_HudSpeedset,0,1596169961.9027019
CF_Clu_HudSpeedset,0,1596169962.1003258
CF_Clu_HudSpeedset,0,1596169962.30095
CF_Clu_HudSpeedset,0,1596169962.398814
CF_Clu_HudSpeedset,0,1596169962.501188
CF_Clu_HudSpeedset,0,1596169962.599678
CF_Clu_HudSpeedset,0,1596169962.898117
CF_Clu_HudSpeedset,0,1596169963.6027071
CF_Clu_HudSpeedset,0,1596169964.397151
CF_Clu_HudSpeedset,0,1596169964.7949364
CF_Clu_HudSpeedset,0,1596169965.0974898
CF_Clu_HudSpeedset,0,1596169965.597192
CF_Clu_HudSpeedset,0,1596169966.1954641
CF_Clu_HudSpeedset,0,1596169966.297548
CF_Clu_HudSpeedset,0,1596169966.7935221
CF_Clu_HudSpeedset,0,1596169966.895824
CF_Clu_HudSpeedset,0,1596169967.195192
CF_Clu_HudSpeedset,0,1596169967.4976368
CF_Clu_HudSpeedset,0,1596169967.9932091
CF_Clu_HudSpeedset,0,1596169968.4930408
CF_Clu_HudSpeedset,0,1596169968.5952454
CF_Clu_HudSpeedset,0,1596169968.8906088
CF_Clu_HudSpeedset,0,1596169968.99263
CF_Clu_HudSpeedset,0,1596169969.2919712
CF_Clu_HudSpeedset,0,1596169969.3904939
CF_Clu_HudSpeedset,0,1596169970.188798
CF_Clu_HudSpeedset,0,1596169970.290915
CF_Clu_HudSpeedset,0,1596169970.688947
CF_Clu_HudSpeedset,0,1596169971.089828
CF_Clu_HudSpeedset,0,1596169971.3890288
CF_Clu_HudSpeedset,0,1596169971.9870222
CF_Clu_HudSpeedset,0,1596169972.089071
CF_Clu_HudSpeedset,0,1596169972.1875632
CF_Clu_HudSpeedset,0,1596169972.392071
CF_Clu_HudSpeedset,0,1596169974.288403
CF_Clu_HudSpeedset,0,1596169975.083412
CF_Clu_HudSpeedset,0,1596169975.28417
CF_Clu_HudSpeedset,0,1596169975.685023
CF_Clu_HudSpeedset,0,1596169976.1848161
CF_Clu_HudSpeedset,0,1596169976.58225
CF_Clu_HudSpeedset,0,1596169976.8811982
CF_Clu_HudSpeedset,0,1596169977.0820491
CF_Clu_HudSpeedset,0,1596169977.180473
CF_Clu_HudSpeedset,0,1596169977.380934
CF_Clu_HudSpeedset,0,1596169977.5816789
CF_Clu_HudSpeedset,0,1596169977.782341
CF_Clu_HudSpeedset,0,1596169977.97916
CF_Clu_HudSpeedset,0,1596169978.1796026
CF_Clu_HudSpeedset,0,1596169978.281888
CF_Clu_HudSpeedset,0,1596169978.478982
CF_Clu_HudSpeedset,0,1596169978.879789
CF_Clu_HudSpeedset,0,1596169979.3799038
CF_Clu_HudSpeedset,0,1596169979.5803962
CF_Clu_HudSpeedset,0,1596169979.6786351
CF_Clu_HudSpeedset,0,1596169980.4774
CF_Clu_HudSpeedset,0,1596169980.7762759
CF_Clu_HudSpeedset,0,1596169981.8780742
CF_Clu_HudSpeedset,0,1596169982.2755961
CF_Clu_HudSpeedset,0,1596169982.8774571
CF_Clu_HudSpeedset,0,1596169983.5737114
CF_Clu_HudSpeedset,0,1596169983.774335
CF_Clu_HudSpeedset,0,1596169983.975002
CF_Clu_HudSpeedset,0,1596169984.2739706
CF_Clu_HudSpeedset,0,1596169984.372344
CF_Clu_HudSpeedset,0,1596169984.671575
CF_Clu_HudSpeedset,0,1596169984.974355
CF_Clu_HudSpeedset,0,1596169985.171339
CF_Clu_HudSpeedset,0,1596169985.371624
CF_Clu_HudSpeedset,0,1596169985.474011
CF_Clu_HudSpeedset,0,1596169985.970092
CF_Clu_HudSpeedset,0,1596169986.269187
CF_Clu_HudSpeedset,0,1596169986.473464
CF_Clu_HudSpeedset,0,1596169986.571775
CF_Clu_HudSpeedset,0,1596169986.6702108
CF_Clu_HudSpeedset,0,1596169986.969176
CF_Clu_HudSpeedset,0,1596169987.169842
CF_Clu_HudSpeedset,0,1596169988.2678099
CF_Clu_HudSpeedset,0,1596169988.566831
CF_Clu_HudSpeedset,0,1596169988.771157
CF_Clu_HudSpeedset,0,1596169989.467784
CF_Clu_HudSpeedset,0,1596169990.266458
CF_Clu_HudSpeedset,0,1596169991.068979
CF_Clu_HudSpeedset,0,1596169991.863644
CF_Clu_HudSpeedset,0,1596169992.1626508
CF_Clu_HudSpeedset,0,1596169992.465784
CF_Clu_HudSpeedset,0,1596169992.662246
CF_Clu_HudSpeedset,0,1596169993.162303
CF_Clu_HudSpeedset,0,1596169993.4610536
CF_Clu_HudSpeedset,0,1596169993.8622148
CF_Clu_HudSpeedset,0,1596169994.059416
CF_Clu_HudSpeedset,0,1596169994.259701
CF_Clu_HudSpeedset,0,1596169995.861094
CF_Clu_HudSpeedset,0,1596169996.356771
CF_Clu_HudSpeedset,0,1596169996.7580512
CF_Clu_HudSpeedset,0,1596169996.9550114
CF_Clu_HudSpeedset,0,1596169998.8554971
CF_Clu_HudSpeedset,0,1596170000.7514749
CF_Clu_HudSpeedset,0,1596170000.85085
CF_Clu_HudSpeedset,0,1596170001.05093
CF_Clu_HudSpeedset,0,1596170001.2511768
CF_Clu_HudSpeedset,0,1596170001.4519482
CF_Clu_HudSpeedset,0,1596170001.5503614
CF_Clu_HudSpeedset,0,1596170001.853169
CF_Clu_HudSpeedset,0,1596170002.250774
CF_Clu_HudSpeedset,0,1596170003.35219
CF_Clu_HudSpeedset,0,1596170003.6476624
CF_Clu_HudSpeedset,0,1596170004.745263
CF_Clu_HudSpeedset,0,1596170004.847171
CF_Clu_HudSpeedset,0,1596170005.244549
CF_Clu_HudSpeedset,0,1596170006.1456132
CF_Clu_HudSpeedset,0,1596170008.042036
CF_Clu_HudSpeedset,0,1596170008.1407359
CF_Clu_HudSpeedset,0,1596170008.242743
CF_Clu_HudSpeedset,0,1596170008.3412669
CF_Clu_HudSpeedset,0,1596170008.443413
CF_Clu_HudSpeedset,0,1596170009.0414732
CF_Clu_HudSpeedset,0,1596170009.242136
CF_Clu_HudSpeedset,0,1596170009.340425
CF_Clu_HudSpeedset,0,1596170009.541373
CF_Clu_HudSpeedset,0,1596170009.643512
CF_Clu_HudSpeedset,0,1596170009.942402
CF_Clu_HudSpeedset,0,1596170010.0408099
CF_Clu_HudSpeedset,0,1596170010.5409222
CF_Clu_HudSpeedset,0,1596170011.2370439
CF_Clu_HudSpeedset,0,1596170011.7369812
CF_Clu_HudSpeedset,0,1596170012.141839
CF_Clu_HudSpeedset,0,1596170012.236439
CF_Clu_HudSpeedset,0,1596170012.838089
CF_Clu_HudSpeedset,0,1596170012.936496
CF_Clu_HudSpeedset,0,1596170015.0375571
CF_Clu_HudSpeedset,0,1596170015.234217
CF_Clu_HudSpeedset,0,1596170015.533564
CF_Clu_HudSpeedset,0,1596170015.632315
CF_Clu_HudSpeedset,0,1596170015.9311311
CF_Clu_HudSpeedset,0,1596170016.033237
CF_Clu_HudSpeedset,0,1596170016.233692
CF_Clu_HudSpeedset,0,1596170016.430611
CF_Clu_HudSpeedset,0,1596170016.733412
CF_Clu_HudSpeedset,0,1596170017.1311202
CF_Clu_HudSpeedset,0,1596170017.7289732
CF_Clu_HudSpeedset,0,1596170018.03179
CF_Clu_HudSpeedset,0,1596170018.130039
CF_Clu_HudSpeedset,0,1596170018.527905
CF_Clu_HudSpeedset,0,1596170018.6302688
CF_Clu_HudSpeedset,0,1596170019.4283688
CF_Clu_HudSpeedset,0,1596170019.530968
CF_Clu_HudSpeedset,0,1596170019.829688
CF_Clu_HudSpeedset,0,1596170020.026808
CF_Clu_HudSpeedset,0,1596170020.227118
CF_Clu_HudSpeedset,0,1596170022.127434
CF_Clu_HudSpeedset,0,1596170022.324395
CF_Clu_HudSpeedset,0,1596170022.6271338
CF_Clu_HudSpeedset,0,1596170022.8278248
CF_Clu_HudSpeedset,0,1596170023.122732
CF_Clu_HudSpeedset,0,1596170023.4222438
CF_Clu_HudSpeedset,0,1596170023.7247221
CF_Clu_HudSpeedset,0,1596170023.823145
CF_Clu_HudSpeedset,0,1596170024.5235288
CF_Clu_HudSpeedset,0,1596170024.720505
CF_Clu_HudSpeedset,0,1596170024.920809
CF_Clu_HudSpeedset,0,1596170025.2203894
CF_Clu_HudSpeedset,0,1596170025.322266
CF_Clu_HudSpeedset,0,1596170025.4204779
CF_Clu_HudSpeedset,0,1596170025.621137
CF_Clu_HudSpeedset,0,1596170025.8217866
CF_Clu_HudSpeedset,0,1596170025.920187
CF_Clu_HudSpeedset,0,1596170026.919627
CF_Clu_HudSpeedset,0,1596170027.5178828
CF_Clu_HudSpeedset,0,1596170027.619906
CF_Clu_HudSpeedset,0,1596170027.817169
CF_Clu_HudSpeedset,0,1596170028.0212438
CF_Clu_HudSpeedset,0,1596170028.119492
CF_Clu_HudSpeedset,0,1596170029.016835
CF_Clu_HudSpeedset,0,1596170030.413748
CF_Clu_HudSpeedset,0,1596170030.515923
CF_Clu_HudSpeedset,0,1596170030.716681
CF_Clu_HudSpeedset,0,1596170031.0153546
CF_Clu_HudSpeedset,0,1596170032.0146039
CF_Clu_HudSpeedset,0,1596170032.1129556
CF_Clu_HudSpeedset,0,1596170032.711396
CF_Clu_HudSpeedset,0,1596170033.4113288
CF_Clu_HudSpeedset,0,1596170033.611917
CF_Clu_HudSpeedset,0,1596170033.812866
CF_Clu_HudSpeedset,0,1596170033.9113948
CF_Clu_HudSpeedset,0,1596170034.3089561
CF_Clu_HudSpeedset,0,1596170034.808626
CF_Clu_HudSpeedset,0,1596170035.4107199
CF_Clu_HudSpeedset,0,1596170035.60714
CF_Clu_HudSpeedset,0,1596170035.9099
CF_Clu_HudSpeedset,0,1596170037.6055171
CF_Clu_HudSpeedset,0,1596170038.907934
CF_Clu_HudSpeedset,0,1596170039.903476
CF_Clu_HudSpeedset,0,1596170040.202345
CF_Clu_HudSpeedset,0,1596170040.300977
CF_Clu_HudSpeedset,0,1596170040.501261
CF_Clu_HudSpeedset,0,1596170040.8005838
CF_Clu_HudSpeedset,0,1596170041.402261
CF_Clu_HudSpeedset,0,1596170041.6029198
CF_Clu_HudSpeedset,0,1596170041.7013302
CF_Clu_HudSpeedset,0,1596170041.799725
CF_Clu_HudSpeedset,0,1596170042.001235
CF_Clu_HudSpeedset,0,1596170042.2009358
CF_Clu_HudSpeedset,0,1596170042.401711
CF_Clu_HudSpeedset,0,1596170042.799166
CF_Clu_HudSpeedset,0,1596170043.4998288
CF_Clu_HudSpeedset,0,1596170043.5985742
CF_Clu_HudSpeedset,0,1596170043.798601
CF_Clu_HudSpeedset,0,1596170043.999381
CF_Clu_HudSpeedset,0,1596170044.1998124
CF_Clu_HudSpeedset,0,1596170044.99465
CF_Clu_HudSpeedset,0,1596170045.195363
CF_Clu_HudSpeedset,0,1596170045.5963874
CF_Clu_HudSpeedset,0,1596170045.695159
CF_Clu_HudSpeedset,0,1596170045.8956141
CF_Clu_HudSpeedset,0,1596170046.3950539
CF_Clu_HudSpeedset,0,1596170046.497686
CF_Clu_HudSpeedset,0,1596170048.590847
CF_Clu_HudSpeedset,0,1596170048.893576
CF_Clu_HudSpeedset,0,1596170049.290844
CF_Clu_HudSpeedset,0,1596170049.491562
CF_Clu_HudSpeedset,0,1596170049.5902581
CF_Clu_HudSpeedset,0,1596170049.790498
CF_Clu_HudSpeedset,0,1596170050.589195
CF_Clu_HudSpeedset,0,1596170050.691458
CF_Clu_HudSpeedset,0,1596170050.9870348
CF_Clu_HudSpeedset,0,1596170051.789231
CF_Clu_HudSpeedset,0,1596170051.9904802
CF_Clu_HudSpeedset,0,1596170053.1859
CF_Clu_HudSpeedset,0,1596170053.2846036
CF_Clu_HudSpeedset,0,1596170053.485009
CF_Clu_HudSpeedset,0,1596170053.9849892
CF_Clu_HudSpeedset,0,1596170054.185475
CF_Clu_HudSpeedset,0,1596170054.984457
CF_Clu_HudSpeedset,0,1596170055.4837132
CF_Clu_HudSpeedset,0,1596170056.082082
CF_Clu_HudSpeedset,0,1596170056.381187
CF_Clu_HudSpeedset,0,1596170056.680156
CF_Clu_HudSpeedset,0,1596170056.982702
CF_Clu_HudSpeedset,0,1596170057.281984
CF_Clu_HudSpeedset,0,1596170057.380159
CF_Clu_HudSpeedset,0,1596170057.580987
CF_Clu_HudSpeedset,0,1596170057.8797538
CF_Clu_HudSpeedset,0,1596170058.182863
CF_Clu_HudSpeedset,0,1596170058.478055
CF_Clu_HudSpeedset,0,1596170059.780277
CF_Clu_HudSpeedset,0,1596170060.476455
CF_Clu_HudSpeedset,0,1596170060.5752056
CF_Clu_HudSpeedset,0,1596170061.2754679
CF_Clu_HudSpeedset,0,1596170061.574219
CF_Clu_HudSpeedset,0,1596170062.5739288
CF_Clu_HudSpeedset,0,1596170062.8765054
CF_Clu_HudSpeedset,0,1596170062.974957
CF_Clu_HudSpeedset,0,1596170063.376239
CF_Clu_HudSpeedset,0,1596170063.474518
CF_Clu_HudSpeedset,0,1596170063.9704962
CF_Clu_HudSpeedset,0,1596170064.27323
CF_Clu_HudSpeedset,0,1596170064.473946
CF_Clu_HudSpeedset,0,1596170064.7691631
CF_Clu_HudSpeedset,0,1596170065.0719402
CF_Clu_HudSpeedset,0,1596170065.170617
CF_Clu_HudSpeedset,0,1596170065.9729528
CF_Clu_HudSpeedset,0,1596170066.268349
CF_Clu_HudSpeedset,0,1596170066.469255
CF_Clu_HudSpeedset,0,1596170067.6694431
CF_Clu_HudSpeedset,0,1596170067.869502
CF_Clu_HudSpeedset,0,1596170069.0656052
CF_Clu_HudSpeedset,0,1596170070.965908
CF_Clu_HudSpeedset,0,1596170071.1665711
CF_Clu_HudSpeedset,0,1596170071.8637009
CF_Clu_HudSpeedset,0,1596170072.063477
CF_Clu_HudSpeedset,0,1596170072.260499
CF_Clu_HudSpeedset,0,1596170072.362376
CF_Clu_HudSpeedset,0,1596170072.862161
CF_Clu_HudSpeedset,0,1596170073.0594552
CF_Clu_HudSpeedset,0,1596170073.460207
CF_Clu_HudSpeedset,0,1596170073.660806
CF_Clu_HudSpeedset,0,1596170073.861508
CF_Clu_HudSpeedset,0,1596170073.959917
CF_Clu_HudSpeedset,0,1596170074.259376
CF_Clu_HudSpeedset,0,1596170074.361152
CF_Clu_HudSpeedset,0,1596170074.459624
CF_Clu_HudSpeedset,0,1596170074.5583599
CF_Clu_HudSpeedset,0,1596170076.257567
CF_Clu_HudSpeedset,0,1596170076.556568
CF_Clu_HudSpeedset,0,1596170076.655149
CF_Clu_HudSpeedset,0,1596170077.256848
CF_Clu_HudSpeedset,0,1596170077.453556
CF_Clu_HudSpeedset,0,1596170077.552568
CF_Clu_HudSpeedset,0,1596170079.15372
CF_Clu_HudSpeedset,0,1596170079.2557206
CF_Clu_HudSpeedset,0,1596170079.6534278
CF_Clu_HudSpeedset,0,1596170080.349727
CF_Clu_HudSpeedset,0,1596170081.250484
CF_Clu_HudSpeedset,0,1596170081.4511528
CF_Clu_HudSpeedset,0,1596170081.7500658
CF_Clu_HudSpeedset,0,1596170082.148674
CF_Clu_HudSpeedset,0,1596170083.5484958
CF_Clu_HudSpeedset,0,1596170083.851259
CF_Clu_HudSpeedset,0,1596170083.9494698
CF_Clu_HudSpeedset,0,1596170084.346932
CF_Clu_HudSpeedset,0,1596170084.4455118
CF_Clu_HudSpeedset,0,1596170084.6458602
CF_Clu_HudSpeedset,0,1596170085.944524
CF_Clu_HudSpeedset,0,1596170087.242618
CF_Clu_HudSpeedset,0,1596170088.0413241
CF_Clu_HudSpeedset,0,1596170088.4426868
CF_Clu_HudSpeedset,0,1596170088.7417061
CF_Clu_HudSpeedset,0,1596170088.839864
CF_Clu_HudSpeedset,0,1596170088.942338
CF_Clu_HudSpeedset,0,1596170089.1393712
CF_Clu_HudSpeedset,0,1596170089.241416
CF_Clu_HudSpeedset,0,1596170089.339917
CF_Clu_HudSpeedset,0,1596170089.5403476
CF_Clu_HudSpeedset,0,1596170090.1386929
CF_Clu_HudSpeedset,0,1596170090.240584
CF_Clu_HudSpeedset,0,1596170090.937334
CF_Clu_HudSpeedset,0,1596170092.1370962
CF_Clu_HudSpeedset,0,1596170092.338305
CF_Clu_HudSpeedset,0,1596170092.735251
CF_Clu_HudSpeedset,0,1596170093.0344179
CF_Clu_HudSpeedset,0,1596170093.234709
CF_Clu_HudSpeedset,0,1596170094.135792
CF_Clu_HudSpeedset,0,1596170094.7338269
CF_Clu_HudSpeedset,0,1596170094.8330848
CF_Clu_HudSpeedset,0,1596170096.732511
CF_Clu_HudSpeedset,0,1596170097.130474
CF_Clu_HudSpeedset,0,1596170097.3305314
CF_Clu_HudSpeedset,0,1596170097.429394
CF_Clu_HudSpeedset,0,1596170097.531528
CF_Clu_HudSpeedset,0,1596170097.728321
CF_Clu_HudSpeedset,0,1596170097.928802
CF_Clu_HudSpeedset,0,1596170098.0311038
CF_Clu_HudSpeedset,0,1596170098.1293306
CF_Clu_HudSpeedset,0,1596170098.2318466
CF_Clu_HudSpeedset,0,1596170098.428582
CF_Clu_HudSpeedset,0,1596170098.7276194
CF_Clu_HudSpeedset,0,1596170098.829767
CF_Clu_HudSpeedset,0,1596170099.628286
CF_Clu_HudSpeedset,0,1596170099.730918
CF_Clu_HudSpeedset,0,1596170099.9273381
CF_Clu_HudSpeedset,0,1596170100.431187
CF_Clu_HudSpeedset,0,1596170102.2249892
CF_Clu_HudSpeedset,0,1596170102.5242188
CF_Clu_HudSpeedset,0,1596170103.4251132
CF_Clu_HudSpeedset,0,1596170103.6258292
CF_Clu_HudSpeedset,0,1596170104.8217118
CF_Clu_HudSpeedset,0,1596170105.121011
CF_Clu_HudSpeedset,0,1596170105.518438
CF_Clu_HudSpeedset,0,1596170105.8212118
CF_Clu_HudSpeedset,0,1596170106.1199622
CF_Clu_HudSpeedset,0,1596170106.8204632
CF_Clu_HudSpeedset,0,1596170107.017477
CF_Clu_HudSpeedset,0,1596170107.51683
CF_Clu_HudSpeedset,0,1596170107.816288
CF_Clu_HudSpeedset,0,1596170108.11883
CF_Clu_HudSpeedset,0,1596170108.2211974
CF_Clu_HudSpeedset,0,1596170108.516115
CF_Clu_HudSpeedset,0,1596170109.1152802
CF_Clu_HudSpeedset,0,1596170109.8147721
CF_Clu_HudSpeedset,0,1596170111.3138812
CF_Clu_HudSpeedset,0,1596170112.010244
CF_Clu_HudSpeedset,0,1596170112.210886
CF_Clu_HudSpeedset,0,1596170112.313007
CF_Clu_HudSpeedset,0,1596170112.611948
CF_Clu_HudSpeedset,0,1596170112.7103212
CF_Clu_HudSpeedset,0,1596170112.9108944
CF_Clu_HudSpeedset,0,1596170113.00973
CF_Clu_HudSpeedset,0,1596170113.111512
CF_Clu_HudSpeedset,0,1596170113.210232
CF_Clu_HudSpeedset,0,1596170113.308757
CF_Clu_HudSpeedset,0,1596170114.2092512
CF_Clu_HudSpeedset,0,1596170115.0080929
CF_Clu_HudSpeedset,0,1596170115.909111
CF_Clu_HudSpeedset,0,1596170116.408731
CF_Clu_HudSpeedset,0,1596170116.6054158
CF_Clu_HudSpeedset,0,1596170116.707795
CF_Clu_HudSpeedset,0,1596170116.904792
CF_Clu_HudSpeedset,0,1596170117.203722
CF_Clu_HudSpeedset,0,1596170117.5027812
CF_Clu_HudSpeedset,0,1596170118.006081
