CF_Clu_DrivinglampStat,0,1596002991.863219
CF_Clu_DrivinglampStat,0,1596002991.9611678
CF_Clu_DrivinglampStat,0,1596002992.0636618
CF_Clu_DrivinglampStat,0,1596002992.2605028
CF_Clu_DrivinglampStat,0,1596002992.3625882
CF_Clu_DrivinglampStat,0,1596002992.760401
CF_Clu_DrivinglampStat,0,1596002993.059284
CF_Clu_DrivinglampStat,0,1596002993.857913
CF_Clu_DrivinglampStat,0,1596002995.459092
CF_Clu_DrivinglampStat,0,1596002995.5614002
CF_Clu_DrivinglampStat,0,1596002996.360036
CF_Clu_DrivinglampStat,0,1596002997.3597991
CF_Clu_DrivinglampStat,0,1596002997.953776
CF_Clu_DrivinglampStat,0,1596002998.3546991
CF_Clu_DrivinglampStat,0,1596002998.4535382
CF_Clu_DrivinglampStat,0,1596002998.653785
CF_Clu_DrivinglampStat,0,1596002998.752558
CF_Clu_DrivinglampStat,0,1596002998.8545132
CF_Clu_DrivinglampStat,0,1596002999.2518232
CF_Clu_DrivinglampStat,0,1596002999.4525492
CF_Clu_DrivinglampStat,0,1596002999.5512726
CF_Clu_DrivinglampStat,0,1596002999.751616
CF_Clu_DrivinglampStat,0,1596002999.9522722
CF_Clu_DrivinglampStat,0,1596003000.0509608
CF_Clu_DrivinglampStat,0,1596003000.550518
CF_Clu_DrivinglampStat,0,1596003000.8533401
CF_Clu_DrivinglampStat,0,1596003001.0498538
CF_Clu_DrivinglampStat,0,1596003001.2506251
CF_Clu_DrivinglampStat,0,1596003001.7506
CF_Clu_DrivinglampStat,0,1596003002.651345
CF_Clu_DrivinglampStat,0,1596003002.848031
CF_Clu_DrivinglampStat,0,1596003003.650827
CF_Clu_DrivinglampStat,0,1596003004.5481114
CF_Clu_DrivinglampStat,0,1596003004.646497
CF_Clu_DrivinglampStat,0,1596003005.3463528
CF_Clu_DrivinglampStat,0,1596003005.645459
CF_Clu_DrivinglampStat,0,1596003005.7437706
CF_Clu_DrivinglampStat,0,1596003006.3458402
CF_Clu_DrivinglampStat,0,1596003006.444609
CF_Clu_DrivinglampStat,0,1596003006.743674
CF_Clu_DrivinglampStat,0,1596003007.242881
CF_Clu_DrivinglampStat,0,1596003007.34153
CF_Clu_DrivinglampStat,0,1596003007.54218
CF_Clu_DrivinglampStat,0,1596003007.8416939
CF_Clu_DrivinglampStat,0,1596003008.140836
CF_Clu_DrivinglampStat,0,1596003008.4429598
CF_Clu_DrivinglampStat,0,1596003008.841089
CF_Clu_DrivinglampStat,0,1596003009.041101
CF_Clu_DrivinglampStat,0,1596003009.241735
CF_Clu_DrivinglampStat,0,1596003009.340925
CF_Clu_DrivinglampStat,0,1596003009.442317
CF_Clu_DrivinglampStat,0,1596003009.639673
CF_Clu_DrivinglampStat,0,1596003009.938408
CF_Clu_DrivinglampStat,0,1596003010.7408464
CF_Clu_DrivinglampStat,0,1596003011.838489
CF_Clu_DrivinglampStat,0,1596003012.5428839
CF_Clu_DrivinglampStat,0,1596003013.4359274
CF_Clu_DrivinglampStat,0,1596003014.435266
CF_Clu_DrivinglampStat,0,1596003014.63584
CF_Clu_DrivinglampStat,0,1596003014.7343009
CF_Clu_DrivinglampStat,0,1596003014.93497
CF_Clu_DrivinglampStat,0,1596003015.1315851
CF_Clu_DrivinglampStat,0,1596003015.332525
CF_Clu_DrivinglampStat,0,1596003016.0327306
CF_Clu_DrivinglampStat,0,1596003016.134915
CF_Clu_DrivinglampStat,0,1596003016.631117
CF_Clu_DrivinglampStat,0,1596003016.7292318
CF_Clu_DrivinglampStat,0,1596003016.930201
CF_Clu_DrivinglampStat,0,1596003017.130949
CF_Clu_DrivinglampStat,0,1596003017.228961
CF_Clu_DrivinglampStat,0,1596003017.53194
CF_Clu_DrivinglampStat,0,1596003017.8307009
CF_Clu_DrivinglampStat,0,1596003018.129749
CF_Clu_DrivinglampStat,0,1596003020.529817
CF_Clu_DrivinglampStat,0,1596003020.730421
CF_Clu_DrivinglampStat,0,1596003022.0251806
CF_Clu_DrivinglampStat,0,1596003022.42626
CF_Clu_DrivinglampStat,0,1596003022.626965
CF_Clu_DrivinglampStat,0,1596003022.72528
CF_Clu_DrivinglampStat,0,1596003023.024392
CF_Clu_DrivinglampStat,0,1596003023.122915
CF_Clu_DrivinglampStat,0,1596003023.42242
CF_Clu_DrivinglampStat,0,1596003023.5243368
CF_Clu_DrivinglampStat,0,1596003023.6225061
CF_Clu_DrivinglampStat,0,1596003023.720929
CF_Clu_DrivinglampStat,0,1596003023.921727
CF_Clu_DrivinglampStat,0,1596003024.023824
CF_Clu_DrivinglampStat,0,1596003024.323544
CF_Clu_DrivinglampStat,0,1596003024.5235386
CF_Clu_DrivinglampStat,0,1596003024.724202
CF_Clu_DrivinglampStat,0,1596003024.9246342
CF_Clu_DrivinglampStat,0,1596003025.0229726
CF_Clu_DrivinglampStat,0,1596003025.220014
CF_Clu_DrivinglampStat,0,1596003025.920201
CF_Clu_DrivinglampStat,0,1596003027.820446
CF_Clu_DrivinglampStat,0,1596003028.32017
CF_Clu_DrivinglampStat,0,1596003028.918585
CF_Clu_DrivinglampStat,0,1596003030.515551
CF_Clu_DrivinglampStat,0,1596003031.113585
CF_Clu_DrivinglampStat,0,1596003031.412817
CF_Clu_DrivinglampStat,0,1596003031.711582
CF_Clu_DrivinglampStat,0,1596003031.813987
CF_Clu_DrivinglampStat,0,1596003032.0147
CF_Clu_DrivinglampStat,0,1596003032.510391
CF_Clu_DrivinglampStat,0,1596003033.0140226
CF_Clu_DrivinglampStat,0,1596003033.1123252
CF_Clu_DrivinglampStat,0,1596003033.2107024
CF_Clu_DrivinglampStat,0,1596003033.411883
CF_Clu_DrivinglampStat,0,1596003033.710651
CF_Clu_DrivinglampStat,0,1596003034.312483
CF_Clu_DrivinglampStat,0,1596003034.910422
CF_Clu_DrivinglampStat,0,1596003035.709169
CF_Clu_DrivinglampStat,0,1596003036.5083349
CF_Clu_DrivinglampStat,0,1596003037.208427
CF_Clu_DrivinglampStat,0,1596003037.704195
CF_Clu_DrivinglampStat,0,1596003038.003186
CF_Clu_DrivinglampStat,0,1596003038.404536
CF_Clu_DrivinglampStat,0,1596003038.9040818
CF_Clu_DrivinglampStat,0,1596003039.305284
CF_Clu_DrivinglampStat,0,1596003039.403639
CF_Clu_DrivinglampStat,0,1596003039.702862
CF_Clu_DrivinglampStat,0,1596003040.001956
CF_Clu_DrivinglampStat,0,1596003040.304739
CF_Clu_DrivinglampStat,0,1596003040.402914
CF_Clu_DrivinglampStat,0,1596003040.603704
CF_Clu_DrivinglampStat,0,1596003040.7019782
CF_Clu_DrivinglampStat,0,1596003040.804436
CF_Clu_DrivinglampStat,0,1596003041.001204
CF_Clu_DrivinglampStat,0,1596003041.304103
CF_Clu_DrivinglampStat,0,1596003041.701401
CF_Clu_DrivinglampStat,0,1596003042.1027489
CF_Clu_DrivinglampStat,0,1596003042.201544
CF_Clu_DrivinglampStat,0,1596003042.500381
CF_Clu_DrivinglampStat,0,1596003042.700763
CF_Clu_DrivinglampStat,0,1596003042.8979099
CF_Clu_DrivinglampStat,0,1596003043.999135
CF_Clu_DrivinglampStat,0,1596003044.5977752
CF_Clu_DrivinglampStat,0,1596003044.9988842
CF_Clu_DrivinglampStat,0,1596003045.2032368
CF_Clu_DrivinglampStat,0,1596003046.194463
CF_Clu_DrivinglampStat,0,1596003046.39518
CF_Clu_DrivinglampStat,0,1596003046.696026
CF_Clu_DrivinglampStat,0,1596003047.0956204
CF_Clu_DrivinglampStat,0,1596003047.1939142
CF_Clu_DrivinglampStat,0,1596003047.2962232
CF_Clu_DrivinglampStat,0,1596003047.493118
CF_Clu_DrivinglampStat,0,1596003047.7922828
CF_Clu_DrivinglampStat,0,1596003048.091361
CF_Clu_DrivinglampStat,0,1596003048.3939052
CF_Clu_DrivinglampStat,0,1596003048.492332
CF_Clu_DrivinglampStat,0,1596003048.693164
CF_Clu_DrivinglampStat,0,1596003048.7917671
CF_Clu_DrivinglampStat,0,1596003048.9920352
CF_Clu_DrivinglampStat,0,1596003049.091574
CF_Clu_DrivinglampStat,0,1596003049.393503
CF_Clu_DrivinglampStat,0,1596003049.99186
CF_Clu_DrivinglampStat,0,1596003050.192262
CF_Clu_DrivinglampStat,0,1596003050.688359
CF_Clu_DrivinglampStat,0,1596003050.98709
CF_Clu_DrivinglampStat,0,1596003053.088442
CF_Clu_DrivinglampStat,0,1596003053.685878
CF_Clu_DrivinglampStat,0,1596003054.2844331
CF_Clu_DrivinglampStat,0,1596003054.4846454
CF_Clu_DrivinglampStat,0,1596003054.885851
CF_Clu_DrivinglampStat,0,1596003055.1851454
CF_Clu_DrivinglampStat,0,1596003055.283242
CF_Clu_DrivinglampStat,0,1596003055.684748
CF_Clu_DrivinglampStat,0,1596003055.881597
CF_Clu_DrivinglampStat,0,1596003056.1844008
CF_Clu_DrivinglampStat,0,1596003056.282728
CF_Clu_DrivinglampStat,0,1596003056.3850381
CF_Clu_DrivinglampStat,0,1596003056.4833179
CF_Clu_DrivinglampStat,0,1596003056.5816689
CF_Clu_DrivinglampStat,0,1596003056.8810759
CF_Clu_DrivinglampStat,0,1596003057.081811
CF_Clu_DrivinglampStat,0,1596003057.183698
CF_Clu_DrivinglampStat,0,1596003057.482697
CF_Clu_DrivinglampStat,0,1596003057.581084
CF_Clu_DrivinglampStat,0,1596003057.683406
CF_Clu_DrivinglampStat,0,1596003058.4784539
CF_Clu_DrivinglampStat,0,1596003059.28074
CF_Clu_DrivinglampStat,0,1596003061.975816
CF_Clu_DrivinglampStat,0,1596003062.774611
CF_Clu_DrivinglampStat,0,1596003062.975258
CF_Clu_DrivinglampStat,0,1596003063.0738811
CF_Clu_DrivinglampStat,0,1596003063.373697
CF_Clu_DrivinglampStat,0,1596003063.7741768
CF_Clu_DrivinglampStat,0,1596003063.9747386
CF_Clu_DrivinglampStat,0,1596003064.2740052
CF_Clu_DrivinglampStat,0,1596003064.974116
CF_Clu_DrivinglampStat,0,1596003065.0725172
CF_Clu_DrivinglampStat,0,1596003065.171221
CF_Clu_DrivinglampStat,0,1596003065.37177
CF_Clu_DrivinglampStat,0,1596003065.670763
CF_Clu_DrivinglampStat,0,1596003066.272566
CF_Clu_DrivinglampStat,0,1596003066.5714571
CF_Clu_DrivinglampStat,0,1596003067.771564
CF_Clu_DrivinglampStat,0,1596003069.373309
CF_Clu_DrivinglampStat,0,1596003070.26578
CF_Clu_DrivinglampStat,0,1596003070.364244
CF_Clu_DrivinglampStat,0,1596003070.76555
CF_Clu_DrivinglampStat,0,1596003071.4659672
CF_Clu_DrivinglampStat,0,1596003071.564341
CF_Clu_DrivinglampStat,0,1596003072.060402
CF_Clu_DrivinglampStat,0,1596003072.162283
CF_Clu_DrivinglampStat,0,1596003072.363303
CF_Clu_DrivinglampStat,0,1596003072.5635998
CF_Clu_DrivinglampStat,0,1596003072.66593
CF_Clu_DrivinglampStat,0,1596003072.7648606
CF_Clu_DrivinglampStat,0,1596003072.9609964
CF_Clu_DrivinglampStat,0,1596003073.161556
CF_Clu_DrivinglampStat,0,1596003073.46109
CF_Clu_DrivinglampStat,0,1596003073.562976
CF_Clu_DrivinglampStat,0,1596003074.06266
CF_Clu_DrivinglampStat,0,1596003074.1610339
CF_Clu_DrivinglampStat,0,1596003074.660988
CF_Clu_DrivinglampStat,0,1596003077.458648
CF_Clu_DrivinglampStat,0,1596003078.154602
CF_Clu_DrivinglampStat,0,1596003078.7531269
CF_Clu_DrivinglampStat,0,1596003079.0557618
CF_Clu_DrivinglampStat,0,1596003079.153874
CF_Clu_DrivinglampStat,0,1596003079.252675
CF_Clu_DrivinglampStat,0,1596003079.4530358
CF_Clu_DrivinglampStat,0,1596003079.555295
CF_Clu_DrivinglampStat,0,1596003079.653939
CF_Clu_DrivinglampStat,0,1596003079.7522502
CF_Clu_DrivinglampStat,0,1596003079.956783
CF_Clu_DrivinglampStat,0,1596003080.353952
CF_Clu_DrivinglampStat,0,1596003080.554781
CF_Clu_DrivinglampStat,0,1596003080.6530302
CF_Clu_DrivinglampStat,0,1596003080.7517312
CF_Clu_DrivinglampStat,0,1596003081.251091
CF_Clu_DrivinglampStat,0,1596003081.45166
CF_Clu_DrivinglampStat,0,1596003081.550292
CF_Clu_DrivinglampStat,0,1596003081.7515152
CF_Clu_DrivinglampStat,0,1596003081.852978
CF_Clu_DrivinglampStat,0,1596003082.451061
CF_Clu_DrivinglampStat,0,1596003082.651802
CF_Clu_DrivinglampStat,0,1596003083.049071
CF_Clu_DrivinglampStat,0,1596003083.147666
CF_Clu_DrivinglampStat,0,1596003085.6459858
CF_Clu_DrivinglampStat,0,1596003086.645231
CF_Clu_DrivinglampStat,0,1596003087.845244
CF_Clu_DrivinglampStat,0,1596003087.943709
CF_Clu_DrivinglampStat,0,1596003088.2427251
CF_Clu_DrivinglampStat,0,1596003088.542034
CF_Clu_DrivinglampStat,0,1596003088.742786
CF_Clu_DrivinglampStat,0,1596003089.242026
CF_Clu_DrivinglampStat,0,1596003089.541074
CF_Clu_DrivinglampStat,0,1596003090.143042
CF_Clu_DrivinglampStat,0,1596003090.241476
CF_Clu_DrivinglampStat,0,1596003090.44216
CF_Clu_DrivinglampStat,0,1596003091.1390061
CF_Clu_DrivinglampStat,0,1596003091.240727
CF_Clu_DrivinglampStat,0,1596003091.740561
CF_Clu_DrivinglampStat,0,1596003092.539457
CF_Clu_DrivinglampStat,0,1596003092.637496
CF_Clu_DrivinglampStat,0,1596003093.841696
CF_Clu_DrivinglampStat,0,1596003094.7345731
CF_Clu_DrivinglampStat,0,1596003094.833459
CF_Clu_DrivinglampStat,0,1596003095.1358821
CF_Clu_DrivinglampStat,0,1596003095.533221
CF_Clu_DrivinglampStat,0,1596003095.934651
CF_Clu_DrivinglampStat,0,1596003096.0329359
CF_Clu_DrivinglampStat,0,1596003096.4343991
CF_Clu_DrivinglampStat,0,1596003096.9340842
CF_Clu_DrivinglampStat,0,1596003097.032361
CF_Clu_DrivinglampStat,0,1596003097.331371
CF_Clu_DrivinglampStat,0,1596003097.732801
CF_Clu_DrivinglampStat,0,1596003097.8310454
CF_Clu_DrivinglampStat,0,1596003098.2325099
CF_Clu_DrivinglampStat,0,1596003098.630133
CF_Clu_DrivinglampStat,0,1596003098.728478
CF_Clu_DrivinglampStat,0,1596003099.031063
CF_Clu_DrivinglampStat,0,1596003100.132847
CF_Clu_DrivinglampStat,0,1596003101.829095
CF_Clu_DrivinglampStat,0,1596003102.9262578
CF_Clu_DrivinglampStat,0,1596003103.12395
CF_Clu_DrivinglampStat,0,1596003103.323883
CF_Clu_DrivinglampStat,0,1596003103.9221408
CF_Clu_DrivinglampStat,0,1596003104.02424
CF_Clu_DrivinglampStat,0,1596003104.3232212
CF_Clu_DrivinglampStat,0,1596003104.523684
CF_Clu_DrivinglampStat,0,1596003104.6222024
CF_Clu_DrivinglampStat,0,1596003104.7206314
CF_Clu_DrivinglampStat,0,1596003104.921695
CF_Clu_DrivinglampStat,0,1596003105.02353
CF_Clu_DrivinglampStat,0,1596003105.122495
CF_Clu_DrivinglampStat,0,1596003105.322569
CF_Clu_DrivinglampStat,0,1596003105.523298
CF_Clu_DrivinglampStat,0,1596003105.6213498
CF_Clu_DrivinglampStat,0,1596003106.2197044
CF_Clu_DrivinglampStat,0,1596003106.52256
CF_Clu_DrivinglampStat,0,1596003106.8214538
CF_Clu_DrivinglampStat,0,1596003107.120343
CF_Clu_DrivinglampStat,0,1596003108.0214775
CF_Clu_DrivinglampStat,0,1596003108.119819
CF_Clu_DrivinglampStat,0,1596003109.9222069
CF_Clu_DrivinglampStat,0,1596003110.020308
CF_Clu_DrivinglampStat,0,1596003110.814788
CF_Clu_DrivinglampStat,0,1596003111.216171
CF_Clu_DrivinglampStat,0,1596003111.912894
CF_Clu_DrivinglampStat,0,1596003112.014837
CF_Clu_DrivinglampStat,0,1596003113.1125894
CF_Clu_DrivinglampStat,0,1596003113.411618
CF_Clu_DrivinglampStat,0,1596003113.510349
CF_Clu_DrivinglampStat,0,1596003113.809355
CF_Clu_DrivinglampStat,0,1596003113.9113028
CF_Clu_DrivinglampStat,0,1596003114.312748
CF_Clu_DrivinglampStat,0,1596003114.509883
CF_Clu_DrivinglampStat,0,1596003114.71045
CF_Clu_DrivinglampStat,0,1596003114.8123796
CF_Clu_DrivinglampStat,0,1596003116.0123706
CF_Clu_DrivinglampStat,0,1596003117.9091892
CF_Clu_DrivinglampStat,0,1596003118.7039769
CF_Clu_DrivinglampStat,0,1596003118.806087
CF_Clu_DrivinglampStat,0,1596003119.404314
CF_Clu_DrivinglampStat,0,1596003119.604581
CF_Clu_DrivinglampStat,0,1596003119.7035544
CF_Clu_DrivinglampStat,0,1596003120.10418
CF_Clu_DrivinglampStat,0,1596003120.305054
CF_Clu_DrivinglampStat,0,1596003120.4033556
CF_Clu_DrivinglampStat,0,1596003120.6039732
CF_Clu_DrivinglampStat,0,1596003120.7023518
CF_Clu_DrivinglampStat,0,1596003121.1035476
CF_Clu_DrivinglampStat,0,1596003121.202328
CF_Clu_DrivinglampStat,0,1596003121.402584
CF_Clu_DrivinglampStat,0,1596003121.603379
CF_Clu_DrivinglampStat,0,1596003121.7017422
CF_Clu_DrivinglampStat,0,1596003122.001542
CF_Clu_DrivinglampStat,0,1596003122.299594
CF_Clu_DrivinglampStat,0,1596003122.60262
CF_Clu_DrivinglampStat,0,1596003122.700972
CF_Clu_DrivinglampStat,0,1596003122.9017432
CF_Clu_DrivinglampStat,0,1596003123.0000708
CF_Clu_DrivinglampStat,0,1596003123.098808
CF_Clu_DrivinglampStat,0,1596003124.097981
CF_Clu_DrivinglampStat,0,1596003124.5978398
CF_Clu_DrivinglampStat,0,1596003125.396409
CF_Clu_DrivinglampStat,0,1596003126.100759
CF_Clu_DrivinglampStat,0,1596003126.895147
CF_Clu_DrivinglampStat,0,1596003127.4936311
CF_Clu_DrivinglampStat,0,1596003127.694145
CF_Clu_DrivinglampStat,0,1596003127.8946118
CF_Clu_DrivinglampStat,0,1596003128.0952141
CF_Clu_DrivinglampStat,0,1596003128.2922392
CF_Clu_DrivinglampStat,0,1596003128.5950036
CF_Clu_DrivinglampStat,0,1596003129.1929786
CF_Clu_DrivinglampStat,0,1596003129.291748
CF_Clu_DrivinglampStat,0,1596003129.393748
CF_Clu_DrivinglampStat,0,1596003129.491918
CF_Clu_DrivinglampStat,0,1596003129.5907774
CF_Clu_DrivinglampStat,0,1596003129.791051
CF_Clu_DrivinglampStat,0,1596003129.893277
CF_Clu_DrivinglampStat,0,1596003130.6923869
CF_Clu_DrivinglampStat,0,1596003132.7896109
CF_Clu_DrivinglampStat,0,1596003132.8876214
CF_Clu_DrivinglampStat,0,1596003133.9894989
CF_Clu_DrivinglampStat,0,1596003134.0840251
CF_Clu_DrivinglampStat,0,1596003134.29234
CF_Clu_DrivinglampStat,0,1596003134.386518
CF_Clu_DrivinglampStat,0,1596003135.087003
CF_Clu_DrivinglampStat,0,1596003135.385876
CF_Clu_DrivinglampStat,0,1596003135.4846349
CF_Clu_DrivinglampStat,0,1596003136.184511
CF_Clu_DrivinglampStat,0,1596003136.2832482
CF_Clu_DrivinglampStat,0,1596003136.3818822
CF_Clu_DrivinglampStat,0,1596003136.581908
CF_Clu_DrivinglampStat,0,1596003136.684361
CF_Clu_DrivinglampStat,0,1596003137.085633
CF_Clu_DrivinglampStat,0,1596003137.4830134
CF_Clu_DrivinglampStat,0,1596003138.080971
CF_Clu_DrivinglampStat,0,1596003138.584718
CF_Clu_DrivinglampStat,0,1596003138.679334
CF_Clu_DrivinglampStat,0,1596003140.0797539
CF_Clu_DrivinglampStat,0,1596003140.178342
CF_Clu_DrivinglampStat,0,1596003140.276833
CF_Clu_DrivinglampStat,0,1596003142.283445
CF_Clu_DrivinglampStat,0,1596003143.3738182
CF_Clu_DrivinglampStat,0,1596003143.975007
CF_Clu_DrivinglampStat,0,1596003144.0734954
CF_Clu_DrivinglampStat,0,1596003144.2740948
CF_Clu_DrivinglampStat,0,1596003144.474702
CF_Clu_DrivinglampStat,0,1596003145.274122
CF_Clu_DrivinglampStat,0,1596003145.572543
CF_Clu_DrivinglampStat,0,1596003145.7732852
CF_Clu_DrivinglampStat,0,1596003145.973998
CF_Clu_DrivinglampStat,0,1596003146.1706612
CF_Clu_DrivinglampStat,0,1596003146.273039
CF_Clu_DrivinglampStat,0,1596003146.772675
CF_Clu_DrivinglampStat,0,1596003146.870774
CF_Clu_DrivinglampStat,0,1596003147.272176
CF_Clu_DrivinglampStat,0,1596003148.169128
CF_Clu_DrivinglampStat,0,1596003148.370207
CF_Clu_DrivinglampStat,0,1596003148.468075
CF_Clu_DrivinglampStat,0,1596003150.266651
CF_Clu_DrivinglampStat,0,1596003151.163583
CF_Clu_DrivinglampStat,0,1596003151.36433
CF_Clu_DrivinglampStat,0,1596003152.162873
CF_Clu_DrivinglampStat,0,1596003152.465632
CF_Clu_DrivinglampStat,0,1596003152.764587
CF_Clu_DrivinglampStat,0,1596003152.8628929
CF_Clu_DrivinglampStat,0,1596003153.1619444
CF_Clu_DrivinglampStat,0,1596003153.3626251
CF_Clu_DrivinglampStat,0,1596003153.960958
CF_Clu_DrivinglampStat,0,1596003154.460624
CF_Clu_DrivinglampStat,0,1596003154.661
CF_Clu_DrivinglampStat,0,1596003155.160738
CF_Clu_DrivinglampStat,0,1596003155.2631009
CF_Clu_DrivinglampStat,0,1596003156.45912
CF_Clu_DrivinglampStat,0,1596003157.0575511
CF_Clu_DrivinglampStat,0,1596003157.159471
CF_Clu_DrivinglampStat,0,1596003158.462003
CF_Clu_DrivinglampStat,0,1596003159.3551626
CF_Clu_DrivinglampStat,0,1596003159.453664
CF_Clu_DrivinglampStat,0,1596003159.953299
CF_Clu_DrivinglampStat,0,1596003160.055394
CF_Clu_DrivinglampStat,0,1596003160.1535714
CF_Clu_DrivinglampStat,0,1596003160.251945
CF_Clu_DrivinglampStat,0,1596003160.354254
CF_Clu_DrivinglampStat,0,1596003160.755826
CF_Clu_DrivinglampStat,0,1596003161.051126
CF_Clu_DrivinglampStat,0,1596003161.353607
CF_Clu_DrivinglampStat,0,1596003161.554283
CF_Clu_DrivinglampStat,0,1596003161.653085
CF_Clu_DrivinglampStat,0,1596003162.251107
CF_Clu_DrivinglampStat,0,1596003162.3530636
CF_Clu_DrivinglampStat,0,1596003162.549977
CF_Clu_DrivinglampStat,0,1596003163.151737
CF_Clu_DrivinglampStat,0,1596003163.3486688
CF_Clu_DrivinglampStat,0,1596003163.749846
CF_Clu_DrivinglampStat,0,1596003164.3481688
CF_Clu_DrivinglampStat,0,1596003165.8471632
CF_Clu_DrivinglampStat,0,1596003165.945525
CF_Clu_DrivinglampStat,0,1596003166.4489338
CF_Clu_DrivinglampStat,0,1596003167.345778
CF_Clu_DrivinglampStat,0,1596003167.5465758
CF_Clu_DrivinglampStat,0,1596003167.943902
CF_Clu_DrivinglampStat,0,1596003168.144544
CF_Clu_DrivinglampStat,0,1596003168.2433634
CF_Clu_DrivinglampStat,0,1596003168.5459151
CF_Clu_DrivinglampStat,0,1596003169.1439528
CF_Clu_DrivinglampStat,0,1596003169.242701
CF_Clu_DrivinglampStat,0,1596003169.4434402
CF_Clu_DrivinglampStat,0,1596003169.942679
CF_Clu_DrivinglampStat,0,1596003170.044986
CF_Clu_DrivinglampStat,0,1596003170.140239
CF_Clu_DrivinglampStat,0,1596003170.241651
CF_Clu_DrivinglampStat,0,1596003170.541147
CF_Clu_DrivinglampStat,0,1596003170.640141
CF_Clu_DrivinglampStat,0,1596003171.3434274
CF_Clu_DrivinglampStat,0,1596003172.33978
CF_Clu_DrivinglampStat,0,1596003172.6378279
CF_Clu_DrivinglampStat,0,1596003173.3422852
CF_Clu_DrivinglampStat,0,1596003174.239609
CF_Clu_DrivinglampStat,0,1596003175.336983
CF_Clu_DrivinglampStat,0,1596003175.734316
CF_Clu_DrivinglampStat,0,1596003176.135701
CF_Clu_DrivinglampStat,0,1596003176.336185
CF_Clu_DrivinglampStat,0,1596003176.934303
CF_Clu_DrivinglampStat,0,1596003177.0326118
CF_Clu_DrivinglampStat,0,1596003177.1313279
CF_Clu_DrivinglampStat,0,1596003177.4339662
CF_Clu_DrivinglampStat,0,1596003177.7334108
CF_Clu_DrivinglampStat,0,1596003178.032182
CF_Clu_DrivinglampStat,0,1596003178.130828
CF_Clu_DrivinglampStat,0,1596003178.232951
CF_Clu_DrivinglampStat,0,1596003178.331303
CF_Clu_DrivinglampStat,0,1596003178.433415
CF_Clu_DrivinglampStat,0,1596003178.630388
CF_Clu_DrivinglampStat,0,1596003179.232028
CF_Clu_DrivinglampStat,0,1596003179.429291
CF_Clu_DrivinglampStat,0,1596003180.530498
CF_Clu_DrivinglampStat,0,1596003180.931867
CF_Clu_DrivinglampStat,0,1596003182.23023
CF_Clu_DrivinglampStat,0,1596003182.5293288
CF_Clu_DrivinglampStat,0,1596003183.324226
CF_Clu_DrivinglampStat,0,1596003184.22514
CF_Clu_DrivinglampStat,0,1596003184.323518
CF_Clu_DrivinglampStat,0,1596003184.7246199
CF_Clu_DrivinglampStat,0,1596003184.8232794
CF_Clu_DrivinglampStat,0,1596003185.224323
CF_Clu_DrivinglampStat,0,1596003185.322923
CF_Clu_DrivinglampStat,0,1596003185.523695
CF_Clu_DrivinglampStat,0,1596003185.9212108
CF_Clu_DrivinglampStat,0,1596003186.122006
CF_Clu_DrivinglampStat,0,1596003186.5229251
CF_Clu_DrivinglampStat,0,1596003186.821856
CF_Clu_DrivinglampStat,0,1596003186.920388
CF_Clu_DrivinglampStat,0,1596003187.219476
CF_Clu_DrivinglampStat,0,1596003187.522184
CF_Clu_DrivinglampStat,0,1596003187.920028
CF_Clu_DrivinglampStat,0,1596003188.2226222
CF_Clu_DrivinglampStat,0,1596003188.722411
CF_Clu_DrivinglampStat,0,1596003189.017589
CF_Clu_DrivinglampStat,0,1596003189.418859
CF_Clu_DrivinglampStat,0,1596003190.622911
CF_Clu_DrivinglampStat,0,1596003190.7209089
CF_Clu_DrivinglampStat,0,1596003190.921796
CF_Clu_DrivinglampStat,0,1596003191.515478
CF_Clu_DrivinglampStat,0,1596003191.814635
CF_Clu_DrivinglampStat,0,1596003192.114064
CF_Clu_DrivinglampStat,0,1596003192.4129288
CF_Clu_DrivinglampStat,0,1596003193.014624
CF_Clu_DrivinglampStat,0,1596003193.3136694
CF_Clu_DrivinglampStat,0,1596003193.6126132
CF_Clu_DrivinglampStat,0,1596003193.715013
CF_Clu_DrivinglampStat,0,1596003193.915603
CF_Clu_DrivinglampStat,0,1596003194.3135512
CF_Clu_DrivinglampStat,0,1596003194.6084046
CF_Clu_DrivinglampStat,0,1596003195.111669
CF_Clu_DrivinglampStat,0,1596003195.2140038
CF_Clu_DrivinglampStat,0,1596003196.008769
CF_Clu_DrivinglampStat,0,1596003196.709496
CF_Clu_DrivinglampStat,0,1596003197.0085702
CF_Clu_DrivinglampStat,0,1596003197.1075962
CF_Clu_DrivinglampStat,0,1596003198.0075119
CF_Clu_DrivinglampStat,0,1596003199.105428
CF_Clu_DrivinglampStat,0,1596003199.9042704
CF_Clu_DrivinglampStat,0,1596003200.006459
CF_Clu_DrivinglampStat,0,1596003200.2029078
CF_Clu_DrivinglampStat,0,1596003200.305423
CF_Clu_DrivinglampStat,0,1596003201.002041
CF_Clu_DrivinglampStat,0,1596003201.304692
CF_Clu_DrivinglampStat,0,1596003201.60373
CF_Clu_DrivinglampStat,0,1596003201.8043149
CF_Clu_DrivinglampStat,0,1596003202.001353
CF_Clu_DrivinglampStat,0,1596003202.202036
CF_Clu_DrivinglampStat,0,1596003202.3039849
CF_Clu_DrivinglampStat,0,1596003202.701366
CF_Clu_DrivinglampStat,0,1596003203.1027029
CF_Clu_DrivinglampStat,0,1596003203.6023538
CF_Clu_DrivinglampStat,0,1596003203.7993548
CF_Clu_DrivinglampStat,0,1596003204.200487
CF_Clu_DrivinglampStat,0,1596003204.499441
CF_Clu_DrivinglampStat,0,1596003207.096234
CF_Clu_DrivinglampStat,0,1596003209.094929
CF_Clu_DrivinglampStat,0,1596003209.193562
CF_Clu_DrivinglampStat,0,1596003209.3940082
CF_Clu_DrivinglampStat,0,1596003209.9924102
CF_Clu_DrivinglampStat,0,1596003210.0907269
CF_Clu_DrivinglampStat,0,1596003210.1927192
CF_Clu_DrivinglampStat,0,1596003210.4919524
CF_Clu_DrivinglampStat,0,1596003211.1920722
CF_Clu_DrivinglampStat,0,1596003212.4903738
CF_Clu_DrivinglampStat,0,1596003212.8879411
CF_Clu_DrivinglampStat,0,1596003213.1870391
CF_Clu_DrivinglampStat,0,1596003214.8865108
CF_Clu_DrivinglampStat,0,1596003215.6851342
CF_Clu_DrivinglampStat,0,1596003216.3854878
CF_Clu_DrivinglampStat,0,1596003216.483937
CF_Clu_DrivinglampStat,0,1596003216.885282
CF_Clu_DrivinglampStat,0,1596003217.38496
CF_Clu_DrivinglampStat,0,1596003217.684096
CF_Clu_DrivinglampStat,0,1596003217.983074
CF_Clu_DrivinglampStat,0,1596003218.281999
CF_Clu_DrivinglampStat,0,1596003218.384365
CF_Clu_DrivinglampStat,0,1596003218.5813694
CF_Clu_DrivinglampStat,0,1596003219.179373
CF_Clu_DrivinglampStat,0,1596003219.37999
CF_Clu_DrivinglampStat,0,1596003219.682683
CF_Clu_DrivinglampStat,0,1596003220.5801768
CF_Clu_DrivinglampStat,0,1596003220.8790138
CF_Clu_DrivinglampStat,0,1596003220.981078
CF_Clu_DrivinglampStat,0,1596003221.2801511
CF_Clu_DrivinglampStat,0,1596003221.579125
CF_Clu_DrivinglampStat,0,1596003223.9752588
CF_Clu_DrivinglampStat,0,1596003224.274281
CF_Clu_DrivinglampStat,0,1596003224.97457
CF_Clu_DrivinglampStat,0,1596003225.175467
CF_Clu_DrivinglampStat,0,1596003225.273613
CF_Clu_DrivinglampStat,0,1596003225.474336
CF_Clu_DrivinglampStat,0,1596003225.572937
CF_Clu_DrivinglampStat,0,1596003225.8725069
CF_Clu_DrivinglampStat,0,1596003226.174865
CF_Clu_DrivinglampStat,0,1596003226.273201
CF_Clu_DrivinglampStat,0,1596003226.4736311
CF_Clu_DrivinglampStat,0,1596003226.5725162
CF_Clu_DrivinglampStat,0,1596003226.670382
CF_Clu_DrivinglampStat,0,1596003226.7730222
CF_Clu_DrivinglampStat,0,1596003226.871273
CF_Clu_DrivinglampStat,0,1596003226.969646
CF_Clu_DrivinglampStat,0,1596003228.3705091
CF_Clu_DrivinglampStat,0,1596003228.570799
CF_Clu_DrivinglampStat,0,1596003228.6733296
CF_Clu_DrivinglampStat,0,1596003228.869901
CF_Clu_DrivinglampStat,0,1596003230.966953
CF_Clu_DrivinglampStat,0,1596003231.26623
CF_Clu_DrivinglampStat,0,1596003232.5641758
CF_Clu_DrivinglampStat,0,1596003232.96551
CF_Clu_DrivinglampStat,0,1596003233.1626492
CF_Clu_DrivinglampStat,0,1596003233.465287
CF_Clu_DrivinglampStat,0,1596003233.764287
CF_Clu_DrivinglampStat,0,1596003234.1616411
CF_Clu_DrivinglampStat,0,1596003234.264023
CF_Clu_DrivinglampStat,0,1596003234.362727
CF_Clu_DrivinglampStat,0,1596003234.4608572
CF_Clu_DrivinglampStat,0,1596003234.6613882
CF_Clu_DrivinglampStat,0,1596003234.862033
CF_Clu_DrivinglampStat,0,1596003235.263357
CF_Clu_DrivinglampStat,0,1596003235.460148
CF_Clu_DrivinglampStat,0,1596003236.058413
CF_Clu_DrivinglampStat,0,1596003236.1604269
CF_Clu_DrivinglampStat,0,1596003236.2627401
CF_Clu_DrivinglampStat,0,1596003236.561745
CF_Clu_DrivinglampStat,0,1596003236.660196
CF_Clu_DrivinglampStat,0,1596003237.0575259
CF_Clu_DrivinglampStat,0,1596003237.4588108
CF_Clu_DrivinglampStat,0,1596003239.257004
CF_Clu_DrivinglampStat,0,1596003239.7566571
CF_Clu_DrivinglampStat,0,1596003240.1545112
CF_Clu_DrivinglampStat,0,1596003240.654036
CF_Clu_DrivinglampStat,0,1596003241.0551698
CF_Clu_DrivinglampStat,0,1596003241.255832
CF_Clu_DrivinglampStat,0,1596003241.353981
CF_Clu_DrivinglampStat,0,1596003241.55474
CF_Clu_DrivinglampStat,0,1596003241.9523132
CF_Clu_DrivinglampStat,0,1596003242.4521961
CF_Clu_DrivinglampStat,0,1596003242.652329
CF_Clu_DrivinglampStat,0,1596003242.7510872
CF_Clu_DrivinglampStat,0,1596003242.853056
CF_Clu_DrivinglampStat,0,1596003243.2503989
CF_Clu_DrivinglampStat,0,1596003243.549813
CF_Clu_DrivinglampStat,0,1596003244.1476529
CF_Clu_DrivinglampStat,0,1596003245.048794
CF_Clu_DrivinglampStat,0,1596003245.5482972
CF_Clu_DrivinglampStat,0,1596003245.8471339
CF_Clu_DrivinglampStat,0,1596003247.145899
CF_Clu_DrivinglampStat,0,1596003248.444015
CF_Clu_DrivinglampStat,0,1596003248.845249
CF_Clu_DrivinglampStat,0,1596003249.045933
CF_Clu_DrivinglampStat,0,1596003249.1443071
CF_Clu_DrivinglampStat,0,1596003249.4433188
CF_Clu_DrivinglampStat,0,1596003249.5422652
CF_Clu_DrivinglampStat,0,1596003249.9429839
CF_Clu_DrivinglampStat,0,1596003250.3443859
CF_Clu_DrivinglampStat,0,1596003250.442647
CF_Clu_DrivinglampStat,0,1596003250.741866
CF_Clu_DrivinglampStat,0,1596003250.942577
CF_Clu_DrivinglampStat,0,1596003251.0407698
CF_Clu_DrivinglampStat,0,1596003252.241125
CF_Clu_DrivinglampStat,0,1596003252.543723
CF_Clu_DrivinglampStat,0,1596003252.639013
CF_Clu_DrivinglampStat,0,1596003252.740499
CF_Clu_DrivinglampStat,0,1596003253.137878
CF_Clu_DrivinglampStat,0,1596003253.543201
CF_Clu_DrivinglampStat,0,1596003254.436182
CF_Clu_DrivinglampStat,0,1596003255.93522
CF_Clu_DrivinglampStat,0,1596003256.034156
CF_Clu_DrivinglampStat,0,1596003256.135901
CF_Clu_DrivinglampStat,0,1596003256.332951
CF_Clu_DrivinglampStat,0,1596003256.635607
CF_Clu_DrivinglampStat,0,1596003256.9346626
CF_Clu_DrivinglampStat,0,1596003257.033452
CF_Clu_DrivinglampStat,0,1596003257.1352694
CF_Clu_DrivinglampStat,0,1596003257.233681
CF_Clu_DrivinglampStat,0,1596003257.33225
CF_Clu_DrivinglampStat,0,1596003257.934025
CF_Clu_DrivinglampStat,0,1596003258.233073
CF_Clu_DrivinglampStat,0,1596003258.532002
CF_Clu_DrivinglampStat,0,1596003258.9295962
CF_Clu_DrivinglampStat,0,1596003259.1302998
CF_Clu_DrivinglampStat,0,1596003259.4294288
CF_Clu_DrivinglampStat,0,1596003259.7320044
CF_Clu_DrivinglampStat,0,1596003260.3300688
CF_Clu_DrivinglampStat,0,1596003260.5308151
CF_Clu_DrivinglampStat,0,1596003261.030774
CF_Clu_DrivinglampStat,0,1596003261.5301044
CF_Clu_DrivinglampStat,0,1596003261.829116
CF_Clu_DrivinglampStat,0,1596003263.127556
CF_Clu_DrivinglampStat,0,1596003263.426613
CF_Clu_DrivinglampStat,0,1596003264.225298
CF_Clu_DrivinglampStat,0,1596003264.4258618
CF_Clu_DrivinglampStat,0,1596003265.123177
CF_Clu_DrivinglampStat,0,1596003265.323235
CF_Clu_DrivinglampStat,0,1596003265.4253259
CF_Clu_DrivinglampStat,0,1596003266.023579
CF_Clu_DrivinglampStat,0,1596003266.1226408
CF_Clu_DrivinglampStat,0,1596003266.622682
CF_Clu_DrivinglampStat,0,1596003266.8223119
CF_Clu_DrivinglampStat,0,1596003266.924433
CF_Clu_DrivinglampStat,0,1596003267.022893
CF_Clu_DrivinglampStat,0,1596003267.12206
CF_Clu_DrivinglampStat,0,1596003267.42045
CF_Clu_DrivinglampStat,0,1596003268.2190886
CF_Clu_DrivinglampStat,0,1596003268.321289
CF_Clu_DrivinglampStat,0,1596003268.5229702
CF_Clu_DrivinglampStat,0,1596003269.222442
CF_Clu_DrivinglampStat,0,1596003269.418839
CF_Clu_DrivinglampStat,0,1596003271.917254
CF_Clu_DrivinglampStat,0,1596003272.5152528
CF_Clu_DrivinglampStat,0,1596003272.614005
CF_Clu_DrivinglampStat,0,1596003272.916615
CF_Clu_DrivinglampStat,0,1596003273.211931
CF_Clu_DrivinglampStat,0,1596003273.412726
CF_Clu_DrivinglampStat,0,1596003273.613517
CF_Clu_DrivinglampStat,0,1596003274.0108619
CF_Clu_DrivinglampStat,0,1596003274.113127
CF_Clu_DrivinglampStat,0,1596003274.313364
CF_Clu_DrivinglampStat,0,1596003274.514057
CF_Clu_DrivinglampStat,0,1596003274.911469
CF_Clu_DrivinglampStat,0,1596003275.112451
CF_Clu_DrivinglampStat,0,1596003275.210718
CF_Clu_DrivinglampStat,0,1596003275.3126118
CF_Clu_DrivinglampStat,0,1596003275.611799
CF_Clu_DrivinglampStat,0,1596003276.713469
CF_Clu_DrivinglampStat,0,1596003277.508118
CF_Clu_DrivinglampStat,0,1596003277.606831
CF_Clu_DrivinglampStat,0,1596003279.2079098
CF_Clu_DrivinglampStat,0,1596003279.306758
CF_Clu_DrivinglampStat,0,1596003279.707576
CF_Clu_DrivinglampStat,0,1596003280.404581
CF_Clu_DrivinglampStat,0,1596003281.2028742
CF_Clu_DrivinglampStat,0,1596003281.8047152
CF_Clu_DrivinglampStat,0,1596003282.103683
CF_Clu_DrivinglampStat,0,1596003282.2020216
CF_Clu_DrivinglampStat,0,1596003282.4031649
CF_Clu_DrivinglampStat,0,1596003282.603383
CF_Clu_DrivinglampStat,0,1596003282.70198
CF_Clu_DrivinglampStat,0,1596003282.8002892
CF_Clu_DrivinglampStat,0,1596003283.001175
CF_Clu_DrivinglampStat,0,1596003283.1029642
CF_Clu_DrivinglampStat,0,1596003283.3004632
CF_Clu_DrivinglampStat,0,1596003284.299536
CF_Clu_DrivinglampStat,0,1596003284.500234
CF_Clu_DrivinglampStat,0,1596003284.799031
CF_Clu_DrivinglampStat,0,1596003284.901175
CF_Clu_DrivinglampStat,0,1596003285.2042868
CF_Clu_DrivinglampStat,0,1596003285.7981062
CF_Clu_DrivinglampStat,0,1596003286.994428
CF_Clu_DrivinglampStat,0,1596003287.399694
CF_Clu_DrivinglampStat,0,1596003288.497269
CF_Clu_DrivinglampStat,0,1596003288.591861
CF_Clu_DrivinglampStat,0,1596003288.693931
CF_Clu_DrivinglampStat,0,1596003288.993453
CF_Clu_DrivinglampStat,0,1596003289.894457
CF_Clu_DrivinglampStat,0,1596003289.9926438
CF_Clu_DrivinglampStat,0,1596003290.193461
CF_Clu_DrivinglampStat,0,1596003290.4921114
CF_Clu_DrivinglampStat,0,1596003290.6926124
CF_Clu_DrivinglampStat,0,1596003291.090427
CF_Clu_DrivinglampStat,0,1596003291.2908
CF_Clu_DrivinglampStat,0,1596003291.6919832
CF_Clu_DrivinglampStat,0,1596003292.589911
CF_Clu_DrivinglampStat,0,1596003292.6921618
CF_Clu_DrivinglampStat,0,1596003292.7904088
CF_Clu_DrivinglampStat,0,1596003293.588833
CF_Clu_DrivinglampStat,0,1596003294.186965
CF_Clu_DrivinglampStat,0,1596003295.489286
CF_Clu_DrivinglampStat,0,1596003295.6896582
CF_Clu_DrivinglampStat,0,1596003297.082618
CF_Clu_DrivinglampStat,0,1596003297.38523
CF_Clu_DrivinglampStat,0,1596003297.483691
CF_Clu_DrivinglampStat,0,1596003297.7826462
CF_Clu_DrivinglampStat,0,1596003298.4831018
CF_Clu_DrivinglampStat,0,1596003298.683704
CF_Clu_DrivinglampStat,0,1596003298.781997
CF_Clu_DrivinglampStat,0,1596003299.081459
CF_Clu_DrivinglampStat,0,1596003299.8797278
CF_Clu_DrivinglampStat,0,1596003299.9820108
CF_Clu_DrivinglampStat,0,1596003300.481678
CF_Clu_DrivinglampStat,0,1596003300.5840409
CF_Clu_DrivinglampStat,0,1596003301.280446
CF_Clu_DrivinglampStat,0,1596003301.77649
CF_Clu_DrivinglampStat,0,1596003304.872807
CF_Clu_DrivinglampStat,0,1596003304.974899
CF_Clu_DrivinglampStat,0,1596003305.073219
CF_Clu_DrivinglampStat,0,1596003305.9743009
CF_Clu_DrivinglampStat,0,1596003306.5727072
CF_Clu_DrivinglampStat,0,1596003306.671714
CF_Clu_DrivinglampStat,0,1596003306.8722749
CF_Clu_DrivinglampStat,0,1596003306.970148
CF_Clu_DrivinglampStat,0,1596003307.17438
CF_Clu_DrivinglampStat,0,1596003307.3712132
CF_Clu_DrivinglampStat,0,1596003307.772614
CF_Clu_DrivinglampStat,0,1596003307.871022
CF_Clu_DrivinglampStat,0,1596003308.071595
CF_Clu_DrivinglampStat,0,1596003308.472844
CF_Clu_DrivinglampStat,0,1596003308.6734734
CF_Clu_DrivinglampStat,0,1596003309.07169
CF_Clu_DrivinglampStat,0,1596003309.370367
CF_Clu_DrivinglampStat,0,1596003310.066625
CF_Clu_DrivinglampStat,0,1596003310.266918
CF_Clu_DrivinglampStat,0,1596003310.5662868
CF_Clu_DrivinglampStat,0,1596003310.664577
CF_Clu_DrivinglampStat,0,1596003311.069495
CF_Clu_DrivinglampStat,0,1596003312.064884
CF_Clu_DrivinglampStat,0,1596003312.163553
CF_Clu_DrivinglampStat,0,1596003312.863837
CF_Clu_DrivinglampStat,0,1596003313.7647412
CF_Clu_DrivinglampStat,0,1596003313.8629398
CF_Clu_DrivinglampStat,0,1596003313.9616618
CF_Clu_DrivinglampStat,0,1596003314.064039
CF_Clu_DrivinglampStat,0,1596003314.162341
CF_Clu_DrivinglampStat,0,1596003314.661663
CF_Clu_DrivinglampStat,0,1596003314.760426
CF_Clu_DrivinglampStat,0,1596003314.9646802
CF_Clu_DrivinglampStat,0,1596003315.161386
CF_Clu_DrivinglampStat,0,1596003315.263715
CF_Clu_DrivinglampStat,0,1596003315.763356
CF_Clu_DrivinglampStat,0,1596003316.660379
CF_Clu_DrivinglampStat,0,1596003317.0617752
CF_Clu_DrivinglampStat,0,1596003318.0575216
CF_Clu_DrivinglampStat,0,1596003318.458411
CF_Clu_DrivinglampStat,0,1596003319.859306
CF_Clu_DrivinglampStat,0,1596003320.6540651
CF_Clu_DrivinglampStat,0,1596003320.7565608
CF_Clu_DrivinglampStat,0,1596003321.0555382
CF_Clu_DrivinglampStat,0,1596003321.354512
CF_Clu_DrivinglampStat,0,1596003321.751968
CF_Clu_DrivinglampStat,0,1596003321.8539732
CF_Clu_DrivinglampStat,0,1596003321.9523242
CF_Clu_DrivinglampStat,0,1596003322.4520268
CF_Clu_DrivinglampStat,0,1596003322.853406
CF_Clu_DrivinglampStat,0,1596003322.951757
CF_Clu_DrivinglampStat,0,1596003323.050325
CF_Clu_DrivinglampStat,0,1596003323.1523032
CF_Clu_DrivinglampStat,0,1596003323.250702
CF_Clu_DrivinglampStat,0,1596003323.7506971
CF_Clu_DrivinglampStat,0,1596003324.651422
CF_Clu_DrivinglampStat,0,1596003324.753881
CF_Clu_DrivinglampStat,0,1596003325.15116
CF_Clu_DrivinglampStat,0,1596003325.2495284
CF_Clu_DrivinglampStat,0,1596003325.647164
CF_Clu_DrivinglampStat,0,1596003325.847575
CF_Clu_DrivinglampStat,0,1596003326.248762
CF_Clu_DrivinglampStat,0,1596003326.547811
CF_Clu_DrivinglampStat,0,1596003326.846868
CF_Clu_DrivinglampStat,0,1596003328.243851
CF_Clu_DrivinglampStat,0,1596003329.046224
CF_Clu_DrivinglampStat,0,1596003329.542306
CF_Clu_DrivinglampStat,0,1596003329.6442714
CF_Clu_DrivinglampStat,0,1596003329.74295
CF_Clu_DrivinglampStat,0,1596003329.943274
CF_Clu_DrivinglampStat,0,1596003330.143996
CF_Clu_DrivinglampStat,0,1596003330.242729
CF_Clu_DrivinglampStat,0,1596003330.344578
CF_Clu_DrivinglampStat,0,1596003330.541483
CF_Clu_DrivinglampStat,0,1596003330.742198
CF_Clu_DrivinglampStat,0,1596003330.840732
CF_Clu_DrivinglampStat,0,1596003331.041353
CF_Clu_DrivinglampStat,0,1596003332.544058
CF_Clu_DrivinglampStat,0,1596003332.7408571
CF_Clu_DrivinglampStat,0,1596003333.437789
CF_Clu_DrivinglampStat,0,1596003334.1384351
CF_Clu_DrivinglampStat,0,1596003334.3384476
CF_Clu_DrivinglampStat,0,1596003334.7358909
CF_Clu_DrivinglampStat,0,1596003335.436218
CF_Clu_DrivinglampStat,0,1596003335.636589
CF_Clu_DrivinglampStat,0,1596003336.038195
CF_Clu_DrivinglampStat,0,1596003337.233958
CF_Clu_DrivinglampStat,0,1596003337.533118
CF_Clu_DrivinglampStat,0,1596003337.6352491
CF_Clu_DrivinglampStat,0,1596003337.9343061
CF_Clu_DrivinglampStat,0,1596003338.532705
CF_Clu_DrivinglampStat,0,1596003338.8317351
CF_Clu_DrivinglampStat,0,1596003339.130676
CF_Clu_DrivinglampStat,0,1596003339.232705
CF_Clu_DrivinglampStat,0,1596003339.330967
CF_Clu_DrivinglampStat,0,1596003340.531122
CF_Clu_DrivinglampStat,0,1596003340.9325712
CF_Clu_DrivinglampStat,0,1596003341.6292222
CF_Clu_DrivinglampStat,0,1596003341.9281712
CF_Clu_DrivinglampStat,0,1596003342.0264778
CF_Clu_DrivinglampStat,0,1596003342.526144
CF_Clu_DrivinglampStat,0,1596003342.727017
CF_Clu_DrivinglampStat,0,1596003343.2262099
CF_Clu_DrivinglampStat,0,1596003343.52915
CF_Clu_DrivinglampStat,0,1596003344.9230561
CF_Clu_DrivinglampStat,0,1596003345.3233778
CF_Clu_DrivinglampStat,0,1596003345.6229222
CF_Clu_DrivinglampStat,0,1596003346.023864
CF_Clu_DrivinglampStat,0,1596003346.224329
CF_Clu_DrivinglampStat,0,1596003346.622916
CF_Clu_DrivinglampStat,0,1596003346.822742
CF_Clu_DrivinglampStat,0,1596003347.0193279
CF_Clu_DrivinglampStat,0,1596003347.2237284
CF_Clu_DrivinglampStat,0,1596003348.022547
CF_Clu_DrivinglampStat,0,1596003348.7232482
CF_Clu_DrivinglampStat,0,1596003348.822079
CF_Clu_DrivinglampStat,0,1596003348.919827
CF_Clu_DrivinglampStat,0,1596003349.423281
CF_Clu_DrivinglampStat,0,1596003349.9188712
CF_Clu_DrivinglampStat,0,1596003351.118849
CF_Clu_DrivinglampStat,0,1596003352.020355
CF_Clu_DrivinglampStat,0,1596003352.118266
CF_Clu_DrivinglampStat,0,1596003353.216068
CF_Clu_DrivinglampStat,0,1596003353.3142774
CF_Clu_DrivinglampStat,0,1596003353.412974
CF_Clu_DrivinglampStat,0,1596003353.514904
CF_Clu_DrivinglampStat,0,1596003353.711988
CF_Clu_DrivinglampStat,0,1596003353.8140466
CF_Clu_DrivinglampStat,0,1596003354.211565
CF_Clu_DrivinglampStat,0,1596003354.41245
CF_Clu_DrivinglampStat,0,1596003354.514307
CF_Clu_DrivinglampStat,0,1596003354.711207
CF_Clu_DrivinglampStat,0,1596003354.8133528
CF_Clu_DrivinglampStat,0,1596003355.1123881
CF_Clu_DrivinglampStat,0,1596003355.3130062
CF_Clu_DrivinglampStat,0,1596003355.509921
CF_Clu_DrivinglampStat,0,1596003355.809143
CF_Clu_DrivinglampStat,0,1596003356.611377
CF_Clu_DrivinglampStat,0,1596003356.710006
CF_Clu_DrivinglampStat,0,1596003357.01279
CF_Clu_DrivinglampStat,0,1596003357.20976
CF_Clu_DrivinglampStat,0,1596003358.208884
CF_Clu_DrivinglampStat,0,1596003358.409405
CF_Clu_DrivinglampStat,0,1596003358.507925
CF_Clu_DrivinglampStat,0,1596003358.708532
CF_Clu_DrivinglampStat,0,1596003359.2083688
CF_Clu_DrivinglampStat,0,1596003359.908618
CF_Clu_DrivinglampStat,0,1596003360.1093788
CF_Clu_DrivinglampStat,0,1596003360.207785
CF_Clu_DrivinglampStat,0,1596003361.5061948
CF_Clu_DrivinglampStat,0,1596003361.604482
CF_Clu_DrivinglampStat,0,1596003362.304956
CF_Clu_DrivinglampStat,0,1596003362.505599
CF_Clu_DrivinglampStat,0,1596003362.603797
CF_Clu_DrivinglampStat,0,1596003362.804554
CF_Clu_DrivinglampStat,0,1596003363.103372
CF_Clu_DrivinglampStat,0,1596003363.2016408
CF_Clu_DrivinglampStat,0,1596003363.402459
CF_Clu_DrivinglampStat,0,1596003364.799558
CF_Clu_DrivinglampStat,0,1596003366.1962118
CF_Clu_DrivinglampStat,0,1596003366.6996179
CF_Clu_DrivinglampStat,0,1596003368.300979
CF_Clu_DrivinglampStat,0,1596003368.9972858
CF_Clu_DrivinglampStat,0,1596003369.5952706
CF_Clu_DrivinglampStat,0,1596003370.693063
CF_Clu_DrivinglampStat,0,1596003371.692339
CF_Clu_DrivinglampStat,0,1596003371.790823
CF_Clu_DrivinglampStat,0,1596003371.8930109
CF_Clu_DrivinglampStat,0,1596003374.686599
CF_Clu_DrivinglampStat,0,1596003376.189655
CF_Clu_DrivinglampStat,0,1596003376.783898
CF_Clu_DrivinglampStat,0,1596003377.0831082
CF_Clu_DrivinglampStat,0,1596003377.184937
CF_Clu_DrivinglampStat,0,1596003377.7832801
CF_Clu_DrivinglampStat,0,1596003378.082377
CF_Clu_DrivinglampStat,0,1596003378.38499
CF_Clu_DrivinglampStat,0,1596003378.7823439
CF_Clu_DrivinglampStat,0,1596003379.384299
CF_Clu_DrivinglampStat,0,1596003379.68341
CF_Clu_DrivinglampStat,0,1596003379.880501
CF_Clu_DrivinglampStat,0,1596003380.478472
CF_Clu_DrivinglampStat,0,1596003380.68277
CF_Clu_DrivinglampStat,0,1596003380.7811806
CF_Clu_DrivinglampStat,0,1596003380.981823
CF_Clu_DrivinglampStat,0,1596003382.079374
CF_Clu_DrivinglampStat,0,1596003382.2764108
CF_Clu_DrivinglampStat,0,1596003385.474994
CF_Clu_DrivinglampStat,0,1596003385.872697
CF_Clu_DrivinglampStat,0,1596003386.0729961
CF_Clu_DrivinglampStat,0,1596003386.1725252
CF_Clu_DrivinglampStat,0,1596003386.37606
CF_Clu_DrivinglampStat,0,1596003387.273028
CF_Clu_DrivinglampStat,0,1596003387.470078
CF_Clu_DrivinglampStat,0,1596003387.572256
CF_Clu_DrivinglampStat,0,1596003387.67101
CF_Clu_DrivinglampStat,0,1596003389.0713289
CF_Clu_DrivinglampStat,0,1596003390.3695529
CF_Clu_DrivinglampStat,0,1596003390.6685472
CF_Clu_DrivinglampStat,0,1596003392.167594
CF_Clu_DrivinglampStat,0,1596003393.265336
CF_Clu_DrivinglampStat,0,1596003393.5643
CF_Clu_DrivinglampStat,0,1596003393.6626241
CF_Clu_DrivinglampStat,0,1596003393.8632882
CF_Clu_DrivinglampStat,0,1596003394.162797
CF_Clu_DrivinglampStat,0,1596003394.2646391
CF_Clu_DrivinglampStat,0,1596003394.461735
CF_Clu_DrivinglampStat,0,1596003394.76436
CF_Clu_DrivinglampStat,0,1596003394.862725
CF_Clu_DrivinglampStat,0,1596003395.06335
CF_Clu_DrivinglampStat,0,1596003395.563061
CF_Clu_DrivinglampStat,0,1596003395.665462
CF_Clu_DrivinglampStat,0,1596003395.8620944
CF_Clu_DrivinglampStat,0,1596003396.759442
CF_Clu_DrivinglampStat,0,1596003397.2628038
CF_Clu_DrivinglampStat,0,1596003397.6600199
CF_Clu_DrivinglampStat,0,1596003400.2575061
CF_Clu_DrivinglampStat,0,1596003400.458042
CF_Clu_DrivinglampStat,0,1596003400.9572132
CF_Clu_DrivinglampStat,0,1596003401.354761
CF_Clu_DrivinglampStat,0,1596003401.752328
CF_Clu_DrivinglampStat,0,1596003402.0553238
CF_Clu_DrivinglampStat,0,1596003402.2519429
CF_Clu_DrivinglampStat,0,1596003402.554881
CF_Clu_DrivinglampStat,0,1596003402.85391
CF_Clu_DrivinglampStat,0,1596003402.9520369
CF_Clu_DrivinglampStat,0,1596003403.755028
CF_Clu_DrivinglampStat,0,1596003404.651778
CF_Clu_DrivinglampStat,0,1596003404.852478
CF_Clu_DrivinglampStat,0,1596003405.053049
CF_Clu_DrivinglampStat,0,1596003405.147705
CF_Clu_DrivinglampStat,0,1596003405.548813
CF_Clu_DrivinglampStat,0,1596003405.651495
CF_Clu_DrivinglampStat,0,1596003405.749449
CF_Clu_DrivinglampStat,0,1596003405.848125
CF_Clu_DrivinglampStat,0,1596003406.048537
CF_Clu_DrivinglampStat,0,1596003406.1471329
CF_Clu_DrivinglampStat,0,1596003406.449792
CF_Clu_DrivinglampStat,0,1596003406.548117
CF_Clu_DrivinglampStat,0,1596003407.347174
CF_Clu_DrivinglampStat,0,1596003407.948975
CF_Clu_DrivinglampStat,0,1596003408.6451662
CF_Clu_DrivinglampStat,0,1596003409.845218
CF_Clu_DrivinglampStat,0,1596003409.943622
CF_Clu_DrivinglampStat,0,1596003410.1442614
CF_Clu_DrivinglampStat,0,1596003410.443379
CF_Clu_DrivinglampStat,0,1596003410.6440802
CF_Clu_DrivinglampStat,0,1596003410.742265
CF_Clu_DrivinglampStat,0,1596003410.9430466
CF_Clu_DrivinglampStat,0,1596003411.143632
CF_Clu_DrivinglampStat,0,1596003411.340642
CF_Clu_DrivinglampStat,0,1596003411.7416801
CF_Clu_DrivinglampStat,0,1596003411.8405619
CF_Clu_DrivinglampStat,0,1596003412.6426284
CF_Clu_DrivinglampStat,0,1596003412.7410626
CF_Clu_DrivinglampStat,0,1596003413.2409801
CF_Clu_DrivinglampStat,0,1596003413.339274
CF_Clu_DrivinglampStat,0,1596003413.539716
CF_Clu_DrivinglampStat,0,1596003414.637825
CF_Clu_DrivinglampStat,0,1596003415.138126
CF_Clu_DrivinglampStat,0,1596003416.4359171
CF_Clu_DrivinglampStat,0,1596003416.63629
CF_Clu_DrivinglampStat,0,1596003417.033758
CF_Clu_DrivinglampStat,0,1596003417.1364381
CF_Clu_DrivinglampStat,0,1596003417.635624
CF_Clu_DrivinglampStat,0,1596003417.8326874
CF_Clu_DrivinglampStat,0,1596003417.934608
CF_Clu_DrivinglampStat,0,1596003418.233554
CF_Clu_DrivinglampStat,0,1596003418.532989
CF_Clu_DrivinglampStat,0,1596003418.930547
CF_Clu_DrivinglampStat,0,1596003419.0328321
CF_Clu_DrivinglampStat,0,1596003419.1346636
CF_Clu_DrivinglampStat,0,1596003419.532056
CF_Clu_DrivinglampStat,0,1596003419.831588
CF_Clu_DrivinglampStat,0,1596003420.531412
CF_Clu_DrivinglampStat,0,1596003421.035242
CF_Clu_DrivinglampStat,0,1596003421.432514
CF_Clu_DrivinglampStat,0,1596003421.829741
CF_Clu_DrivinglampStat,0,1596003422.1287649
CF_Clu_DrivinglampStat,0,1596003422.22746
CF_Clu_DrivinglampStat,0,1596003422.730773
CF_Clu_DrivinglampStat,0,1596003422.829119
CF_Clu_DrivinglampStat,0,1596003424.426614
CF_Clu_DrivinglampStat,0,1596003424.525315
CF_Clu_DrivinglampStat,0,1596003424.9227011
CF_Clu_DrivinglampStat,0,1596003425.524508
CF_Clu_DrivinglampStat,0,1596003425.823589
CF_Clu_DrivinglampStat,0,1596003426.122708
CF_Clu_DrivinglampStat,0,1596003426.724417
CF_Clu_DrivinglampStat,0,1596003426.922057
CF_Clu_DrivinglampStat,0,1596003427.421501
CF_Clu_DrivinglampStat,0,1596003428.32184
CF_Clu_DrivinglampStat,0,1596003428.4201481
CF_Clu_DrivinglampStat,0,1596003428.522786
CF_Clu_DrivinglampStat,0,1596003428.719529
CF_Clu_DrivinglampStat,0,1596003429.018382
CF_Clu_DrivinglampStat,0,1596003429.120586
CF_Clu_DrivinglampStat,0,1596003429.5227711
CF_Clu_DrivinglampStat,0,1596003430.6194599
CF_Clu_DrivinglampStat,0,1596003430.717793
CF_Clu_DrivinglampStat,0,1596003432.818984
CF_Clu_DrivinglampStat,0,1596003434.3142278
CF_Clu_DrivinglampStat,0,1596003434.7113886
CF_Clu_DrivinglampStat,0,1596003435.211383
CF_Clu_DrivinglampStat,0,1596003435.4116368
CF_Clu_DrivinglampStat,0,1596003435.510359
CF_Clu_DrivinglampStat,0,1596003435.612839
CF_Clu_DrivinglampStat,0,1596003436.6116881
CF_Clu_DrivinglampStat,0,1596003436.71419
CF_Clu_DrivinglampStat,0,1596003437.410871
CF_Clu_DrivinglampStat,0,1596003438.008496
CF_Clu_DrivinglampStat,0,1596003438.209116
CF_Clu_DrivinglampStat,0,1596003438.3080778
CF_Clu_DrivinglampStat,0,1596003438.41019
CF_Clu_DrivinglampStat,0,1596003438.610462
CF_Clu_DrivinglampStat,0,1596003438.807264
CF_Clu_DrivinglampStat,0,1596003439.106498
CF_Clu_DrivinglampStat,0,1596003439.507575
CF_Clu_DrivinglampStat,0,1596003439.605957
CF_Clu_DrivinglampStat,0,1596003440.408545
CF_Clu_DrivinglampStat,0,1596003441.006645
CF_Clu_DrivinglampStat,0,1596003441.8052402
CF_Clu_DrivinglampStat,0,1596003441.9038339
CF_Clu_DrivinglampStat,0,1596003442.2031171
CF_Clu_DrivinglampStat,0,1596003442.502073
CF_Clu_DrivinglampStat,0,1596003442.80497
CF_Clu_DrivinglampStat,0,1596003443.2019892
CF_Clu_DrivinglampStat,0,1596003443.4026284
CF_Clu_DrivinglampStat,0,1596003443.70163
CF_Clu_DrivinglampStat,0,1596003444.2013679
CF_Clu_DrivinglampStat,0,1596003444.401995
CF_Clu_DrivinglampStat,0,1596003444.6028614
CF_Clu_DrivinglampStat,0,1596003444.701066
CF_Clu_DrivinglampStat,0,1596003444.902103
CF_Clu_DrivinglampStat,0,1596003445.999428
CF_Clu_DrivinglampStat,0,1596003446.298552
CF_Clu_DrivinglampStat,0,1596003447.7974954
CF_Clu_DrivinglampStat,0,1596003448.199021
CF_Clu_DrivinglampStat,0,1596003448.596642
CF_Clu_DrivinglampStat,0,1596003448.895736
CF_Clu_DrivinglampStat,0,1596003449.993203
CF_Clu_DrivinglampStat,0,1596003450.5948648
CF_Clu_DrivinglampStat,0,1596003450.6933172
CF_Clu_DrivinglampStat,0,1596003450.992859
CF_Clu_DrivinglampStat,0,1596003451.692658
CF_Clu_DrivinglampStat,0,1596003451.791133
CF_Clu_DrivinglampStat,0,1596003452.590076
CF_Clu_DrivinglampStat,0,1596003452.8895402
CF_Clu_DrivinglampStat,0,1596003452.995147
CF_Clu_DrivinglampStat,0,1596003453.691972
CF_Clu_DrivinglampStat,0,1596003454.388078
CF_Clu_DrivinglampStat,0,1596003454.490207
CF_Clu_DrivinglampStat,0,1596003455.2889102
CF_Clu_DrivinglampStat,0,1596003455.485763
CF_Clu_DrivinglampStat,0,1596003455.686709
CF_Clu_DrivinglampStat,0,1596003456.386698
CF_Clu_DrivinglampStat,0,1596003456.5875561
CF_Clu_DrivinglampStat,0,1596003457.083529
CF_Clu_DrivinglampStat,0,1596003458.0827572
CF_Clu_DrivinglampStat,0,1596003458.18459
CF_Clu_DrivinglampStat,0,1596003458.483642
CF_Clu_DrivinglampStat,0,1596003459.0817132
CF_Clu_DrivinglampStat,0,1596003459.183959
CF_Clu_DrivinglampStat,0,1596003459.384576
CF_Clu_DrivinglampStat,0,1596003459.680031
CF_Clu_DrivinglampStat,0,1596003459.7825975
CF_Clu_DrivinglampStat,0,1596003459.9827
CF_Clu_DrivinglampStat,0,1596003460.081383
CF_Clu_DrivinglampStat,0,1596003460.384063
CF_Clu_DrivinglampStat,0,1596003460.679404
CF_Clu_DrivinglampStat,0,1596003460.8800359
CF_Clu_DrivinglampStat,0,1596003460.9822109
CF_Clu_DrivinglampStat,0,1596003461.8791194
CF_Clu_DrivinglampStat,0,1596003462.0797448
CF_Clu_DrivinglampStat,0,1596003462.378717
CF_Clu_DrivinglampStat,0,1596003462.6777546
CF_Clu_DrivinglampStat,0,1596003463.07908
CF_Clu_DrivinglampStat,0,1596003463.1774929
CF_Clu_DrivinglampStat,0,1596003463.279792
CF_Clu_DrivinglampStat,0,1596003464.778952
CF_Clu_DrivinglampStat,0,1596003464.877752
CF_Clu_DrivinglampStat,0,1596003465.574098
CF_Clu_DrivinglampStat,0,1596003466.073539
CF_Clu_DrivinglampStat,0,1596003466.1730251
CF_Clu_DrivinglampStat,0,1596003466.27408
CF_Clu_DrivinglampStat,0,1596003466.373482
CF_Clu_DrivinglampStat,0,1596003466.572966
CF_Clu_DrivinglampStat,0,1596003466.672257
CF_Clu_DrivinglampStat,0,1596003467.07283
CF_Clu_DrivinglampStat,0,1596003467.27354
CF_Clu_DrivinglampStat,0,1596003467.474166
CF_Clu_DrivinglampStat,0,1596003467.6717794
CF_Clu_DrivinglampStat,0,1596003467.871667
CF_Clu_DrivinglampStat,0,1596003467.970412
CF_Clu_DrivinglampStat,0,1596003468.5718892
CF_Clu_DrivinglampStat,0,1596003468.77254
CF_Clu_DrivinglampStat,0,1596003468.9695294
CF_Clu_DrivinglampStat,0,1596003469.0722284
CF_Clu_DrivinglampStat,0,1596003469.870133
CF_Clu_DrivinglampStat,0,1596003470.468191
CF_Clu_DrivinglampStat,0,1596003470.967773
CF_Clu_DrivinglampStat,0,1596003471.369175
CF_Clu_DrivinglampStat,0,1596003472.4671848
CF_Clu_DrivinglampStat,0,1596003473.761469
CF_Clu_DrivinglampStat,0,1596003473.8636136
CF_Clu_DrivinglampStat,0,1596003474.1626072
CF_Clu_DrivinglampStat,0,1596003474.46559
CF_Clu_DrivinglampStat,0,1596003475.063644
CF_Clu_DrivinglampStat,0,1596003475.3630214
CF_Clu_DrivinglampStat,0,1596003475.7603476
CF_Clu_DrivinglampStat,0,1596003475.862356
CF_Clu_DrivinglampStat,0,1596003476.260291
CF_Clu_DrivinglampStat,0,1596003476.763361
CF_Clu_DrivinglampStat,0,1596003476.861692
CF_Clu_DrivinglampStat,0,1596003477.058968
CF_Clu_DrivinglampStat,0,1596003478.057708
CF_Clu_DrivinglampStat,0,1596003478.856488
CF_Clu_DrivinglampStat,0,1596003479.057287
CF_Clu_DrivinglampStat,0,1596003482.256023
CF_Clu_DrivinglampStat,0,1596003482.653552
CF_Clu_DrivinglampStat,0,1596003483.452029
CF_Clu_DrivinglampStat,0,1596003483.652808
CF_Clu_DrivinglampStat,0,1596003484.652044
CF_Clu_DrivinglampStat,0,1596003484.754742
CF_Clu_DrivinglampStat,0,1596003485.8482141
CF_Clu_DrivinglampStat,0,1596003486.548667
CF_Clu_DrivinglampStat,0,1596003487.9456134
CF_Clu_DrivinglampStat,0,1596003489.74366
CF_Clu_DrivinglampStat,0,1596003489.943882
CF_Clu_DrivinglampStat,0,1596003490.3453212
CF_Clu_DrivinglampStat,0,1596003490.7426279
CF_Clu_DrivinglampStat,0,1596003490.8413482
CF_Clu_DrivinglampStat,0,1596003490.943347
CF_Clu_DrivinglampStat,0,1596003491.541398
CF_Clu_DrivinglampStat,0,1596003491.741951
CF_Clu_DrivinglampStat,0,1596003492.3403788
CF_Clu_DrivinglampStat,0,1596003493.4389448
CF_Clu_DrivinglampStat,0,1596003494.0397651
CF_Clu_DrivinglampStat,0,1596003494.338946
CF_Clu_DrivinglampStat,0,1596003494.736732
CF_Clu_DrivinglampStat,0,1596003494.941016
CF_Clu_DrivinglampStat,0,1596003495.138266
CF_Clu_DrivinglampStat,0,1596003496.538358
CF_Clu_DrivinglampStat,0,1596003496.83745
CF_Clu_DrivinglampStat,0,1596003497.333291
CF_Clu_DrivinglampStat,0,1596003497.83293
CF_Clu_DrivinglampStat,0,1596003498.1320598
CF_Clu_DrivinglampStat,0,1596003498.9342961
CF_Clu_DrivinglampStat,0,1596003499.032671
CF_Clu_DrivinglampStat,0,1596003499.2332742
CF_Clu_DrivinglampStat,0,1596003499.532429
CF_Clu_DrivinglampStat,0,1596003499.8316648
CF_Clu_DrivinglampStat,0,1596003500.130438
CF_Clu_DrivinglampStat,0,1596003500.232642
CF_Clu_DrivinglampStat,0,1596003500.732265
CF_Clu_DrivinglampStat,0,1596003501.830052
CF_Clu_DrivinglampStat,0,1596003502.129096
CF_Clu_DrivinglampStat,0,1596003503.030189
CF_Clu_DrivinglampStat,0,1596003504.127784
CF_Clu_DrivinglampStat,0,1596003504.828238
CF_Clu_DrivinglampStat,0,1596003505.025183
CF_Clu_DrivinglampStat,0,1596003505.725267
CF_Clu_DrivinglampStat,0,1596003506.1230538
CF_Clu_DrivinglampStat,0,1596003506.6225462
CF_Clu_DrivinglampStat,0,1596003506.7247741
CF_Clu_DrivinglampStat,0,1596003507.023788
CF_Clu_DrivinglampStat,0,1596003507.422039
CF_Clu_DrivinglampStat,0,1596003507.720966
CF_Clu_DrivinglampStat,0,1596003508.2204561
CF_Clu_DrivinglampStat,0,1596003508.8219829
CF_Clu_DrivinglampStat,0,1596003508.9211476
CF_Clu_DrivinglampStat,0,1596003510.218734
CF_Clu_DrivinglampStat,0,1596003510.5177114
CF_Clu_DrivinglampStat,0,1596003510.8204901
CF_Clu_DrivinglampStat,0,1596003511.717466
CF_Clu_DrivinglampStat,0,1596003511.9180949
CF_Clu_DrivinglampStat,0,1596003513.417328
CF_Clu_DrivinglampStat,0,1596003514.212223
CF_Clu_DrivinglampStat,0,1596003514.6134114
CF_Clu_DrivinglampStat,0,1596003514.8139741
CF_Clu_DrivinglampStat,0,1596003515.1130161
CF_Clu_DrivinglampStat,0,1596003515.6126359
CF_Clu_DrivinglampStat,0,1596003515.7109401
CF_Clu_DrivinglampStat,0,1596003515.911639
CF_Clu_DrivinglampStat,0,1596003516.8126466
CF_Clu_DrivinglampStat,0,1596003517.013342
CF_Clu_DrivinglampStat,0,1596003518.308227
CF_Clu_DrivinglampStat,0,1596003518.508659
CF_Clu_DrivinglampStat,0,1596003518.6107671
CF_Clu_DrivinglampStat,0,1596003518.807491
CF_Clu_DrivinglampStat,0,1596003519.107009
CF_Clu_DrivinglampStat,0,1596003519.806883
CF_Clu_DrivinglampStat,0,1596003520.2082589
CF_Clu_DrivinglampStat,0,1596003520.5072472
CF_Clu_DrivinglampStat,0,1596003520.7078688
CF_Clu_DrivinglampStat,0,1596003521.3062391
CF_Clu_DrivinglampStat,0,1596003521.4044552
CF_Clu_DrivinglampStat,0,1596003522.0029044
CF_Clu_DrivinglampStat,0,1596003522.207117
CF_Clu_DrivinglampStat,0,1596003522.30549
CF_Clu_DrivinglampStat,0,1596003522.403906
CF_Clu_DrivinglampStat,0,1596003522.6045392
CF_Clu_DrivinglampStat,0,1596003523.005735
CF_Clu_DrivinglampStat,0,1596003523.100392
CF_Clu_DrivinglampStat,0,1596003523.4031966
CF_Clu_DrivinglampStat,0,1596003524.001284
CF_Clu_DrivinglampStat,0,1596003524.603035
CF_Clu_DrivinglampStat,0,1596003524.902569
CF_Clu_DrivinglampStat,0,1596003525.1035821
CF_Clu_DrivinglampStat,0,1596003525.999831
CF_Clu_DrivinglampStat,0,1596003526.8973296
CF_Clu_DrivinglampStat,0,1596003527.298213
CF_Clu_DrivinglampStat,0,1596003527.699527
CF_Clu_DrivinglampStat,0,1596003527.7977688
CF_Clu_DrivinglampStat,0,1596003528.597003
CF_Clu_DrivinglampStat,0,1596003528.9983194
CF_Clu_DrivinglampStat,0,1596003529.0962539
CF_Clu_DrivinglampStat,0,1596003529.3957038
CF_Clu_DrivinglampStat,0,1596003530.1937964
CF_Clu_DrivinglampStat,0,1596003530.296322
CF_Clu_DrivinglampStat,0,1596003530.394531
CF_Clu_DrivinglampStat,0,1596003530.492865
CF_Clu_DrivinglampStat,0,1596003530.6936212
CF_Clu_DrivinglampStat,0,1596003530.8941991
CF_Clu_DrivinglampStat,0,1596003531.1933172
CF_Clu_DrivinglampStat,0,1596003531.791487
CF_Clu_DrivinglampStat,0,1596003532.0942998
CF_Clu_DrivinglampStat,0,1596003532.491607
CF_Clu_DrivinglampStat,0,1596003533.089791
CF_Clu_DrivinglampStat,0,1596003533.4951231
CF_Clu_DrivinglampStat,0,1596003533.589498
CF_Clu_DrivinglampStat,0,1596003533.9876199
CF_Clu_DrivinglampStat,0,1596003534.289886
CF_Clu_DrivinglampStat,0,1596003534.6871831
CF_Clu_DrivinglampStat,0,1596003534.7896109
CF_Clu_DrivinglampStat,0,1596003534.9868119
CF_Clu_DrivinglampStat,0,1596003536.3871279
CF_Clu_DrivinglampStat,0,1596003537.288158
CF_Clu_DrivinglampStat,0,1596003538.083044
CF_Clu_DrivinglampStat,0,1596003538.283342
CF_Clu_DrivinglampStat,0,1596003538.58251
CF_Clu_DrivinglampStat,0,1596003539.3812401
CF_Clu_DrivinglampStat,0,1596003539.982896
CF_Clu_DrivinglampStat,0,1596003540.282054
CF_Clu_DrivinglampStat,0,1596003540.380329
CF_Clu_DrivinglampStat,0,1596003540.5809288
CF_Clu_DrivinglampStat,0,1596003540.978807
CF_Clu_DrivinglampStat,0,1596003541.2819278
CF_Clu_DrivinglampStat,0,1596003541.4820788
CF_Clu_DrivinglampStat,0,1596003541.679147
CF_Clu_DrivinglampStat,0,1596003541.8794398
CF_Clu_DrivinglampStat,0,1596003541.978106
CF_Clu_DrivinglampStat,0,1596003542.1787672
CF_Clu_DrivinglampStat,0,1596003542.379146
CF_Clu_DrivinglampStat,0,1596003542.579819
CF_Clu_DrivinglampStat,0,1596003542.678154
CF_Clu_DrivinglampStat,0,1596003542.7804198
CF_Clu_DrivinglampStat,0,1596003542.977473
