Engine_Speed,1029,0
Engine_Speed,1026,0.5
Engine_Speed,1022,1
Engine_Speed,1006,1.5
Engine_Speed,1006,2
Engine_Speed,1013,2.5
Engine_Speed,1004,3
Engine_Speed,1001,3.5
Engine_Speed,1007,4
Engine_Speed,1008,4.5
Engine_Speed,993,5
Engine_Speed,993,5.5
Engine_Speed,998,6
Engine_Speed,995,6.5
Engine_Speed,994,7
Engine_Speed,1000,7.5
Engine_Speed,1000,8
Engine_Speed,990,8.5
Engine_Speed,989,9
Engine_Speed,985,9.5
Engine_Speed,990,10
Engine_Speed,990,10.5
Engine_Speed,992,11
Engine_Speed,984,11.5
Engine_Speed,984,12
Engine_Speed,993,12.5
Engine_Speed,991,13
Engine_Speed,984,13.5
Engine_Speed,984,14
Engine_Speed,982,14.5
Engine_Speed,978,15
Engine_Speed,978,15.5
Engine_Speed,977,16
Engine_Speed,985,16.5
Engine_Speed,981,17
Engine_Speed,969,17.5
Engine_Speed,966,18
Engine_Speed,964,18.5
Engine_Speed,968,19
Engine_Speed,969,19.5
Engine_Speed,969,20
Engine_Speed,968,20.5
Engine_Speed,972,21
Engine_Speed,971,21.5
Engine_Speed,966,22
Engine_Speed,961,22.5
Engine_Speed,959,23
Engine_Speed,954,23.5
Engine_Speed,969,24
Engine_Speed,964,24.5
Engine_Speed,960,25
Engine_Speed,960,25.5
Engine_Speed,955,26
Engine_Speed,954,26.5
Engine_Speed,954,27
Engine_Speed,959,27.5
Engine_Speed,949,28
Engine_Speed,949,28.5
Engine_Speed,948,29
Engine_Speed,951,29.5
Engine_Speed,948,30
Engine_Speed,944,30.5
Engine_Speed,950,31
Engine_Speed,949,31.5
Engine_Speed,954,32
Engine_Speed,955,32.5
Engine_Speed,942,33
Engine_Speed,939,33.5
Engine_Speed,935,34
Engine_Speed,942,34.5
Engine_Speed,938,35
Engine_Speed,938,35.5
Engine_Speed,942,36
Engine_Speed,938,36.5
Engine_Speed,936,37
Engine_Speed,938,37.5
Engine_Speed,937,38
Engine_Speed,936,38.5
Engine_Speed,916,39
Engine_Speed,934,39.5
Engine_Speed,937,40
Engine_Speed,932,40.5
Engine_Speed,929,41
Engine_Speed,923,41.5
Engine_Speed,921,42
Engine_Speed,930,42.5
Engine_Speed,926,43
Engine_Speed,923,43.5
Engine_Speed,928,44
Engine_Speed,930,44.5
Engine_Speed,935,45
Engine_Speed,933,45.5
Engine_Speed,941,46
Engine_Speed,933,46.5
Engine_Speed,927,47
Engine_Speed,920,47.5
Engine_Speed,926,48
Engine_Speed,922,48.5
Engine_Speed,923,49
Engine_Speed,923,49.5
Engine_Speed,919,50
Engine_Speed,921,50.5
Engine_Speed,920,51
Engine_Speed,920,51.5
Engine_Speed,920,52
Engine_Speed,918,52.5
Engine_Speed,920,53
Engine_Speed,913,53.5
Engine_Speed,912,54
Engine_Speed,908,54.5
Engine_Speed,915,55
Engine_Speed,914,55.5
Engine_Speed,915,56
Engine_Speed,909,56.5
Engine_Speed,898,57
Engine_Speed,907,57.5
Engine_Speed,920,58
Engine_Speed,917,58.5
Engine_Speed,913,59
Engine_Speed,909,59.5
Engine_Speed,905,60
Engine_Speed,904,60.5
Engine_Speed,907,61
Engine_Speed,901,61.5
Engine_Speed,899,62
Engine_Speed,901,62.5
Engine_Speed,897,63
Engine_Speed,902,63.5
Engine_Speed,899,64
Engine_Speed,902,64.5
Engine_Speed,898,65
Engine_Speed,888,65.5
Engine_Speed,886,66
Engine_Speed,910,66.5
Engine_Speed,906,67
Engine_Speed,906,67.5
Engine_Speed,900,68
Engine_Speed,891,68.5
Engine_Speed,889,69
Engine_Speed,888,69.5
Engine_Speed,892,70
Engine_Speed,890,70.5
Engine_Speed,889,71
Engine_Speed,889,71.5
Engine_Speed,890,72
Engine_Speed,891,72.5
Engine_Speed,889,73
Engine_Speed,888,73.5
Engine_Speed,883,74
Engine_Speed,881,74.5
Engine_Speed,877,75
Engine_Speed,878,75.5
Engine_Speed,879,76
Engine_Speed,878,76.5
Engine_Speed,881,77
Engine_Speed,884,77.5
Engine_Speed,882,78
Engine_Speed,877,78.5
Engine_Speed,880,79
Engine_Speed,881,79.5
Engine_Speed,878,80
Engine_Speed,869,80.5
Engine_Speed,866,81
Engine_Speed,869,81.5
Engine_Speed,872,82
Engine_Speed,870,82.5
Engine_Speed,866,83
Engine_Speed,872,83.5
Engine_Speed,868,84
Engine_Speed,868,84.5
Engine_Speed,871,85
Engine_Speed,870,85.5
Engine_Speed,869,86
Engine_Speed,869,86.5
Engine_Speed,869,87
Engine_Speed,869,87.5
Engine_Speed,869,88
Engine_Speed,869,88.5
Engine_Speed,868,89
Engine_Speed,864,89.5
Engine_Speed,868,90
Engine_Speed,870,90.5
Engine_Speed,870,91
Engine_Speed,869,91.5
Engine_Speed,864,92
Engine_Speed,860,92.5
Engine_Speed,859,93
Engine_Speed,859,93.5
Engine_Speed,860,94
Engine_Speed,860,94.5
Engine_Speed,856,95
Engine_Speed,856,95.5
Engine_Speed,855,96
Engine_Speed,859,96.5
Engine_Speed,859,97
Engine_Speed,856,97.5
Engine_Speed,859,98
Engine_Speed,858,98.5
Engine_Speed,859,99
Engine_Speed,861,99.5
Engine_Speed,859,100
Engine_Speed,853,100.5
Engine_Speed,850,101
Engine_Speed,843,101.5
Engine_Speed,847,102
Engine_Speed,851,102.5
Engine_Speed,849,103
Engine_Speed,847,103.5
Engine_Speed,848,104
Engine_Speed,853,104.5
Engine_Speed,849,105
Engine_Speed,850,105.5
Engine_Speed,846,106
Engine_Speed,848,106.5
Engine_Speed,852,107
Engine_Speed,847,107.5
Engine_Speed,849,108
Engine_Speed,850,108.5
Engine_Speed,848,109
Engine_Speed,850,109.5
Engine_Speed,849,110
Engine_Speed,856,110.5
Engine_Speed,848,111
Engine_Speed,846,111.5
Engine_Speed,850,112
Engine_Speed,842,112.5
Engine_Speed,832,113
Engine_Speed,830,113.5
Engine_Speed,830,114
Engine_Speed,830,114.5
Engine_Speed,831,115
Engine_Speed,828,115.5
Engine_Speed,829,116
Engine_Speed,828,116.5
Engine_Speed,818,117
Engine_Speed,809,117.5
Engine_Speed,812,118
Engine_Speed,812,118.5
Engine_Speed,807,119
Engine_Speed,813,119.5
Engine_Speed,809,120
Engine_Speed,804,120.5
Engine_Speed,797,121
Engine_Speed,795,121.5
Engine_Speed,799,122
Engine_Speed,801,122.5
Engine_Speed,801,123
Engine_Speed,800,123.5
Engine_Speed,797,124
Engine_Speed,800,124.5
Engine_Speed,802,125
Engine_Speed,782,125.5
Engine_Speed,782,126
Engine_Speed,776,126.5
Engine_Speed,779,127
Engine_Speed,780,127.5
Engine_Speed,777,128
Engine_Speed,780,128.5
Engine_Speed,778,129
Engine_Speed,776,129.5
Engine_Speed,774,130
Engine_Speed,771,130.5
Engine_Speed,769,131
Engine_Speed,767,131.5
Engine_Speed,768,132
Engine_Speed,771,132.5
Engine_Speed,767,133
Engine_Speed,771,133.5
Engine_Speed,766,134
Engine_Speed,752,134.5
Engine_Speed,751,135
Engine_Speed,750,135.5
Engine_Speed,748,136
Engine_Speed,748,136.5
Engine_Speed,749,137
Engine_Speed,750,137.5
Engine_Speed,747,138
Engine_Speed,749,138.5
Engine_Speed,750,139
Engine_Speed,750,139.5
Engine_Speed,751,140
Engine_Speed,749,140.5
Engine_Speed,750,141
Engine_Speed,746,141.5
Engine_Speed,737,142
Engine_Speed,739,142.5
Engine_Speed,740,143
Engine_Speed,738,143.5
Engine_Speed,738,144
Engine_Speed,740,144.5
Engine_Speed,739,145
Engine_Speed,737,145.5
Engine_Speed,740,146
Engine_Speed,741,146.5
Engine_Speed,742,147
Engine_Speed,738,147.5
Engine_Speed,740,148
Engine_Speed,739,148.5
Engine_Speed,740,149
Engine_Speed,737,149.5
Engine_Speed,739,150
Engine_Speed,742,150.5
Engine_Speed,739,151
Engine_Speed,736,151.5
Engine_Speed,737,152
Engine_Speed,739,152.5
Engine_Speed,740,153
Engine_Speed,739,153.5
Engine_Speed,738,154
Engine_Speed,741,154.5
Engine_Speed,735,155
Engine_Speed,738,155.5
Engine_Speed,739,156
Engine_Speed,738,156.5
Engine_Speed,741,157
Engine_Speed,738,157.5
Engine_Speed,736,158
Engine_Speed,737,158.5
Engine_Speed,737,159
Engine_Speed,739,159.5
Engine_Speed,737,160
Engine_Speed,742,160.5
Engine_Speed,733,161
Engine_Speed,723,161.5
Engine_Speed,720,162
Engine_Speed,718,162.5
Engine_Speed,719,163
Engine_Speed,715,163.5
Engine_Speed,719,164
Engine_Speed,720,164.5
Engine_Speed,718,165
Engine_Speed,719,165.5
Engine_Speed,717,166
Engine_Speed,719,166.5
Engine_Speed,717,167
Engine_Speed,716,167.5
Engine_Speed,720,168
Engine_Speed,721,168.5
Engine_Speed,720,169
Engine_Speed,719,169.5
Engine_Speed,719,170
Engine_Speed,719,170.5
Engine_Speed,718,171
Engine_Speed,720,171.5
Engine_Speed,723,172
Engine_Speed,721,172.5
Engine_Speed,718,173
Engine_Speed,720,173.5
Engine_Speed,721,174
Engine_Speed,719,174.5
Engine_Speed,718,175
Engine_Speed,718,175.5
Engine_Speed,719,176
Engine_Speed,718,176.5
Engine_Speed,721,177
Engine_Speed,709,177.5
Engine_Speed,713,178
Engine_Speed,712,178.5
Engine_Speed,719,179
Engine_Speed,720,179.5
Engine_Speed,718,180
Engine_Speed,703,180.5
Engine_Speed,689,181
Engine_Speed,680,181.5
Engine_Speed,674,182
Engine_Speed,673,182.5
Engine_Speed,691,183
Engine_Speed,746,183.5
Engine_Speed,793,184
Engine_Speed,799,184.5
Engine_Speed,689,185
Engine_Speed,666,185.5
Engine_Speed,681,186
Engine_Speed,718,186.5
Engine_Speed,675,187
Engine_Speed,672,187.5
Engine_Speed,663,188
Engine_Speed,709,188.5
Engine_Speed,680,189
Engine_Speed,667,189.5
Engine_Speed,669,190
Engine_Speed,661,190.5
Engine_Speed,668,191
Engine_Speed,720,191.5
Engine_Speed,712,192
Engine_Speed,729,192.5
Engine_Speed,760,193
Engine_Speed,773,193.5
Engine_Speed,680,194
Engine_Speed,666,194.5
Engine_Speed,658,195
Engine_Speed,675,195.5
Engine_Speed,1201,196
Engine_Speed,1507,196.5
Engine_Speed,1225,197
Engine_Speed,947,197.5
Engine_Speed,875,198
Engine_Speed,823,198.5
Engine_Speed,785,199
Engine_Speed,705,199.5
Engine_Speed,674,200
Engine_Speed,668,200.5
Engine_Speed,669,201
Engine_Speed,662,201.5
Engine_Speed,671,202
Engine_Speed,670,202.5
Engine_Speed,675,203
Engine_Speed,673,203.5
Engine_Speed,666,204
Engine_Speed,660,204.5
Engine_Speed,665,205
Engine_Speed,673,205.5
Engine_Speed,676,206
Engine_Speed,1433,206.5
Engine_Speed,1505,207
Engine_Speed,1179,207.5
Engine_Speed,1432,208
Engine_Speed,2185,208.5
Engine_Speed,2021,209
Engine_Speed,2175,209.5
Engine_Speed,2013,210
Engine_Speed,1571,210.5
Engine_Speed,1477,211
Engine_Speed,1366,211.5
Engine_Speed,1244,212
Engine_Speed,1123,212.5
Engine_Speed,1047,213
Engine_Speed,1024,213.5
Engine_Speed,1322,214
Engine_Speed,1317,214.5
Engine_Speed,1347,215
Engine_Speed,1284,215.5
Engine_Speed,1097,216
Engine_Speed,1019,216.5
Engine_Speed,986,217
Engine_Speed,1084,217.5
Engine_Speed,1042,218
Engine_Speed,917,218.5
Engine_Speed,915,219
Engine_Speed,1367,219.5
Engine_Speed,1806,220
Engine_Speed,1921,220.5
Engine_Speed,1967,221
Engine_Speed,1778,221.5
Engine_Speed,1618,222
Engine_Speed,1933,222.5
Engine_Speed,2003,223
Engine_Speed,2025,223.5
Engine_Speed,2060,224
Engine_Speed,1987,224.5
Engine_Speed,1777,225
Engine_Speed,1572,225.5
Engine_Speed,1478,226
Engine_Speed,1450,226.5
Engine_Speed,1297,227
Engine_Speed,1388,227.5
Engine_Speed,1684,228
Engine_Speed,1725,228.5
Engine_Speed,1507,229
Engine_Speed,1428,229.5
Engine_Speed,1372,230
Engine_Speed,1580,230.5
Engine_Speed,1882,231
Engine_Speed,1583,231.5
Engine_Speed,1525,232
Engine_Speed,1748,232.5
Engine_Speed,1937,233
Engine_Speed,1845,233.5
Engine_Speed,1308,234
Engine_Speed,1211,234.5
Engine_Speed,1684,235
Engine_Speed,1859,235.5
Engine_Speed,1580,236
Engine_Speed,1392,236.5
Engine_Speed,1290,237
Engine_Speed,1284,237.5
Engine_Speed,1413,238
Engine_Speed,1570,238.5
Engine_Speed,1374,239
Engine_Speed,1437,239.5
Engine_Speed,1112,240
Engine_Speed,861,240.5
Engine_Speed,1353,241
Engine_Speed,1828,241.5
Engine_Speed,1969,242
Engine_Speed,1764,242.5
Engine_Speed,1793,243
Engine_Speed,1623,243.5
Engine_Speed,1695,244
Engine_Speed,1519,244.5
Engine_Speed,1407,245
Engine_Speed,1358,245.5
Engine_Speed,1541,246
Engine_Speed,1250,246.5
Engine_Speed,1158,247
Engine_Speed,1464,247.5
Engine_Speed,1457,248
Engine_Speed,1203,248.5
Engine_Speed,1213,249
Engine_Speed,876,249.5
Engine_Speed,848,250
Engine_Speed,808,250.5
Engine_Speed,1332,251
Engine_Speed,2099,251.5
Engine_Speed,2209,252
Engine_Speed,2383,252.5
Engine_Speed,2077,253
Engine_Speed,1891,253.5
Engine_Speed,1632,254
Engine_Speed,1724,254.5
Engine_Speed,1864,255
Engine_Speed,1913,255.5
Engine_Speed,1473,256
Engine_Speed,1552,256.5
Engine_Speed,1509,257
Engine_Speed,1436,257.5
Engine_Speed,1327,258
Engine_Speed,1368,258.5
Engine_Speed,1618,259
Engine_Speed,1464,259.5
Engine_Speed,1397,260
Engine_Speed,1281,260.5
Engine_Speed,971,261
Engine_Speed,1007,261.5
Engine_Speed,1378,262
Engine_Speed,1617,262.5
Engine_Speed,1639,263
Engine_Speed,1537,263.5
Engine_Speed,1523,264
Engine_Speed,1532,264.5
Engine_Speed,1567,265
Engine_Speed,1599,265.5
Engine_Speed,1635,266
Engine_Speed,1617,266.5
Engine_Speed,1525,267
Engine_Speed,1422,267.5
Engine_Speed,1270,268
Engine_Speed,1146,268.5
Engine_Speed,1338,269
Engine_Speed,1183,269.5
Engine_Speed,1026,270
Engine_Speed,939,270.5
Engine_Speed,864,271
Engine_Speed,1003,271.5
Engine_Speed,1003,272
Engine_Speed,921,272.5
Engine_Speed,851,273
Engine_Speed,825,273.5
Engine_Speed,819,274
Engine_Speed,793,274.5
Engine_Speed,801,275
Engine_Speed,772,275.5
Engine_Speed,773,276
Engine_Speed,712,276.5
Engine_Speed,673,277
Engine_Speed,671,277.5
Engine_Speed,668,278
Engine_Speed,664,278.5
Engine_Speed,649,279
Engine_Speed,673,279.5
Engine_Speed,675,280
Engine_Speed,698,280.5
Engine_Speed,710,281
Engine_Speed,682,281.5
Engine_Speed,672,282
Engine_Speed,663,282.5
Engine_Speed,659,283
Engine_Speed,659,283.5
Engine_Speed,663,284
Engine_Speed,663,284.5
Engine_Speed,659,285
Engine_Speed,666,285.5
Engine_Speed,660,286
Engine_Speed,666,286.5
Engine_Speed,666,287
Engine_Speed,665,287.5
Engine_Speed,672,288
Engine_Speed,666,288.5
Engine_Speed,671,289
Engine_Speed,668,289.5
Engine_Speed,671,290
Engine_Speed,669,290.5
Engine_Speed,669,291
Engine_Speed,674,291.5
Engine_Speed,669,292
Engine_Speed,670,292.5
Engine_Speed,668,293
Engine_Speed,671,293.5
Engine_Speed,670,294
Engine_Speed,668,294.5
Engine_Speed,670,295
Engine_Speed,665,295.5
Engine_Speed,674,296
Engine_Speed,668,296.5
Engine_Speed,670,297
Engine_Speed,671,297.5
Engine_Speed,670,298
Engine_Speed,671,298.5
Engine_Speed,664,299
Engine_Speed,671,299.5
Engine_Speed,670,300
Engine_Speed,669,300.5
Engine_Speed,671,301
Engine_Speed,665,301.5
Engine_Speed,674,302
Engine_Speed,666,302.5
Engine_Speed,670,303
Engine_Speed,667,303.5
Engine_Speed,671,304
Engine_Speed,670,304.5
Engine_Speed,668,305
Engine_Speed,672,305.5
Engine_Speed,661,306
Engine_Speed,668,306.5
Engine_Speed,670,307
Engine_Speed,671,307.5
Engine_Speed,775,308
Engine_Speed,1174,308.5
Engine_Speed,1996,309
Engine_Speed,2292,309.5
Engine_Speed,2147,310
Engine_Speed,1680,310.5
Engine_Speed,1591,311
Engine_Speed,1584,311.5
Engine_Speed,1584,312
Engine_Speed,1856,312.5
Engine_Speed,2162,313
Engine_Speed,2309,313.5
Engine_Speed,2487,314
Engine_Speed,2446,314.5
Engine_Speed,2244,315
Engine_Speed,2410,315.5
Engine_Speed,2576,316
Engine_Speed,2620,316.5
Engine_Speed,1925,317
Engine_Speed,2009,317.5
Engine_Speed,1982,318
Engine_Speed,2040,318.5
Engine_Speed,1946,319
Engine_Speed,1933,319.5
Engine_Speed,1872,320
Engine_Speed,1822,320.5
Engine_Speed,1760,321
Engine_Speed,1707,321.5
Engine_Speed,1680,322
Engine_Speed,1585,322.5
Engine_Speed,1594,323
Engine_Speed,1549,323.5
Engine_Speed,1503,324
Engine_Speed,1455,324.5
Engine_Speed,1405,325
Engine_Speed,1369,325.5
Engine_Speed,1414,326
Engine_Speed,1737,326.5
Engine_Speed,1653,327
Engine_Speed,1547,327.5
Engine_Speed,1420,328
Engine_Speed,1116,328.5
Engine_Speed,1321,329
Engine_Speed,1247,329.5
Engine_Speed,1021,330
Engine_Speed,904,330.5
Engine_Speed,819,331
Engine_Speed,767,331.5
Engine_Speed,692,332
Engine_Speed,676,332.5
Engine_Speed,674,333
Engine_Speed,667,333.5
Engine_Speed,668,334
Engine_Speed,664,334.5
Engine_Speed,662,335
Engine_Speed,678,335.5
Engine_Speed,660,336
Engine_Speed,660,336.5
Engine_Speed,660,337
Engine_Speed,660,337.5
Engine_Speed,661,338
Engine_Speed,665,338.5
Engine_Speed,666,339
Engine_Speed,668,339.5
Engine_Speed,665,340
Engine_Speed,664,340.5
Engine_Speed,669,341
Engine_Speed,667,341.5
Engine_Speed,671,342
Engine_Speed,664,342.5
Engine_Speed,669,343
Engine_Speed,669,343.5
Engine_Speed,669,344
Engine_Speed,669,344.5
Engine_Speed,668,345
Engine_Speed,672,345.5
Engine_Speed,672,346
Engine_Speed,674,346.5
Engine_Speed,671,347
Engine_Speed,669,347.5
Engine_Speed,671,348
Engine_Speed,674,348.5
Engine_Speed,673,349
Engine_Speed,676,349.5
Engine_Speed,677,350
Engine_Speed,672,350.5
Engine_Speed,670,351
Engine_Speed,670,351.5
Engine_Speed,671,352
Engine_Speed,665,352.5
Engine_Speed,668,353
Engine_Speed,669,353.5
Engine_Speed,667,354
Engine_Speed,670,354.5
Engine_Speed,667,355
Engine_Speed,666,355.5
Engine_Speed,674,356
Engine_Speed,672,356.5
Engine_Speed,666,357
Engine_Speed,671,357.5
Engine_Speed,667,358
Engine_Speed,666,358.5
Engine_Speed,671,359
Engine_Speed,663,359.5
Engine_Speed,670,360
Engine_Speed,669,360.5
Engine_Speed,671,361
Engine_Speed,669,361.5
Engine_Speed,669,362
Engine_Speed,665,362.5
Engine_Speed,672,363
Engine_Speed,669,363.5
Engine_Speed,667,364
Engine_Speed,670,364.5
Engine_Speed,672,365
Engine_Speed,666,365.5
Engine_Speed,672,366
Engine_Speed,668,366.5
Engine_Speed,670,367
Engine_Speed,663,367.5
Engine_Speed,672,368
Engine_Speed,666,368.5
Engine_Speed,1373,369
Engine_Speed,1931,369.5
Engine_Speed,2187,370
Engine_Speed,1959,370.5
Engine_Speed,2141,371
Engine_Speed,1873,371.5
Engine_Speed,1776,372
Engine_Speed,1800,372.5
Engine_Speed,1911,373
Engine_Speed,1749,373.5
Engine_Speed,1510,374
Engine_Speed,1441,374.5
Engine_Speed,1269,375
Engine_Speed,1263,375.5
Engine_Speed,1036,376
Engine_Speed,991,376.5
Engine_Speed,1587,377
Engine_Speed,1963,377.5
Engine_Speed,2032,378
Engine_Speed,2064,378.5
Engine_Speed,1960,379
Engine_Speed,1758,379.5
Engine_Speed,1844,380
Engine_Speed,1741,380.5
Engine_Speed,1709,381
Engine_Speed,1590,381.5
Engine_Speed,1481,382
Engine_Speed,1371,382.5
Engine_Speed,1146,383
Engine_Speed,1026,383.5
Engine_Speed,966,384
Engine_Speed,975,384.5
Engine_Speed,1086,385
Engine_Speed,887,385.5
Engine_Speed,810,386
Engine_Speed,776,386.5
Engine_Speed,716,387
Engine_Speed,665,387.5
Engine_Speed,691,388
Engine_Speed,847,388.5
Engine_Speed,1507,389
Engine_Speed,1667,389.5
Engine_Speed,2071,390
Engine_Speed,1979,390.5
Engine_Speed,2198,391
Engine_Speed,2286,391.5
Engine_Speed,1873,392
Engine_Speed,1778,392.5
Engine_Speed,1680,393
Engine_Speed,1787,393.5
Engine_Speed,2000,394
Engine_Speed,2061,394.5
Engine_Speed,1882,395
Engine_Speed,1591,395.5
Engine_Speed,1604,396
Engine_Speed,1618,396.5
Engine_Speed,1698,397
Engine_Speed,1668,397.5
Engine_Speed,1648,398
Engine_Speed,1720,398.5
Engine_Speed,1714,399
Engine_Speed,1652,399.5
Engine_Speed,1625,400
Engine_Speed,1625,400.5
Engine_Speed,1684,401
Engine_Speed,1773,401.5
Engine_Speed,1873,402
Engine_Speed,1954,402.5
Engine_Speed,1573,403
Engine_Speed,1505,403.5
Engine_Speed,1451,404
Engine_Speed,1435,404.5
Engine_Speed,1473,405
Engine_Speed,1514,405.5
Engine_Speed,1555,406
Engine_Speed,1599,406.5
Engine_Speed,1645,407
Engine_Speed,1687,407.5
Engine_Speed,1689,408
Engine_Speed,1628,408.5
Engine_Speed,1638,409
Engine_Speed,1545,409.5
Engine_Speed,1525,410
Engine_Speed,1553,410.5
Engine_Speed,1523,411
Engine_Speed,1521,411.5
Engine_Speed,1519,412
Engine_Speed,1544,412.5
Engine_Speed,1505,413
Engine_Speed,1511,413.5
Engine_Speed,1537,414
Engine_Speed,1581,414.5
Engine_Speed,1628,415
Engine_Speed,1669,415.5
Engine_Speed,1655,416
Engine_Speed,1593,416.5
Engine_Speed,1541,417
Engine_Speed,1560,417.5
Engine_Speed,1629,418
Engine_Speed,1562,418.5
Engine_Speed,1591,419
Engine_Speed,1617,419.5
Engine_Speed,1650,420
Engine_Speed,1689,420.5
Engine_Speed,1729,421
Engine_Speed,1689,421.5
Engine_Speed,1640,422
Engine_Speed,1614,422.5
Engine_Speed,1598,423
Engine_Speed,1603,423.5
Engine_Speed,1583,424
Engine_Speed,1599,424.5
Engine_Speed,1625,425
Engine_Speed,1653,425.5
Engine_Speed,1691,426
Engine_Speed,1728,426.5
Engine_Speed,1751,427
Engine_Speed,1684,427.5
Engine_Speed,1549,428
Engine_Speed,1331,428.5
Engine_Speed,952,429
Engine_Speed,991,429.5
Engine_Speed,997,430
Engine_Speed,952,430.5
Engine_Speed,900,431
Engine_Speed,876,431.5
Engine_Speed,1769,432
Engine_Speed,1985,432.5
Engine_Speed,1977,433
Engine_Speed,1611,433.5
Engine_Speed,1349,434
Engine_Speed,1227,434.5
Engine_Speed,883,435
Engine_Speed,847,435.5
Engine_Speed,863,436
Engine_Speed,1145,436.5
Engine_Speed,1116,437
Engine_Speed,1008,437.5
Engine_Speed,928,438
Engine_Speed,845,438.5
Engine_Speed,806,439
Engine_Speed,776,439.5
Engine_Speed,744,440
Engine_Speed,675,440.5
Engine_Speed,667,441
Engine_Speed,668,441.5
Engine_Speed,667,442
Engine_Speed,671,442.5
Engine_Speed,668,443
Engine_Speed,670,443.5
Engine_Speed,671,444
Engine_Speed,670,444.5
Engine_Speed,667,445
Engine_Speed,669,445.5
Engine_Speed,673,446
Engine_Speed,672,446.5
Engine_Speed,669,447
Engine_Speed,672,447.5
Engine_Speed,671,448
Engine_Speed,672,448.5
Engine_Speed,671,449
Engine_Speed,667,449.5
Engine_Speed,670,450
Engine_Speed,669,450.5
Engine_Speed,671,451
Engine_Speed,672,451.5
Engine_Speed,669,452
Engine_Speed,668,452.5
Engine_Speed,670,453
Engine_Speed,668,453.5
Engine_Speed,670,454
Engine_Speed,668,454.5
Engine_Speed,669,455
Engine_Speed,669,455.5
Engine_Speed,668,456
Engine_Speed,670,456.5
Engine_Speed,672,457
Engine_Speed,670,457.5
Engine_Speed,670,458
Engine_Speed,668,458.5
Engine_Speed,670,459
Engine_Speed,673,459.5
Engine_Speed,671,460
Engine_Speed,683,460.5
Engine_Speed,902,461
Engine_Speed,1535,461.5
Engine_Speed,1657,462
Engine_Speed,2047,462.5
Engine_Speed,2021,463
Engine_Speed,2320,463.5
Engine_Speed,2564,464
Engine_Speed,2104,464.5
Engine_Speed,2194,465
Engine_Speed,2447,465.5
Engine_Speed,2391,466
Engine_Speed,1621,466.5
Engine_Speed,1315,467
Engine_Speed,1084,467.5
Engine_Speed,970,468
Engine_Speed,992,468.5
Engine_Speed,973,469
Engine_Speed,890,469.5
Engine_Speed,848,470
Engine_Speed,829,470.5
Engine_Speed,789,471
Engine_Speed,778,471.5
Engine_Speed,757,472
Engine_Speed,683,472.5
Engine_Speed,666,473
Engine_Speed,667,473.5
Engine_Speed,668,474
Engine_Speed,666,474.5
Engine_Speed,668,475
Engine_Speed,668,475.5
Engine_Speed,665,476
Engine_Speed,667,476.5
Engine_Speed,667,477
Engine_Speed,668,477.5
Engine_Speed,669,478
Engine_Speed,666,478.5
Engine_Speed,669,479
Engine_Speed,665,479.5
Engine_Speed,667,480
Engine_Speed,666,480.5
Engine_Speed,668,481
Engine_Speed,673,481.5
Engine_Speed,670,482
Engine_Speed,672,482.5
Engine_Speed,669,483
Engine_Speed,670,483.5
Engine_Speed,669,484
Engine_Speed,667,484.5
Engine_Speed,670,485
Engine_Speed,668,485.5
Engine_Speed,669,486
Engine_Speed,668,486.5
Engine_Speed,669,487
Engine_Speed,670,487.5
Engine_Speed,667,488
Engine_Speed,669,488.5
Engine_Speed,670,489
Engine_Speed,668,489.5
Engine_Speed,670,490
Engine_Speed,672,490.5
Engine_Speed,668,491
Engine_Speed,668,491.5
Engine_Speed,670,492
Engine_Speed,669,492.5
Engine_Speed,683,493
Engine_Speed,1426,493.5
Engine_Speed,1865,494
Engine_Speed,2121,494.5
Engine_Speed,2176,495
Engine_Speed,2469,495.5
Engine_Speed,2386,496
Engine_Speed,2131,496.5
Engine_Speed,2259,497
Engine_Speed,1900,497.5
Engine_Speed,2083,498
Engine_Speed,2014,498.5
Engine_Speed,1972,499
Engine_Speed,1574,499.5
Engine_Speed,1273,500
Engine_Speed,1467,500.5
Engine_Speed,1393,501
Engine_Speed,1233,501.5
Engine_Speed,1073,502
Engine_Speed,964,502.5
Engine_Speed,908,503
Engine_Speed,866,503.5
Engine_Speed,1156,504
Engine_Speed,1691,504.5
Engine_Speed,1744,505
Engine_Speed,1773,505.5
Engine_Speed,1820,506
Engine_Speed,1877,506.5
Engine_Speed,1954,507
Engine_Speed,2055,507.5
Engine_Speed,2131,508
Engine_Speed,1931,508.5
Engine_Speed,1660,509
Engine_Speed,1509,509.5
Engine_Speed,1506,510
Engine_Speed,1410,510.5
Engine_Speed,1303,511
Engine_Speed,1280,511.5
Engine_Speed,1843,512
Engine_Speed,2125,512.5
Engine_Speed,2009,513
Engine_Speed,2147,513.5
Engine_Speed,2200,514
Engine_Speed,2358,514.5
Engine_Speed,2330,515
Engine_Speed,2281,515.5
Engine_Speed,2298,516
Engine_Speed,2392,516.5
Engine_Speed,2435,517
Engine_Speed,2292,517.5
Engine_Speed,2234,518
Engine_Speed,2232,518.5
Engine_Speed,2269,519
Engine_Speed,2266,519.5
Engine_Speed,2276,520
Engine_Speed,2432,520.5
Engine_Speed,2549,521
Engine_Speed,2548,521.5
Engine_Speed,2596,522
Engine_Speed,2644,522.5
Engine_Speed,2179,523
Engine_Speed,2027,523.5
Engine_Speed,1989,524
Engine_Speed,1996,524.5
Engine_Speed,2025,525
Engine_Speed,2064,525.5
Engine_Speed,2125,526
Engine_Speed,2190,526.5
Engine_Speed,2252,527
Engine_Speed,2311,527.5
Engine_Speed,2372,528
Engine_Speed,2411,528.5
Engine_Speed,1987,529
Engine_Speed,1925,529.5
Engine_Speed,1945,530
Engine_Speed,1928,530.5
Engine_Speed,1881,531
Engine_Speed,1822,531.5
Engine_Speed,1876,532
Engine_Speed,1909,532.5
Engine_Speed,1823,533
Engine_Speed,1931,533.5
Engine_Speed,1874,534
Engine_Speed,1883,534.5
Engine_Speed,1909,535
Engine_Speed,1890,535.5
Engine_Speed,2018,536
Engine_Speed,1949,536.5
Engine_Speed,1929,537
Engine_Speed,1879,537.5
Engine_Speed,1890,538
Engine_Speed,1992,538.5
Engine_Speed,1923,539
Engine_Speed,1871,539.5
Engine_Speed,1767,540
Engine_Speed,1675,540.5
Engine_Speed,1787,541
Engine_Speed,1836,541.5
Engine_Speed,1778,542
Engine_Speed,1886,542.5
Engine_Speed,1842,543
Engine_Speed,1801,543.5
Engine_Speed,1799,544
Engine_Speed,1869,544.5
Engine_Speed,1869,545
Engine_Speed,1815,545.5
Engine_Speed,1808,546
Engine_Speed,1809,546.5
Engine_Speed,1831,547
Engine_Speed,1853,547.5
Engine_Speed,1875,548
Engine_Speed,1895,548.5
Engine_Speed,1906,549
Engine_Speed,1893,549.5
Engine_Speed,1855,550
Engine_Speed,1819,550.5
Engine_Speed,1867,551
Engine_Speed,1892,551.5
Engine_Speed,1869,552
Engine_Speed,1876,552.5
Engine_Speed,1891,553
Engine_Speed,1878,553.5
Engine_Speed,1807,554
Engine_Speed,1786,554.5
Engine_Speed,1752,555
Engine_Speed,1848,555.5
Engine_Speed,1820,556
Engine_Speed,1771,556.5
Engine_Speed,1782,557
Engine_Speed,1751,557.5
Engine_Speed,1685,558
Engine_Speed,1844,558.5
Engine_Speed,1829,559
Engine_Speed,1692,559.5
Engine_Speed,1785,560
Engine_Speed,1842,560.5
Engine_Speed,1788,561
Engine_Speed,1801,561.5
Engine_Speed,1826,562
Engine_Speed,1845,562.5
Engine_Speed,1804,563
Engine_Speed,1954,563.5
Engine_Speed,1851,564
Engine_Speed,1820,564.5
Engine_Speed,1819,565
Engine_Speed,1823,565.5
Engine_Speed,1829,566
Engine_Speed,1837,566.5
Engine_Speed,1850,567
Engine_Speed,1809,567.5
Engine_Speed,1880,568
Engine_Speed,1882,568.5
Engine_Speed,1840,569
Engine_Speed,1858,569.5
Engine_Speed,1855,570
Engine_Speed,1991,570.5
Engine_Speed,2003,571
Engine_Speed,1932,571.5
Engine_Speed,1903,572
Engine_Speed,1909,572.5
Engine_Speed,1903,573
Engine_Speed,1900,573.5
Engine_Speed,1899,574
Engine_Speed,1870,574.5
Engine_Speed,1801,575
Engine_Speed,1747,575.5
Engine_Speed,1778,576
Engine_Speed,1795,576.5
Engine_Speed,1726,577
Engine_Speed,1702,577.5
Engine_Speed,1705,578
Engine_Speed,2266,578.5
Engine_Speed,2585,579
Engine_Speed,2423,579.5
Engine_Speed,2367,580
Engine_Speed,2620,580.5
Engine_Speed,2497,581
Engine_Speed,2055,581.5
Engine_Speed,1874,582
Engine_Speed,2358,582.5
Engine_Speed,2435,583
Engine_Speed,2526,583.5
Engine_Speed,2486,584
Engine_Speed,2470,584.5
Engine_Speed,2525,585
Engine_Speed,2600,585.5
Engine_Speed,2585,586
Engine_Speed,2615,586.5
Engine_Speed,2647,587
Engine_Speed,2679,587.5
Engine_Speed,2709,588
Engine_Speed,2658,588.5
Engine_Speed,2319,589
Engine_Speed,2477,589.5
Engine_Speed,2617,590
Engine_Speed,2584,590.5
Engine_Speed,2671,591
Engine_Speed,2735,591.5
Engine_Speed,2783,592
Engine_Speed,3633,592.5
Engine_Speed,3787,593
Engine_Speed,3745,593.5
Engine_Speed,3122,594
Engine_Speed,2785,594.5
Engine_Speed,2737,595
Engine_Speed,2676,595.5
Engine_Speed,2384,596
Engine_Speed,2639,596.5
Engine_Speed,2724,597
Engine_Speed,2638,597.5
Engine_Speed,2623,598
Engine_Speed,2528,598.5
Engine_Speed,1973,599
Engine_Speed,1919,599.5
Engine_Speed,1866,600
Engine_Speed,1814,600.5
Engine_Speed,1866,601
Engine_Speed,1918,601.5
Engine_Speed,1847,602
Engine_Speed,1863,602.5
Engine_Speed,2493,603
Engine_Speed,2759,603.5
Engine_Speed,2202,604
Engine_Speed,1943,604.5
Engine_Speed,1891,605
Engine_Speed,1840,605.5
Engine_Speed,1807,606
Engine_Speed,1857,606.5
Engine_Speed,1749,607
Engine_Speed,1940,607.5
Engine_Speed,1903,608
Engine_Speed,1893,608.5
Engine_Speed,1933,609
Engine_Speed,1975,609.5
Engine_Speed,1957,610
Engine_Speed,1997,610.5
Engine_Speed,2063,611
Engine_Speed,2047,611.5
Engine_Speed,2067,612
Engine_Speed,2108,612.5
Engine_Speed,2152,613
Engine_Speed,2193,613.5
Engine_Speed,2234,614
Engine_Speed,2274,614.5
Engine_Speed,2307,615
Engine_Speed,2327,615.5
Engine_Speed,2303,616
Engine_Speed,2359,616.5
Engine_Speed,2330,617
Engine_Speed,2304,617.5
Engine_Speed,2384,618
Engine_Speed,2352,618.5
Engine_Speed,2372,619
Engine_Speed,2408,619.5
Engine_Speed,2443,620
Engine_Speed,2447,620.5
Engine_Speed,2398,621
Engine_Speed,2360,621.5
Engine_Speed,2306,622
Engine_Speed,2235,622.5
Engine_Speed,2170,623
Engine_Speed,2158,623.5
Engine_Speed,2208,624
Engine_Speed,2196,624.5
Engine_Speed,2224,625
Engine_Speed,2264,625.5
Engine_Speed,2305,626
Engine_Speed,2347,626.5
Engine_Speed,2387,627
Engine_Speed,2390,627.5
Engine_Speed,2340,628
Engine_Speed,2291,628.5
Engine_Speed,2232,629
Engine_Speed,2179,629.5
Engine_Speed,2127,630
Engine_Speed,2122,630.5
Engine_Speed,2178,631
Engine_Speed,2173,631.5
Engine_Speed,2227,632
Engine_Speed,2119,632.5
Engine_Speed,2062,633
Engine_Speed,1986,633.5
Engine_Speed,2051,634
Engine_Speed,1981,634.5
Engine_Speed,1931,635
Engine_Speed,1930,635.5
Engine_Speed,2024,636
Engine_Speed,1978,636.5
Engine_Speed,1980,637
Engine_Speed,2008,637.5
Engine_Speed,2033,638
Engine_Speed,1975,638.5
Engine_Speed,1958,639
Engine_Speed,1928,639.5
Engine_Speed,2029,640
Engine_Speed,1896,640.5
Engine_Speed,1857,641
Engine_Speed,1807,641.5
Engine_Speed,1942,642
Engine_Speed,1893,642.5
Engine_Speed,1781,643
Engine_Speed,1965,643.5
Engine_Speed,1957,644
Engine_Speed,1950,644.5
Engine_Speed,1971,645
Engine_Speed,1995,645.5
Engine_Speed,2102,646
Engine_Speed,2072,646.5
Engine_Speed,2241,647
Engine_Speed,2192,647.5
Engine_Speed,2079,648
Engine_Speed,2228,648.5
Engine_Speed,2233,649
Engine_Speed,2246,649.5
Engine_Speed,2212,650
Engine_Speed,2194,650.5
Engine_Speed,2158,651
Engine_Speed,2109,651.5
Engine_Speed,2057,652
Engine_Speed,2070,652.5
Engine_Speed,2159,653
Engine_Speed,2154,653.5
Engine_Speed,2187,654
Engine_Speed,2168,654.5
Engine_Speed,2146,655
Engine_Speed,2123,655.5
Engine_Speed,2210,656
Engine_Speed,2182,656.5
Engine_Speed,2149,657
Engine_Speed,2129,657.5
Engine_Speed,2154,658
Engine_Speed,2226,658.5
Engine_Speed,2154,659
Engine_Speed,2142,659.5
Engine_Speed,2185,660
Engine_Speed,2130,660.5
Engine_Speed,2131,661
Engine_Speed,2113,661.5
Engine_Speed,2185,662
Engine_Speed,2232,662.5
Engine_Speed,2231,663
Engine_Speed,2227,663.5
Engine_Speed,2213,664
Engine_Speed,2184,664.5
Engine_Speed,2175,665
Engine_Speed,2154,665.5
Engine_Speed,2129,666
Engine_Speed,2178,666.5
Engine_Speed,2192,667
Engine_Speed,2140,667.5
Engine_Speed,2114,668
Engine_Speed,2107,668.5
Engine_Speed,2093,669
Engine_Speed,2081,669.5
Engine_Speed,2095,670
Engine_Speed,2153,670.5
Engine_Speed,2108,671
Engine_Speed,2065,671.5
Engine_Speed,2016,672
Engine_Speed,1980,672.5
Engine_Speed,1997,673
Engine_Speed,2027,673.5
Engine_Speed,2003,674
Engine_Speed,2024,674.5
Engine_Speed,2052,675
Engine_Speed,2074,675.5
Engine_Speed,2052,676
Engine_Speed,2000,676.5
Engine_Speed,1935,677
Engine_Speed,1859,677.5
Engine_Speed,1789,678
Engine_Speed,1808,678.5
Engine_Speed,1866,679
Engine_Speed,1799,679.5
Engine_Speed,1801,680
Engine_Speed,1904,680.5
Engine_Speed,1839,681
Engine_Speed,1785,681.5
Engine_Speed,1734,682
Engine_Speed,1764,682.5
Engine_Speed,1775,683
Engine_Speed,1716,683.5
Engine_Speed,1654,684
Engine_Speed,1741,684.5
Engine_Speed,1653,685
Engine_Speed,1612,685.5
Engine_Speed,1766,686
Engine_Speed,1710,686.5
Engine_Speed,1692,687
Engine_Speed,1709,687.5
Engine_Speed,1930,688
Engine_Speed,1887,688.5
Engine_Speed,1758,689
Engine_Speed,1941,689.5
Engine_Speed,1876,690
Engine_Speed,1815,690.5
Engine_Speed,1836,691
Engine_Speed,1738,691.5
Engine_Speed,1758,692
Engine_Speed,1699,692.5
Engine_Speed,1759,693
Engine_Speed,2094,693.5
Engine_Speed,2625,694
Engine_Speed,2604,694.5
Engine_Speed,2514,695
Engine_Speed,2548,695.5
Engine_Speed,2627,696
Engine_Speed,2714,696.5
Engine_Speed,2603,697
Engine_Speed,2074,697.5
Engine_Speed,1950,698
Engine_Speed,1782,698.5
Engine_Speed,1705,699
Engine_Speed,1800,699.5
Engine_Speed,1890,700
Engine_Speed,1870,700.5
Engine_Speed,2673,701
Engine_Speed,2835,701.5
Engine_Speed,2756,702
Engine_Speed,2783,702.5
Engine_Speed,2868,703
Engine_Speed,2972,703.5
Engine_Speed,3074,704
Engine_Speed,3175,704.5
Engine_Speed,3274,705
Engine_Speed,3375,705.5
Engine_Speed,3472,706
Engine_Speed,2896,706.5
Engine_Speed,2742,707
Engine_Speed,2759,707.5
Engine_Speed,2757,708
Engine_Speed,2739,708.5
Engine_Speed,2738,709
Engine_Speed,2734,709.5
Engine_Speed,2701,710
Engine_Speed,2718,710.5
Engine_Speed,2657,711
Engine_Speed,2633,711.5
Engine_Speed,2500,712
Engine_Speed,2455,712.5
Engine_Speed,2497,713
Engine_Speed,2483,713.5
Engine_Speed,2449,714
Engine_Speed,2482,714.5
Engine_Speed,3356,715
Engine_Speed,3494,715.5
Engine_Speed,3425,716
Engine_Speed,3413,716.5
Engine_Speed,3465,717
Engine_Speed,3250,717.5
Engine_Speed,2786,718
Engine_Speed,2778,718.5
Engine_Speed,2812,719
Engine_Speed,2849,719.5
Engine_Speed,2884,720
Engine_Speed,2921,720.5
Engine_Speed,2961,721
Engine_Speed,3002,721.5
Engine_Speed,3044,722
Engine_Speed,3087,722.5
Engine_Speed,3129,723
Engine_Speed,3153,723.5
Engine_Speed,3109,724
Engine_Speed,3071,724.5
Engine_Speed,3012,725
Engine_Speed,2952,725.5
Engine_Speed,2962,726
Engine_Speed,2965,726.5
Engine_Speed,2896,727
Engine_Speed,2818,727.5
Engine_Speed,2685,728
Engine_Speed,2548,728.5
Engine_Speed,2433,729
Engine_Speed,2431,729.5
Engine_Speed,2468,730
Engine_Speed,2442,730.5
Engine_Speed,2366,731
Engine_Speed,2234,731.5
Engine_Speed,2104,732
Engine_Speed,2015,732.5
Engine_Speed,2037,733
Engine_Speed,2061,733.5
Engine_Speed,1981,734
Engine_Speed,1926,734.5
Engine_Speed,1873,735
Engine_Speed,1906,735.5
Engine_Speed,1957,736
Engine_Speed,1979,736.5
Engine_Speed,1940,737
Engine_Speed,2029,737.5
Engine_Speed,1979,738
Engine_Speed,2092,738.5
Engine_Speed,1974,739
Engine_Speed,1899,739.5
Engine_Speed,1869,740
Engine_Speed,1814,740.5
Engine_Speed,1756,741
Engine_Speed,1725,741.5
Engine_Speed,1679,742
Engine_Speed,1745,742.5
Engine_Speed,1644,743
Engine_Speed,1618,743.5
Engine_Speed,1564,744
Engine_Speed,1545,744.5
Engine_Speed,1684,745
Engine_Speed,1569,745.5
Engine_Speed,1359,746
Engine_Speed,1849,746.5
Engine_Speed,1585,747
Engine_Speed,1463,747.5
Engine_Speed,1265,748
Engine_Speed,1640,748.5
Engine_Speed,2210,749
Engine_Speed,2178,749.5
Engine_Speed,2149,750
Engine_Speed,2141,750.5
Engine_Speed,1716,751
Engine_Speed,1646,751.5
Engine_Speed,1605,752
Engine_Speed,1543,752.5
Engine_Speed,1213,753
Engine_Speed,1542,753.5
Engine_Speed,1969,754
Engine_Speed,2121,754.5
Engine_Speed,2036,755
Engine_Speed,2051,755.5
Engine_Speed,2015,756
Engine_Speed,1994,756.5
Engine_Speed,1973,757
Engine_Speed,2074,757.5
Engine_Speed,2081,758
Engine_Speed,2103,758.5
Engine_Speed,1752,759
Engine_Speed,1731,759.5
Engine_Speed,1825,760
Engine_Speed,1701,760.5
Engine_Speed,1679,761
Engine_Speed,1735,761.5
Engine_Speed,1870,762
Engine_Speed,1815,762.5
Engine_Speed,1813,763
Engine_Speed,1860,763.5
Engine_Speed,1906,764
Engine_Speed,1952,764.5
Engine_Speed,1999,765
Engine_Speed,2046,765.5
Engine_Speed,2091,766
Engine_Speed,2134,766.5
Engine_Speed,2174,767
Engine_Speed,2208,767.5
Engine_Speed,2236,768
Engine_Speed,2262,768.5
Engine_Speed,2285,769
Engine_Speed,2315,769.5
Engine_Speed,2351,770
Engine_Speed,2387,770.5
Engine_Speed,2420,771
Engine_Speed,2455,771.5
Engine_Speed,2484,772
Engine_Speed,2460,772.5
Engine_Speed,2421,773
Engine_Speed,2356,773.5
Engine_Speed,2269,774
Engine_Speed,2201,774.5
Engine_Speed,2121,775
Engine_Speed,2171,775.5
Engine_Speed,2102,776
Engine_Speed,2043,776.5
Engine_Speed,1999,777
Engine_Speed,1952,777.5
Engine_Speed,1893,778
Engine_Speed,1846,778.5
Engine_Speed,1971,779
Engine_Speed,1950,779.5
Engine_Speed,1911,780
Engine_Speed,1877,780.5
Engine_Speed,1821,781
Engine_Speed,1926,781.5
Engine_Speed,1987,782
Engine_Speed,1940,782.5
Engine_Speed,1957,783
Engine_Speed,1958,783.5
Engine_Speed,1923,784
Engine_Speed,1871,784.5
Engine_Speed,1817,785
Engine_Speed,1788,785.5
Engine_Speed,1970,786
Engine_Speed,1889,786.5
Engine_Speed,1898,787
Engine_Speed,1945,787.5
Engine_Speed,1988,788
Engine_Speed,1983,788.5
Engine_Speed,2096,789
Engine_Speed,2106,789.5
Engine_Speed,2071,790
Engine_Speed,2028,790.5
Engine_Speed,1981,791
Engine_Speed,1958,791.5
Engine_Speed,1941,792
Engine_Speed,1873,792.5
Engine_Speed,1946,793
Engine_Speed,1971,793.5
Engine_Speed,1941,794
Engine_Speed,2082,794.5
Engine_Speed,2117,795
Engine_Speed,1939,795.5
Engine_Speed,1978,796
Engine_Speed,1976,796.5
Engine_Speed,1880,797
Engine_Speed,1816,797.5
Engine_Speed,1741,798
Engine_Speed,1667,798.5
Engine_Speed,1604,799
Engine_Speed,1654,799.5
Engine_Speed,2002,800
Engine_Speed,2094,800.5
Engine_Speed,1955,801
Engine_Speed,1611,801.5
Engine_Speed,1637,802
Engine_Speed,1769,802.5
Engine_Speed,1716,803
Engine_Speed,1713,803.5
Engine_Speed,1873,804
Engine_Speed,1798,804.5
Engine_Speed,1724,805
Engine_Speed,1550,805.5
Engine_Speed,1146,806
Engine_Speed,1243,806.5
Engine_Speed,1138,807
Engine_Speed,977,807.5
Engine_Speed,968,808
Engine_Speed,924,808.5
Engine_Speed,901,809
Engine_Speed,1101,809.5
Engine_Speed,960,810
Engine_Speed,861,810.5
Engine_Speed,830,811
Engine_Speed,1239,811.5
Engine_Speed,1597,812
Engine_Speed,1807,812.5
Engine_Speed,1858,813
Engine_Speed,1773,813.5
Engine_Speed,1848,814
Engine_Speed,1726,814.5
Engine_Speed,1423,815
Engine_Speed,1343,815.5
Engine_Speed,1030,816
Engine_Speed,887,816.5
Engine_Speed,950,817
Engine_Speed,1768,817.5
Engine_Speed,1954,818
Engine_Speed,2054,818.5
Engine_Speed,2214,819
Engine_Speed,2439,819.5
Engine_Speed,2345,820
Engine_Speed,1623,820.5
Engine_Speed,1392,821
Engine_Speed,1336,821.5
Engine_Speed,1190,822
Engine_Speed,973,822.5
Engine_Speed,1309,823
Engine_Speed,1952,823.5
Engine_Speed,2253,824
Engine_Speed,1977,824.5
Engine_Speed,1678,825
Engine_Speed,1534,825.5
Engine_Speed,1467,826
Engine_Speed,1490,826.5
Engine_Speed,1441,827
Engine_Speed,1322,827.5
Engine_Speed,1464,828
Engine_Speed,1277,828.5
Engine_Speed,921,829
Engine_Speed,918,829.5
Engine_Speed,857,830
Engine_Speed,803,830.5
Engine_Speed,738,831
Engine_Speed,678,831.5
Engine_Speed,666,832
Engine_Speed,668,832.5
Engine_Speed,667,833
Engine_Speed,666,833.5
Engine_Speed,836,834
Engine_Speed,829,834.5
Engine_Speed,801,835
Engine_Speed,728,835.5
Engine_Speed,668,836
Engine_Speed,665,836.5
Engine_Speed,667,837
Engine_Speed,668,837.5
Engine_Speed,667,838
Engine_Speed,667,838.5
Engine_Speed,670,839
Engine_Speed,669,839.5
Engine_Speed,671,840
Engine_Speed,667,840.5
Engine_Speed,668,841
Engine_Speed,669,841.5
Engine_Speed,669,842
Engine_Speed,690,842.5
Engine_Speed,1097,843
Engine_Speed,1713,843.5
Engine_Speed,2201,844
Engine_Speed,1995,844.5
Engine_Speed,2247,845
Engine_Speed,1818,845.5
Engine_Speed,1446,846
Engine_Speed,1281,846.5
Engine_Speed,1150,847
Engine_Speed,1059,847.5
Engine_Speed,1005,848
Engine_Speed,1284,848.5
Engine_Speed,1676,849
Engine_Speed,1791,849.5
Engine_Speed,1844,850
Engine_Speed,1803,850.5
Engine_Speed,1616,851
Engine_Speed,1444,851.5
Engine_Speed,1311,852
Engine_Speed,1193,852.5
Engine_Speed,1113,853
Engine_Speed,1016,853.5
Engine_Speed,952,854
Engine_Speed,966,854.5
Engine_Speed,1533,855
Engine_Speed,1470,855.5
Engine_Speed,1180,856
Engine_Speed,1087,856.5
Engine_Speed,1019,857
Engine_Speed,940,857.5
Engine_Speed,892,858
Engine_Speed,852,858.5
Engine_Speed,836,859
Engine_Speed,894,859.5
Engine_Speed,1235,860
Engine_Speed,1377,860.5
Engine_Speed,1360,861
Engine_Speed,1114,861.5
Engine_Speed,1049,862
Engine_Speed,1048,862.5
Engine_Speed,1381,863
Engine_Speed,1634,863.5
Engine_Speed,1398,864
Engine_Speed,1236,864.5
Engine_Speed,1203,865
Engine_Speed,1369,865.5
Engine_Speed,1274,866
Engine_Speed,1100,866.5
Engine_Speed,1048,867
Engine_Speed,1007,867.5
Engine_Speed,975,868
Engine_Speed,952,868.5
Engine_Speed,927,869
Engine_Speed,882,869.5
Engine_Speed,900,870
Engine_Speed,1140,870.5
Engine_Speed,1210,871
Engine_Speed,1061,871.5
Engine_Speed,1006,872
Engine_Speed,997,872.5
Engine_Speed,958,873
Engine_Speed,893,873.5
Engine_Speed,847,874
Engine_Speed,830,874.5
Engine_Speed,823,875
Engine_Speed,818,875.5
Engine_Speed,820,876
Engine_Speed,824,876.5
Engine_Speed,842,877
Engine_Speed,862,877.5
Engine_Speed,895,878
Engine_Speed,923,878.5
Engine_Speed,950,879
Engine_Speed,957,879.5
Engine_Speed,942,880
Engine_Speed,891,880.5
Engine_Speed,848,881
Engine_Speed,839,881.5
Engine_Speed,804,882
Engine_Speed,764,882.5
Engine_Speed,767,883
Engine_Speed,737,883.5
Engine_Speed,670,884
Engine_Speed,663,884.5
Engine_Speed,662,885
Engine_Speed,663,885.5
Engine_Speed,666,886
Engine_Speed,669,886.5
Engine_Speed,668,887
Engine_Speed,741,887.5
Engine_Speed,796,888
Engine_Speed,1220,888.5
Engine_Speed,1394,889
Engine_Speed,923,889.5
Engine_Speed,857,890
Engine_Speed,811,890.5
Engine_Speed,802,891
Engine_Speed,802,891.5
Engine_Speed,800,892
Engine_Speed,794,892.5
Engine_Speed,792,893
Engine_Speed,786,893.5
Engine_Speed,793,894
Engine_Speed,794,894.5
Engine_Speed,817,895
Engine_Speed,1349,895.5
Engine_Speed,1723,896
Engine_Speed,1286,896.5
Engine_Speed,1272,897
Engine_Speed,1259,897.5
Engine_Speed,1229,898
Engine_Speed,1368,898.5
Engine_Speed,1458,899
Engine_Speed,1160,899.5
Engine_Speed,1101,900
Engine_Speed,1123,900.5
Engine_Speed,1141,901
Engine_Speed,1155,901.5
Engine_Speed,1174,902
Engine_Speed,1195,902.5
Engine_Speed,1237,903
Engine_Speed,1270,903.5
Engine_Speed,1279,904
Engine_Speed,1280,904.5
Engine_Speed,1257,905
Engine_Speed,1249,905.5
Engine_Speed,1219,906
Engine_Speed,1188,906.5
Engine_Speed,1251,907
Engine_Speed,1397,907.5
Engine_Speed,1494,908
Engine_Speed,1394,908.5
Engine_Speed,1206,909
Engine_Speed,1138,909.5
Engine_Speed,1063,910
Engine_Speed,995,910.5
Engine_Speed,1183,911
Engine_Speed,1920,911.5
Engine_Speed,1808,912
Engine_Speed,1708,912.5
Engine_Speed,1743,913
Engine_Speed,1882,913.5
Engine_Speed,2099,914
Engine_Speed,2360,914.5
Engine_Speed,2365,915
Engine_Speed,1945,915.5
Engine_Speed,1853,916
Engine_Speed,1540,916.5
Engine_Speed,1157,917
Engine_Speed,1005,917.5
Engine_Speed,1070,918
Engine_Speed,1068,918.5
Engine_Speed,1724,919
Engine_Speed,1574,919.5
Engine_Speed,1261,920
Engine_Speed,1147,920.5
Engine_Speed,1335,921
Engine_Speed,1782,921.5
Engine_Speed,1826,922
Engine_Speed,1976,922.5
Engine_Speed,2205,923
Engine_Speed,2409,923.5
Engine_Speed,2602,924
Engine_Speed,2112,924.5
Engine_Speed,1970,925
Engine_Speed,2117,925.5
Engine_Speed,2195,926
Engine_Speed,2335,926.5
Engine_Speed,2499,927
Engine_Speed,2202,927.5
Engine_Speed,2347,928
Engine_Speed,2171,928.5
Engine_Speed,2168,929
Engine_Speed,2198,929.5
Engine_Speed,2144,930
Engine_Speed,2229,930.5
Engine_Speed,2186,931
Engine_Speed,2181,931.5
Engine_Speed,2221,932
Engine_Speed,2127,932.5
Engine_Speed,2044,933
Engine_Speed,1967,933.5
Engine_Speed,1892,934
Engine_Speed,1815,934.5
Engine_Speed,1892,935
Engine_Speed,1768,935.5
Engine_Speed,1767,936
Engine_Speed,1863,936.5
Engine_Speed,1772,937
Engine_Speed,1674,937.5
Engine_Speed,1760,938
Engine_Speed,1746,938.5
Engine_Speed,1838,939
Engine_Speed,1758,939.5
Engine_Speed,1657,940
Engine_Speed,1704,940.5
Engine_Speed,1787,941
Engine_Speed,1765,941.5
Engine_Speed,1818,942
Engine_Speed,1889,942.5
Engine_Speed,1957,943
Engine_Speed,2018,943.5
Engine_Speed,2005,944
Engine_Speed,1945,944.5
Engine_Speed,1869,945
Engine_Speed,1745,945.5
Engine_Speed,1656,946
Engine_Speed,1677,946.5
Engine_Speed,1701,947
Engine_Speed,1600,947.5
Engine_Speed,1572,948
Engine_Speed,1511,948.5
Engine_Speed,1456,949
Engine_Speed,1379,949.5
Engine_Speed,1408,950
Engine_Speed,1675,950.5
Engine_Speed,1574,951
Engine_Speed,1322,951.5
Engine_Speed,988,952
Engine_Speed,1042,952.5
Engine_Speed,1600,953
Engine_Speed,1268,953.5
Engine_Speed,1197,954
Engine_Speed,1150,954.5
Engine_Speed,1077,955
Engine_Speed,1020,955.5
Engine_Speed,962,956
Engine_Speed,913,956.5
Engine_Speed,867,957
Engine_Speed,839,957.5
Engine_Speed,832,958
Engine_Speed,809,958.5
Engine_Speed,869,959
Engine_Speed,1560,959.5
Engine_Speed,1584,960
Engine_Speed,1207,960.5
Engine_Speed,1512,961
Engine_Speed,1988,961.5
Engine_Speed,1409,962
Engine_Speed,1074,962.5
Engine_Speed,935,963
Engine_Speed,841,963.5
Engine_Speed,802,964
Engine_Speed,785,964.5
Engine_Speed,1396,965
Engine_Speed,1708,965.5
Engine_Speed,2096,966
Engine_Speed,1856,966.5
Engine_Speed,1965,967
Engine_Speed,2098,967.5
Engine_Speed,1629,968
Engine_Speed,1469,968.5
Engine_Speed,1344,969
Engine_Speed,1168,969.5
Engine_Speed,1076,970
Engine_Speed,1012,970.5
Engine_Speed,938,971
Engine_Speed,863,971.5
Engine_Speed,824,972
Engine_Speed,826,972.5
Engine_Speed,1008,973
Engine_Speed,1391,973.5
Engine_Speed,1134,974
Engine_Speed,832,974.5
Engine_Speed,818,975
Engine_Speed,887,975.5
Engine_Speed,832,976
Engine_Speed,789,976.5
Engine_Speed,781,977
Engine_Speed,777,977.5
Engine_Speed,699,978
Engine_Speed,676,978.5
Engine_Speed,769,979
Engine_Speed,1026,979.5
Engine_Speed,794,980
Engine_Speed,790,980.5
Engine_Speed,762,981
Engine_Speed,771,981.5
Engine_Speed,718,982
Engine_Speed,672,982.5
Engine_Speed,657,983
Engine_Speed,680,983.5
Engine_Speed,676,984
Engine_Speed,666,984.5
Engine_Speed,666,985
Engine_Speed,666,985.5
Engine_Speed,664,986
Engine_Speed,668,986.5
Engine_Speed,670,987
Engine_Speed,664,987.5
Engine_Speed,660,988
Engine_Speed,658,988.5
Engine_Speed,675,989
Engine_Speed,666,989.5
Engine_Speed,668,990
Engine_Speed,657,990.5
Engine_Speed,669,991
Engine_Speed,673,991.5
Engine_Speed,669,992
Engine_Speed,669,992.5
Engine_Speed,666,993
Engine_Speed,672,993.5
Engine_Speed,669,994
Engine_Speed,668,994.5
Engine_Speed,669,995
Engine_Speed,665,995.5
Engine_Speed,668,996
Engine_Speed,665,996.5
Engine_Speed,671,997
Engine_Speed,670,997.5
Engine_Speed,666,998
Engine_Speed,667,998.5
Engine_Speed,667,999
Engine_Speed,672,999.5
Engine_Speed,670,1000
Engine_Speed,671,1000.5
Engine_Speed,673,1001
Engine_Speed,666,1001.5
Engine_Speed,670,1002
Engine_Speed,669,1002.5
Engine_Speed,666,1003
Engine_Speed,670,1003.5
Engine_Speed,669,1004
Engine_Speed,669,1004.5
Engine_Speed,666,1005
Engine_Speed,669,1005.5
Engine_Speed,668,1006
Engine_Speed,670,1006.5
Engine_Speed,668,1007
Engine_Speed,667,1007.5
Engine_Speed,670,1008
Engine_Speed,666,1008.5
Engine_Speed,670,1009
Engine_Speed,669,1009.5
