CF_Clu_DrvSeatBeltSw,1,1595998560.956157
CF_Clu_DrvSeatBeltSw,1,1595998561.1608682
CF_Clu_DrvSeatBeltSw,1,1595998561.660645
CF_Clu_DrvSeatBeltSw,1,1595998561.758878
CF_Clu_DrvSeatBeltSw,1,1595998563.0574322
CF_Clu_DrvSeatBeltSw,1,1595998564.257257
CF_Clu_DrvSeatBeltSw,1,1595998567.853497
CF_Clu_DrvSeatBeltSw,1,1595998568.254786
CF_Clu_DrvSeatBeltSw,1,1595998569.749866
CF_Clu_DrvSeatBeltSw,1,1595998570.548509
CF_Clu_DrvSeatBeltSw,0,1595998571.0482078
CF_Clu_DrvSeatBeltSw,0,1595998571.146452
CF_Clu_DrvSeatBeltSw,0,1595998572.145886
CF_Clu_DrvSeatBeltSw,0,1595998572.346637
CF_Clu_DrvSeatBeltSw,0,1595998574.4438288
CF_Clu_DrvSeatBeltSw,0,1595998574.5459788
CF_Clu_DrvSeatBeltSw,0,1595998574.6445189
CF_Clu_DrvSeatBeltSw,0,1595998575.144417
CF_Clu_DrvSeatBeltSw,0,1595998576.04509
CF_Clu_DrvSeatBeltSw,0,1595998577.139172
CF_Clu_DrvSeatBeltSw,0,1595998578.539366
CF_Clu_DrvSeatBeltSw,0,1595998582.9342456
CF_Clu_DrvSeatBeltSw,0,1595998583.2332199
CF_Clu_DrvSeatBeltSw,0,1595998583.835257
CF_Clu_DrvSeatBeltSw,0,1595998585.228286
CF_Clu_DrvSeatBeltSw,0,1595998585.7315571
CF_Clu_DrvSeatBeltSw,0,1595998586.9277132
CF_Clu_DrvSeatBeltSw,0,1595998588.1277518
CF_Clu_DrvSeatBeltSw,0,1595998589.8244698
CF_Clu_DrvSeatBeltSw,0,1595998590.822795
CF_Clu_DrvSeatBeltSw,0,1595998597.4132972
CF_Clu_DrvSeatBeltSw,0,1595998598.0151072
CF_Clu_DrvSeatBeltSw,0,1595998598.314019
CF_Clu_DrvSeatBeltSw,0,1595998599.014389
CF_Clu_DrvSeatBeltSw,0,1595998599.3139598
CF_Clu_DrvSeatBeltSw,0,1595998599.7148118
CF_Clu_DrvSeatBeltSw,0,1595998600.41517
CF_Clu_DrvSeatBeltSw,0,1595998600.914916
CF_Clu_DrvSeatBeltSw,0,1595998602.008893
CF_Clu_DrvSeatBeltSw,0,1595998603.60673
CF_Clu_DrvSeatBeltSw,0,1595998604.1064024
CF_Clu_DrvSeatBeltSw,0,1595998604.707966
CF_Clu_DrvSeatBeltSw,0,1595998607.70211
CF_Clu_DrvSeatBeltSw,0,1595998610.098021
CF_Clu_DrvSeatBeltSw,0,1595998610.200108
CF_Clu_DrvSeatBeltSw,0,1595998610.3971698
CF_Clu_DrvSeatBeltSw,0,1595998614.394217
CF_Clu_DrvSeatBeltSw,0,1595998615.393898
CF_Clu_DrvSeatBeltSw,0,1595998616.790947
CF_Clu_DrvSeatBeltSw,0,1595998617.0935738
CF_Clu_DrvSeatBeltSw,0,1595998618.0888062
CF_Clu_DrvSeatBeltSw,0,1595998621.684791
CF_Clu_DrvSeatBeltSw,0,1595998622.684107
CF_Clu_DrvSeatBeltSw,0,1595998626.878247
CF_Clu_DrvSeatBeltSw,0,1595998628.377219
CF_Clu_DrvSeatBeltSw,0,1595998629.974784
CF_Clu_DrvSeatBeltSw,0,1595998630.175506
CF_Clu_DrvSeatBeltSw,0,1595998630.2739382
CF_Clu_DrvSeatBeltSw,0,1595998633.173802
CF_Clu_DrvSeatBeltSw,0,1595998633.570781
CF_Clu_DrvSeatBeltSw,0,1595998634.7670732
CF_Clu_DrvSeatBeltSw,0,1595998636.7656598
CF_Clu_DrvSeatBeltSw,0,1595998638.2645829
CF_Clu_DrvSeatBeltSw,0,1595998639.5629768
CF_Clu_DrvSeatBeltSw,0,1595998640.263232
CF_Clu_DrvSeatBeltSw,0,1595998640.86133
CF_Clu_DrvSeatBeltSw,0,1595998642.4586759
CF_Clu_DrvSeatBeltSw,0,1595998642.7581599
CF_Clu_DrvSeatBeltSw,0,1595998643.8565369
CF_Clu_DrvSeatBeltSw,0,1595998644.057581
CF_Clu_DrvSeatBeltSw,0,1595998644.855665
CF_Clu_DrvSeatBeltSw,0,1595998646.5545752
CF_Clu_DrvSeatBeltSw,0,1595998646.6532311
CF_Clu_DrvSeatBeltSw,0,1595998647.7545578
CF_Clu_DrvSeatBeltSw,0,1595998649.053013
CF_Clu_DrvSeatBeltSw,0,1595998651.547306
CF_Clu_DrvSeatBeltSw,0,1595998651.9486046
CF_Clu_DrvSeatBeltSw,0,1595998652.448257
CF_Clu_DrvSeatBeltSw,0,1595998653.9438438
CF_Clu_DrvSeatBeltSw,0,1595998654.9466932
CF_Clu_DrvSeatBeltSw,0,1595998655.344161
CF_Clu_DrvSeatBeltSw,0,1595998656.941819
CF_Clu_DrvSeatBeltSw,0,1595998657.445191
CF_Clu_DrvSeatBeltSw,0,1595998658.039399
CF_Clu_DrvSeatBeltSw,0,1595998659.4361448
CF_Clu_DrvSeatBeltSw,0,1595998659.5384262
CF_Clu_DrvSeatBeltSw,0,1595998659.837569
CF_Clu_DrvSeatBeltSw,0,1595998659.935892
CF_Clu_DrvSeatBeltSw,0,1595998662.634697
CF_Clu_DrvSeatBeltSw,0,1595998664.031307
CF_Clu_DrvSeatBeltSw,0,1595998664.1339731
CF_Clu_DrvSeatBeltSw,0,1595998664.735742
CF_Clu_DrvSeatBeltSw,0,1595998664.932416
CF_Clu_DrvSeatBeltSw,0,1595998666.128402
CF_Clu_DrvSeatBeltSw,0,1595998669.3273401
CF_Clu_DrvSeatBeltSw,0,1595998670.9244812
CF_Clu_DrvSeatBeltSw,0,1595998671.6249511
CF_Clu_DrvSeatBeltSw,0,1595998672.5221498
CF_Clu_DrvSeatBeltSw,0,1595998672.6242778
CF_Clu_DrvSeatBeltSw,0,1595998674.222943
CF_Clu_DrvSeatBeltSw,0,1595998674.9180589
CF_Clu_DrvSeatBeltSw,0,1595998676.016056
CF_Clu_DrvSeatBeltSw,0,1595998679.1125212
CF_Clu_DrvSeatBeltSw,0,1595998679.5135381
CF_Clu_DrvSeatBeltSw,0,1595998680.115465
CF_Clu_DrvSeatBeltSw,0,1595998680.8121982
CF_Clu_DrvSeatBeltSw,0,1595998681.512171
CF_Clu_DrvSeatBeltSw,0,1595998682.310859
CF_Clu_DrvSeatBeltSw,0,1595998682.6098726
CF_Clu_DrvSeatBeltSw,0,1595998682.708418
CF_Clu_DrvSeatBeltSw,0,1595998685.006197
CF_Clu_DrvSeatBeltSw,0,1595998685.407264
CF_Clu_DrvSeatBeltSw,0,1595998687.902026
CF_Clu_DrvSeatBeltSw,0,1595998688.8026829
CF_Clu_DrvSeatBeltSw,0,1595998689.204183
CF_Clu_DrvSeatBeltSw,0,1595998689.302398
CF_Clu_DrvSeatBeltSw,0,1595998691.6984398
CF_Clu_DrvSeatBeltSw,0,1595998691.997538
CF_Clu_DrvSeatBeltSw,0,1595998692.595509
CF_Clu_DrvSeatBeltSw,0,1595998692.7962172
CF_Clu_DrvSeatBeltSw,0,1595998693.394602
CF_Clu_DrvSeatBeltSw,0,1595998694.5941439
CF_Clu_DrvSeatBeltSw,0,1595998694.8932538
CF_Clu_DrvSeatBeltSw,0,1595998695.593621
CF_Clu_DrvSeatBeltSw,0,1595998697.691135
CF_Clu_DrvSeatBeltSw,0,1595998697.793042
CF_Clu_DrvSeatBeltSw,0,1595998698.0920892
CF_Clu_DrvSeatBeltSw,0,1595998699.0879312
CF_Clu_DrvSeatBeltSw,0,1595998700.287561
CF_Clu_DrvSeatBeltSw,0,1595998700.488192
CF_Clu_DrvSeatBeltSw,0,1595998700.987749
CF_Clu_DrvSeatBeltSw,0,1595998702.183823
CF_Clu_DrvSeatBeltSw,0,1595998702.585063
CF_Clu_DrvSeatBeltSw,0,1595998704.583808
CF_Clu_DrvSeatBeltSw,0,1595998704.784516
CF_Clu_DrvSeatBeltSw,0,1595998705.083592
CF_Clu_DrvSeatBeltSw,0,1595998706.578521
CF_Clu_DrvSeatBeltSw,0,1595998706.676966
CF_Clu_DrvSeatBeltSw,0,1595998707.7786
CF_Clu_DrvSeatBeltSw,0,1595998708.675731
CF_Clu_DrvSeatBeltSw,0,1595998710.875082
CF_Clu_DrvSeatBeltSw,0,1595998711.174005
CF_Clu_DrvSeatBeltSw,0,1595998712.7724679
CF_Clu_DrvSeatBeltSw,0,1595998713.972609
CF_Clu_DrvSeatBeltSw,0,1595998715.765906
CF_Clu_DrvSeatBeltSw,0,1595998717.6659212
CF_Clu_DrvSeatBeltSw,0,1595998721.7616448
CF_Clu_DrvSeatBeltSw,0,1595998721.96245
CF_Clu_DrvSeatBeltSw,0,1595998722.261766
CF_Clu_DrvSeatBeltSw,0,1595998722.658685
CF_Clu_DrvSeatBeltSw,0,1595998722.8597794
CF_Clu_DrvSeatBeltSw,0,1595998723.5597694
CF_Clu_DrvSeatBeltSw,0,1595998725.1573498
CF_Clu_DrvSeatBeltSw,0,1595998725.7554052
CF_Clu_DrvSeatBeltSw,0,1595998727.451261
CF_Clu_DrvSeatBeltSw,0,1595998727.9547431
CF_Clu_DrvSeatBeltSw,0,1595998728.052861
CF_Clu_DrvSeatBeltSw,0,1595998728.1513972
CF_Clu_DrvSeatBeltSw,0,1595998728.753292
CF_Clu_DrvSeatBeltSw,0,1595998729.351251
CF_Clu_DrvSeatBeltSw,0,1595998730.350633
CF_Clu_DrvSeatBeltSw,0,1595998731.448301
CF_Clu_DrvSeatBeltSw,0,1595998733.446999
CF_Clu_DrvSeatBeltSw,0,1595998735.744737
CF_Clu_DrvSeatBeltSw,0,1595998737.944224
CF_Clu_DrvSeatBeltSw,0,1595998738.1409562
CF_Clu_DrvSeatBeltSw,0,1595998738.6407092
CF_Clu_DrvSeatBeltSw,0,1595998739.636346
CF_Clu_DrvSeatBeltSw,0,1595998741.3356092
CF_Clu_DrvSeatBeltSw,0,1595998741.434243
CF_Clu_DrvSeatBeltSw,0,1595998742.535569
CF_Clu_DrvSeatBeltSw,0,1595998743.133628
CF_Clu_DrvSeatBeltSw,0,1595998743.531317
CF_Clu_DrvSeatBeltSw,0,1595998743.731692
CF_Clu_DrvSeatBeltSw,0,1595998743.9324758
CF_Clu_DrvSeatBeltSw,0,1595998744.0309172
CF_Clu_DrvSeatBeltSw,0,1595998744.7313368
CF_Clu_DrvSeatBeltSw,0,1595998745.829234
CF_Clu_DrvSeatBeltSw,0,1595998746.533082
CF_Clu_DrvSeatBeltSw,0,1595998746.926678
CF_Clu_DrvSeatBeltSw,0,1595998747.127502
CF_Clu_DrvSeatBeltSw,0,1595998747.7290099
CF_Clu_DrvSeatBeltSw,0,1595998750.125231
CF_Clu_DrvSeatBeltSw,0,1595998758.2143722
CF_Clu_DrvSeatBeltSw,0,1595998758.513505
CF_Clu_DrvSeatBeltSw,0,1595998759.4143698
CF_Clu_DrvSeatBeltSw,0,1595998762.211992
CF_Clu_DrvSeatBeltSw,0,1595998762.6091242
CF_Clu_DrvSeatBeltSw,0,1595998763.006885
CF_Clu_DrvSeatBeltSw,0,1595998764.0064259
CF_Clu_DrvSeatBeltSw,0,1595998765.005834
CF_Clu_DrvSeatBeltSw,0,1595998768.101747
CF_Clu_DrvSeatBeltSw,0,1595998768.704021
CF_Clu_DrvSeatBeltSw,0,1595998768.802181
CF_Clu_DrvSeatBeltSw,0,1595998769.6996968
CF_Clu_DrvSeatBeltSw,0,1595998769.801399
CF_Clu_DrvSeatBeltSw,0,1595998770.301028
CF_Clu_DrvSeatBeltSw,0,1595998770.501832
CF_Clu_DrvSeatBeltSw,0,1595998771.4974554
CF_Clu_DrvSeatBeltSw,0,1595998771.898572
CF_Clu_DrvSeatBeltSw,0,1595998772.3981938
CF_Clu_DrvSeatBeltSw,0,1595998773.295207
CF_Clu_DrvSeatBeltSw,0,1595998773.79493
CF_Clu_DrvSeatBeltSw,0,1595998774.89279
CF_Clu_DrvSeatBeltSw,0,1595998776.493953
CF_Clu_DrvSeatBeltSw,0,1595998781.986579
CF_Clu_DrvSeatBeltSw,0,1595998782.285426
CF_Clu_DrvSeatBeltSw,0,1595998787.081716
CF_Clu_DrvSeatBeltSw,0,1595998787.67591
CF_Clu_DrvSeatBeltSw,0,1595998788.3799038
CF_Clu_DrvSeatBeltSw,0,1595998790.3749306
CF_Clu_DrvSeatBeltSw,0,1595998791.3742552
CF_Clu_DrvSeatBeltSw,0,1595998791.972124
CF_Clu_DrvSeatBeltSw,0,1595998792.6726544
CF_Clu_DrvSeatBeltSw,0,1595998794.470772
CF_Clu_DrvSeatBeltSw,0,1595998794.769561
CF_Clu_DrvSeatBeltSw,0,1595998797.067178
CF_Clu_DrvSeatBeltSw,0,1595998798.5626311
CF_Clu_DrvSeatBeltSw,0,1595998802.859055
CF_Clu_DrvSeatBeltSw,0,1595998803.157741
CF_Clu_DrvSeatBeltSw,0,1595998804.6568398
CF_Clu_DrvSeatBeltSw,0,1595998806.954734
CF_Clu_DrvSeatBeltSw,0,1595998808.15454
CF_Clu_DrvSeatBeltSw,0,1595998808.5520296
CF_Clu_DrvSeatBeltSw,0,1595998809.350585
CF_Clu_DrvSeatBeltSw,0,1595998809.4494529
CF_Clu_DrvSeatBeltSw,0,1595998809.949069
CF_Clu_DrvSeatBeltSw,0,1595998812.0460546
CF_Clu_DrvSeatBeltSw,0,1595998815.043745
CF_Clu_DrvSeatBeltSw,0,1595998816.4408572
CF_Clu_DrvSeatBeltSw,0,1595998817.0424352
CF_Clu_DrvSeatBeltSw,0,1595998818.140217
CF_Clu_DrvSeatBeltSw,0,1595998818.242569
CF_Clu_DrvSeatBeltSw,0,1595998819.237803
CF_Clu_DrvSeatBeltSw,0,1595998820.336421
CF_Clu_DrvSeatBeltSw,0,1595998821.134208
CF_Clu_DrvSeatBeltSw,0,1595998822.1336489
CF_Clu_DrvSeatBeltSw,0,1595998823.931672
CF_Clu_DrvSeatBeltSw,0,1595998824.9309971
CF_Clu_DrvSeatBeltSw,0,1595998825.7337039
CF_Clu_DrvSeatBeltSw,0,1595998827.429309
CF_Clu_DrvSeatBeltSw,0,1595998828.62955
CF_Clu_DrvSeatBeltSw,0,1595998829.624865
CF_Clu_DrvSeatBeltSw,0,1595998829.723518
CF_Clu_DrvSeatBeltSw,0,1595998830.824878
CF_Clu_DrvSeatBeltSw,0,1595998832.7213054
CF_Clu_DrvSeatBeltSw,0,1595998832.9219544
CF_Clu_DrvSeatBeltSw,0,1595998833.4217632
CF_Clu_DrvSeatBeltSw,0,1595998834.621686
CF_Clu_DrvSeatBeltSw,0,1595998835.519636
CF_Clu_DrvSeatBeltSw,0,1595998836.317325
CF_Clu_DrvSeatBeltSw,0,1595998837.7145169
CF_Clu_DrvSeatBeltSw,0,1595998839.213077
CF_Clu_DrvSeatBeltSw,0,1595998842.911508
CF_Clu_DrvSeatBeltSw,0,1595998843.5094259
CF_Clu_DrvSeatBeltSw,0,1595998845.004926
CF_Clu_DrvSeatBeltSw,0,1595998845.8037682
CF_Clu_DrvSeatBeltSw,0,1595998848.002856
CF_Clu_DrvSeatBeltSw,0,1595998848.301832
CF_Clu_DrvSeatBeltSw,0,1595998849.3011148
CF_Clu_DrvSeatBeltSw,0,1595998851.897826
CF_Clu_DrvSeatBeltSw,0,1595998853.99487
CF_Clu_DrvSeatBeltSw,0,1595998854.293925
CF_Clu_DrvSeatBeltSw,0,1595998854.5934124
CF_Clu_DrvSeatBeltSw,0,1595998855.895199
CF_Clu_DrvSeatBeltSw,0,1595998857.488996
CF_Clu_DrvSeatBeltSw,0,1595998860.3885438
CF_Clu_DrvSeatBeltSw,0,1595998861.985909
CF_Clu_DrvSeatBeltSw,0,1595998862.68628
CF_Clu_DrvSeatBeltSw,0,1595998864.0827641
CF_Clu_DrvSeatBeltSw,0,1595998864.681218
CF_Clu_DrvSeatBeltSw,0,1595998867.277867
CF_Clu_DrvSeatBeltSw,0,1595998869.374947
CF_Clu_DrvSeatBeltSw,0,1595998869.575288
CF_Clu_DrvSeatBeltSw,0,1595998870.574611
CF_Clu_DrvSeatBeltSw,0,1595998871.0743961
CF_Clu_DrvSeatBeltSw,0,1595998874.469944
CF_Clu_DrvSeatBeltSw,0,1595998879.561283
CF_Clu_DrvSeatBeltSw,0,1595998880.162997
CF_Clu_DrvSeatBeltSw,0,1595998881.65841
CF_Clu_DrvSeatBeltSw,0,1595998881.7603712
CF_Clu_DrvSeatBeltSw,0,1595998882.657682
CF_Clu_DrvSeatBeltSw,0,1595998886.253514
CF_Clu_DrvSeatBeltSw,0,1595998886.7535288
CF_Clu_DrvSeatBeltSw,0,1595998887.0532136
CF_Clu_DrvSeatBeltSw,0,1595998887.253155
CF_Clu_DrvSeatBeltSw,0,1595998890.0503118
CF_Clu_DrvSeatBeltSw,0,1595998890.148535
CF_Clu_DrvSeatBeltSw,0,1595998891.250348
CF_Clu_DrvSeatBeltSw,0,1595998891.94716
CF_Clu_DrvSeatBeltSw,0,1595998892.147244
CF_Clu_DrvSeatBeltSw,0,1595998892.7452989
CF_Clu_DrvSeatBeltSw,0,1595998897.439501
CF_Clu_DrvSeatBeltSw,0,1595998897.6398098
CF_Clu_DrvSeatBeltSw,0,1595998897.738462
CF_Clu_DrvSeatBeltSw,0,1595998898.0411024
CF_Clu_DrvSeatBeltSw,0,1595998900.43725
CF_Clu_DrvSeatBeltSw,0,1595998901.035525
CF_Clu_DrvSeatBeltSw,0,1595998901.334958
CF_Clu_DrvSeatBeltSw,0,1595998904.532935
CF_Clu_DrvSeatBeltSw,0,1595998905.433985
CF_Clu_DrvSeatBeltSw,0,1595998906.429321
CF_Clu_DrvSeatBeltSw,0,1595998909.624575
CF_Clu_DrvSeatBeltSw,0,1595998911.323861
CF_Clu_DrvSeatBeltSw,0,1595998911.922274
CF_Clu_DrvSeatBeltSw,0,1595998912.921207
CF_Clu_DrvSeatBeltSw,0,1595998913.0204608
CF_Clu_DrvSeatBeltSw,0,1595998914.219579
CF_Clu_DrvSeatBeltSw,0,1595998914.719476
CF_Clu_DrvSeatBeltSw,0,1595998916.718194
CF_Clu_DrvSeatBeltSw,0,1595998917.316034
CF_Clu_DrvSeatBeltSw,0,1595998918.8113556
CF_Clu_DrvSeatBeltSw,0,1595998919.314734
CF_Clu_DrvSeatBeltSw,0,1595998922.1084812
CF_Clu_DrvSeatBeltSw,0,1595998923.308531
CF_Clu_DrvSeatBeltSw,0,1595998924.9055748
CF_Clu_DrvSeatBeltSw,0,1595998929.3990269
CF_Clu_DrvSeatBeltSw,0,1595998931.2991211
CF_Clu_DrvSeatBeltSw,0,1595998935.2925274
CF_Clu_DrvSeatBeltSw,0,1595998935.391178
CF_Clu_DrvSeatBeltSw,0,1595998936.8900046
CF_Clu_DrvSeatBeltSw,0,1595998937.987967
CF_Clu_DrvSeatBeltSw,0,1595998938.7866561
CF_Clu_DrvSeatBeltSw,0,1595998939.687284
CF_Clu_DrvSeatBeltSw,0,1595998940.1877172
CF_Clu_DrvSeatBeltSw,0,1595998941.485635
CF_Clu_DrvSeatBeltSw,0,1595998943.6811461
CF_Clu_DrvSeatBeltSw,0,1595998944.983285
CF_Clu_DrvSeatBeltSw,0,1595998945.179896
CF_Clu_DrvSeatBeltSw,0,1595998945.282091
CF_Clu_DrvSeatBeltSw,0,1595998946.4785204
CF_Clu_DrvSeatBeltSw,0,1595998947.3792589
CF_Clu_DrvSeatBeltSw,0,1595998947.776905
CF_Clu_DrvSeatBeltSw,0,1595998947.878952
CF_Clu_DrvSeatBeltSw,0,1595998948.280258
CF_Clu_DrvSeatBeltSw,0,1595998949.975884
CF_Clu_DrvSeatBeltSw,0,1595998953.670347
CF_Clu_DrvSeatBeltSw,0,1595998954.3707461
CF_Clu_DrvSeatBeltSw,0,1595998956.865176
CF_Clu_DrvSeatBeltSw,0,1595998957.463875
CF_Clu_DrvSeatBeltSw,0,1595998958.265908
CF_Clu_DrvSeatBeltSw,0,1595998959.662608
CF_Clu_DrvSeatBeltSw,0,1595998960.362944
CF_Clu_DrvSeatBeltSw,0,1595998961.059621
CF_Clu_DrvSeatBeltSw,0,1595998961.3587034
CF_Clu_DrvSeatBeltSw,0,1595998962.2592616
CF_Clu_DrvSeatBeltSw,0,1595998962.5583231
CF_Clu_DrvSeatBeltSw,0,1595998963.0581286
CF_Clu_DrvSeatBeltSw,0,1595998963.7584152
CF_Clu_DrvSeatBeltSw,0,1595998965.05295
CF_Clu_DrvSeatBeltSw,0,1595998965.155015
CF_Clu_DrvSeatBeltSw,0,1595998966.8549812
CF_Clu_DrvSeatBeltSw,0,1595998971.646942
CF_Clu_DrvSeatBeltSw,0,1595998973.846347
CF_Clu_DrvSeatBeltSw,0,1595998975.5420618
CF_Clu_DrvSeatBeltSw,0,1595998977.340425
CF_Clu_DrvSeatBeltSw,0,1595998978.3394382
CF_Clu_DrvSeatBeltSw,0,1595998978.5399911
CF_Clu_DrvSeatBeltSw,0,1595998979.1381721
CF_Clu_DrvSeatBeltSw,0,1595998980.33811
CF_Clu_DrvSeatBeltSw,0,1595998980.6372216
CF_Clu_DrvSeatBeltSw,0,1595998983.3324609
CF_Clu_DrvSeatBeltSw,0,1595998983.831897
CF_Clu_DrvSeatBeltSw,0,1595998985.031918
CF_Clu_DrvSeatBeltSw,0,1595998986.5275366
CF_Clu_DrvSeatBeltSw,0,1595998988.726819
CF_Clu_DrvSeatBeltSw,0,1595998989.4266741
CF_Clu_DrvSeatBeltSw,0,1595998989.824068
CF_Clu_DrvSeatBeltSw,0,1595998993.518935
CF_Clu_DrvSeatBeltSw,0,1595998995.0178726
CF_Clu_DrvSeatBeltSw,0,1595998996.4184132
CF_Clu_DrvSeatBeltSw,0,1595998996.517129
CF_Clu_DrvSeatBeltSw,0,1595998996.6189868
CF_Clu_DrvSeatBeltSw,0,1595998998.0156062
CF_Clu_DrvSeatBeltSw,0,1595998998.515418
CF_Clu_DrvSeatBeltSw,0,1595998998.7123454
CF_Clu_DrvSeatBeltSw,0,1595998998.913044
CF_Clu_DrvSeatBeltSw,0,1595999000.211102
CF_Clu_DrvSeatBeltSw,0,1595999001.309333
CF_Clu_DrvSeatBeltSw,0,1595999001.910836
CF_Clu_DrvSeatBeltSw,0,1595999002.009168
CF_Clu_DrvSeatBeltSw,0,1595999002.508791
CF_Clu_DrvSeatBeltSw,0,1595999002.709436
CF_Clu_DrvSeatBeltSw,0,1595999002.910082
CF_Clu_DrvSeatBeltSw,0,1595999004.307154
CF_Clu_DrvSeatBeltSw,0,1595999008.202154
CF_Clu_DrvSeatBeltSw,0,1595999009.002028
CF_Clu_DrvSeatBeltSw,0,1595999009.402094
CF_Clu_DrvSeatBeltSw,0,1595999009.799608
CF_Clu_DrvSeatBeltSw,0,1595999011.196374
CF_Clu_DrvSeatBeltSw,0,1595999011.499072
CF_Clu_DrvSeatBeltSw,0,1595999011.896755
CF_Clu_DrvSeatBeltSw,0,1595999012.4984431
CF_Clu_DrvSeatBeltSw,0,1595999012.896183
CF_Clu_DrvSeatBeltSw,0,1595999013.79314
CF_Clu_DrvSeatBeltSw,0,1595999014.693816
CF_Clu_DrvSeatBeltSw,0,1595999015.5911946
CF_Clu_DrvSeatBeltSw,0,1595999017.9909034
CF_Clu_DrvSeatBeltSw,0,1595999018.089205
CF_Clu_DrvSeatBeltSw,0,1595999018.8879614
CF_Clu_DrvSeatBeltSw,0,1595999020.686374
CF_Clu_DrvSeatBeltSw,0,1595999022.283646
CF_Clu_DrvSeatBeltSw,0,1595999022.382556
CF_Clu_DrvSeatBeltSw,0,1595999022.88543
CF_Clu_DrvSeatBeltSw,0,1595999024.880202
CF_Clu_DrvSeatBeltSw,0,1595999025.379794
CF_Clu_DrvSeatBeltSw,0,1595999025.6794288
CF_Clu_DrvSeatBeltSw,0,1595999027.677626
CF_Clu_DrvSeatBeltSw,0,1595999028.9762502
CF_Clu_DrvSeatBeltSw,0,1595999029.078351
CF_Clu_DrvSeatBeltSw,0,1595999031.2736518
CF_Clu_DrvSeatBeltSw,0,1595999031.773279
CF_Clu_DrvSeatBeltSw,0,1595999032.470062
CF_Clu_DrvSeatBeltSw,0,1595999033.2688
CF_Clu_DrvSeatBeltSw,0,1595999033.4693232
CF_Clu_DrvSeatBeltSw,0,1595999034.169423
CF_Clu_DrvSeatBeltSw,0,1595999035.869343
CF_Clu_DrvSeatBeltSw,0,1595999035.9675019
CF_Clu_DrvSeatBeltSw,0,1595999036.0668929
CF_Clu_DrvSeatBeltSw,0,1595999036.667795
CF_Clu_DrvSeatBeltSw,0,1595999037.066165
CF_Clu_DrvSeatBeltSw,0,1595999037.864227
CF_Clu_DrvSeatBeltSw,0,1595999038.363491
CF_Clu_DrvSeatBeltSw,0,1595999040.161556
CF_Clu_DrvSeatBeltSw,0,1595999040.460971
CF_Clu_DrvSeatBeltSw,0,1595999040.6612618
CF_Clu_DrvSeatBeltSw,0,1595999040.861923
CF_Clu_DrvSeatBeltSw,0,1595999043.258032
CF_Clu_DrvSeatBeltSw,0,1595999044.155332
CF_Clu_DrvSeatBeltSw,0,1595999044.257324
CF_Clu_DrvSeatBeltSw,0,1595999045.1583369
CF_Clu_DrvSeatBeltSw,0,1595999045.7563481
CF_Clu_DrvSeatBeltSw,0,1595999046.453253
CF_Clu_DrvSeatBeltSw,0,1595999047.1531782
CF_Clu_DrvSeatBeltSw,0,1595999049.151906
CF_Clu_DrvSeatBeltSw,0,1595999050.049286
CF_Clu_DrvSeatBeltSw,0,1595999050.34796
CF_Clu_DrvSeatBeltSw,0,1595999050.6468132
CF_Clu_DrvSeatBeltSw,0,1595999050.7495232
CF_Clu_DrvSeatBeltSw,0,1595999052.0476131
CF_Clu_DrvSeatBeltSw,0,1595999052.1500218
CF_Clu_DrvSeatBeltSw,0,1595999052.449176
CF_Clu_DrvSeatBeltSw,0,1595999052.945128
CF_Clu_DrvSeatBeltSw,0,1595999053.5428169
CF_Clu_DrvSeatBeltSw,0,1595999056.6429274
CF_Clu_DrvSeatBeltSw,0,1595999058.3386838
CF_Clu_DrvSeatBeltSw,0,1595999058.437387
CF_Clu_DrvSeatBeltSw,0,1595999058.6383226
CF_Clu_DrvSeatBeltSw,0,1595999059.837825
CF_Clu_DrvSeatBeltSw,0,1595999061.1361089
CF_Clu_DrvSeatBeltSw,0,1595999063.3326962
CF_Clu_DrvSeatBeltSw,0,1595999064.2328286
CF_Clu_DrvSeatBeltSw,0,1595999064.6302028
CF_Clu_DrvSeatBeltSw,0,1595999065.228199
CF_Clu_DrvSeatBeltSw,0,1595999065.4289849
CF_Clu_DrvSeatBeltSw,0,1595999066.030678
CF_Clu_DrvSeatBeltSw,0,1595999067.628059
CF_Clu_DrvSeatBeltSw,0,1595999067.726468
CF_Clu_DrvSeatBeltSw,0,1595999068.92645
CF_Clu_DrvSeatBeltSw,0,1595999071.6215308
CF_Clu_DrvSeatBeltSw,0,1595999072.6209311
CF_Clu_DrvSeatBeltSw,0,1595999073.321169
CF_Clu_DrvSeatBeltSw,0,1595999074.71787
CF_Clu_DrvSeatBeltSw,0,1595999074.918625
CF_Clu_DrvSeatBeltSw,0,1595999075.918103
CF_Clu_DrvSeatBeltSw,0,1595999077.0158598
CF_Clu_DrvSeatBeltSw,0,1595999078.313996
CF_Clu_DrvSeatBeltSw,0,1595999078.4127226
CF_Clu_DrvSeatBeltSw,0,1595999080.111994
CF_Clu_DrvSeatBeltSw,0,1595999082.2091448
CF_Clu_DrvSeatBeltSw,0,1595999082.807455
CF_Clu_DrvSeatBeltSw,0,1595999083.208492
CF_Clu_DrvSeatBeltSw,0,1595999083.708134
CF_Clu_DrvSeatBeltSw,0,1595999085.8051631
CF_Clu_DrvSeatBeltSw,0,1595999085.903626
CF_Clu_DrvSeatBeltSw,0,1595999086.304941
CF_Clu_DrvSeatBeltSw,0,1595999086.702521
CF_Clu_DrvSeatBeltSw,0,1595999087.103551
CF_Clu_DrvSeatBeltSw,0,1595999088.4021142
CF_Clu_DrvSeatBeltSw,0,1595999089.000076
CF_Clu_DrvSeatBeltSw,0,1595999089.7998278
CF_Clu_DrvSeatBeltSw,0,1595999090.5031881
CF_Clu_DrvSeatBeltSw,0,1595999091.699351
CF_Clu_DrvSeatBeltSw,0,1595999093.2964852
CF_Clu_DrvSeatBeltSw,0,1595999093.796066
CF_Clu_DrvSeatBeltSw,0,1595999094.292098
CF_Clu_DrvSeatBeltSw,0,1595999094.3940842
CF_Clu_DrvSeatBeltSw,0,1595999095.1928818
CF_Clu_DrvSeatBeltSw,0,1595999097.8919814
CF_Clu_DrvSeatBeltSw,0,1595999099.288576
CF_Clu_DrvSeatBeltSw,0,1595999102.5828369
CF_Clu_DrvSeatBeltSw,0,1595999104.580703
CF_Clu_DrvSeatBeltSw,0,1595999105.379466
CF_Clu_DrvSeatBeltSw,0,1595999105.67856
CF_Clu_DrvSeatBeltSw,0,1595999106.7806098
CF_Clu_DrvSeatBeltSw,0,1595999107.177165
CF_Clu_DrvSeatBeltSw,0,1595999107.2760189
CF_Clu_DrvSeatBeltSw,0,1595999107.377892
CF_Clu_DrvSeatBeltSw,0,1595999109.8763149
CF_Clu_DrvSeatBeltSw,0,1595999113.6694539
CF_Clu_DrvSeatBeltSw,0,1595999114.0703318
CF_Clu_DrvSeatBeltSw,0,1595999115.967167
CF_Clu_DrvSeatBeltSw,0,1595999116.2659528
CF_Clu_DrvSeatBeltSw,0,1595999117.9660742
CF_Clu_DrvSeatBeltSw,0,1595999118.0640068
CF_Clu_DrvSeatBeltSw,0,1595999118.862653
CF_Clu_DrvSeatBeltSw,0,1595999120.2596679
CF_Clu_DrvSeatBeltSw,0,1595999120.361592
CF_Clu_DrvSeatBeltSw,0,1595999120.5621526
CF_Clu_DrvSeatBeltSw,0,1595999121.0618448
CF_Clu_DrvSeatBeltSw,0,1595999121.6600142
CF_Clu_DrvSeatBeltSw,0,1595999123.1590366
CF_Clu_DrvSeatBeltSw,0,1595999123.55666
CF_Clu_DrvSeatBeltSw,0,1595999123.65871
CF_Clu_DrvSeatBeltSw,0,1595999124.154788
CF_Clu_DrvSeatBeltSw,0,1595999124.7563386
CF_Clu_DrvSeatBeltSw,0,1595999127.750766
CF_Clu_DrvSeatBeltSw,0,1595999128.5495
CF_Clu_DrvSeatBeltSw,0,1595999128.651412
CF_Clu_DrvSeatBeltSw,0,1595999128.950502
CF_Clu_DrvSeatBeltSw,0,1595999130.4496212
CF_Clu_DrvSeatBeltSw,0,1595999132.3463528
CF_Clu_DrvSeatBeltSw,0,1595999133.947658
CF_Clu_DrvSeatBeltSw,0,1595999135.1433911
CF_Clu_DrvSeatBeltSw,0,1595999135.241992
CF_Clu_DrvSeatBeltSw,0,1595999136.64239
CF_Clu_DrvSeatBeltSw,0,1595999136.7407758
CF_Clu_DrvSeatBeltSw,0,1595999138.8377442
CF_Clu_DrvSeatBeltSw,0,1595999139.538092
CF_Clu_DrvSeatBeltSw,0,1595999139.738745
CF_Clu_DrvSeatBeltSw,0,1595999139.936013
CF_Clu_DrvSeatBeltSw,0,1595999141.037087
CF_Clu_DrvSeatBeltSw,0,1595999141.635607
CF_Clu_DrvSeatBeltSw,0,1595999141.734025
CF_Clu_DrvSeatBeltSw,0,1595999142.6346688
CF_Clu_DrvSeatBeltSw,0,1595999143.433273
CF_Clu_DrvSeatBeltSw,0,1595999147.627307
CF_Clu_DrvSeatBeltSw,0,1595999148.6266038
CF_Clu_DrvSeatBeltSw,0,1595999148.72551
CF_Clu_DrvSeatBeltSw,0,1595999149.5241
CF_Clu_DrvSeatBeltSw,0,1595999149.626154
CF_Clu_DrvSeatBeltSw,0,1595999152.2227762
CF_Clu_DrvSeatBeltSw,0,1595999152.521782
CF_Clu_DrvSeatBeltSw,0,1595999152.8208158
CF_Clu_DrvSeatBeltSw,0,1595999155.818948
CF_Clu_DrvSeatBeltSw,0,1595999156.1180758
CF_Clu_DrvSeatBeltSw,0,1595999157.617026
CF_Clu_DrvSeatBeltSw,0,1595999159.411314
CF_Clu_DrvSeatBeltSw,0,1595999160.4103944
CF_Clu_DrvSeatBeltSw,0,1595999161.0089571
CF_Clu_DrvSeatBeltSw,0,1595999161.811017
CF_Clu_DrvSeatBeltSw,0,1595999163.1094544
CF_Clu_DrvSeatBeltSw,0,1595999165.1082704
CF_Clu_DrvSeatBeltSw,0,1595999165.305269
CF_Clu_DrvSeatBeltSw,0,1595999166.205991
CF_Clu_DrvSeatBeltSw,0,1595999167.004558
CF_Clu_DrvSeatBeltSw,0,1595999167.1029801
CF_Clu_DrvSeatBeltSw,0,1595999167.2018971
CF_Clu_DrvSeatBeltSw,0,1595999167.303623
CF_Clu_DrvSeatBeltSw,0,1595999167.701234
CF_Clu_DrvSeatBeltSw,0,1595999169.4990046
CF_Clu_DrvSeatBeltSw,0,1595999170.899678
CF_Clu_DrvSeatBeltSw,0,1595999170.998035
CF_Clu_DrvSeatBeltSw,0,1595999171.198727
CF_Clu_DrvSeatBeltSw,0,1595999172.497282
CF_Clu_DrvSeatBeltSw,0,1595999173.49665
CF_Clu_DrvSeatBeltSw,0,1595999174.7947538
CF_Clu_DrvSeatBeltSw,0,1595999175.790522
CF_Clu_DrvSeatBeltSw,0,1595999179.586889
CF_Clu_DrvSeatBeltSw,0,1595999179.984937
CF_Clu_DrvSeatBeltSw,0,1595999181.786259
CF_Clu_DrvSeatBeltSw,0,1595999182.781878
CF_Clu_DrvSeatBeltSw,0,1595999183.383714
CF_Clu_DrvSeatBeltSw,0,1595999183.781226
CF_Clu_DrvSeatBeltSw,0,1595999186.078976
CF_Clu_DrvSeatBeltSw,0,1595999186.5785432
CF_Clu_DrvSeatBeltSw,0,1595999187.176899
CF_Clu_DrvSeatBeltSw,0,1595999188.274643
CF_Clu_DrvSeatBeltSw,0,1595999189.2739391
CF_Clu_DrvSeatBeltSw,0,1595999189.474326
CF_Clu_DrvSeatBeltSw,0,1595999190.7766519
CF_Clu_DrvSeatBeltSw,0,1595999191.17397
CF_Clu_DrvSeatBeltSw,0,1595999192.7713568
CF_Clu_DrvSeatBeltSw,0,1595999193.770654
CF_Clu_DrvSeatBeltSw,0,1595999193.967756
CF_Clu_DrvSeatBeltSw,0,1595999194.069653
CF_Clu_DrvSeatBeltSw,0,1595999194.471025
CF_Clu_DrvSeatBeltSw,0,1595999194.967008
CF_Clu_DrvSeatBeltSw,0,1595999196.66662
CF_Clu_DrvSeatBeltSw,0,1595999196.7653491
CF_Clu_DrvSeatBeltSw,0,1595999196.9654481
CF_Clu_DrvSeatBeltSw,0,1595999198.2644658
CF_Clu_DrvSeatBeltSw,0,1595999198.8628569
CF_Clu_DrvSeatBeltSw,0,1595999200.459543
CF_Clu_DrvSeatBeltSw,0,1595999202.9578106
CF_Clu_DrvSeatBeltSw,0,1595999203.358922
CF_Clu_DrvSeatBeltSw,0,1595999204.555416
CF_Clu_DrvSeatBeltSw,0,1595999209.548258
CF_Clu_DrvSeatBeltSw,0,1595999211.0471098
CF_Clu_DrvSeatBeltSw,0,1595999212.8457348
CF_Clu_DrvSeatBeltSw,0,1595999213.9469562
CF_Clu_DrvSeatBeltSw,0,1595999214.6433456
CF_Clu_DrvSeatBeltSw,0,1595999216.44111
CF_Clu_DrvSeatBeltSw,0,1595999216.842416
CF_Clu_DrvSeatBeltSw,0,1595999217.039349
CF_Clu_DrvSeatBeltSw,0,1595999218.738781
CF_Clu_DrvSeatBeltSw,0,1595999219.23842
CF_Clu_DrvSeatBeltSw,0,1595999220.2341301
CF_Clu_DrvSeatBeltSw,0,1595999222.334989
CF_Clu_DrvSeatBeltSw,0,1595999225.431751
CF_Clu_DrvSeatBeltSw,0,1595999226.128022
CF_Clu_DrvSeatBeltSw,0,1595999226.3288589
CF_Clu_DrvSeatBeltSw,0,1595999227.1269732
CF_Clu_DrvSeatBeltSw,0,1595999227.225667
CF_Clu_DrvSeatBeltSw,0,1595999227.426496
CF_Clu_DrvSeatBeltSw,0,1595999228.12643
CF_Clu_DrvSeatBeltSw,0,1595999228.4254868
CF_Clu_DrvSeatBeltSw,0,1595999229.1257114
CF_Clu_DrvSeatBeltSw,0,1595999229.3263738
CF_Clu_DrvSeatBeltSw,0,1595999229.8260472
CF_Clu_DrvSeatBeltSw,0,1595999232.120159
CF_Clu_DrvSeatBeltSw,0,1595999232.6194
CF_Clu_DrvSeatBeltSw,0,1595999233.6192052
CF_Clu_DrvSeatBeltSw,0,1595999234.9177148
CF_Clu_DrvSeatBeltSw,0,1595999235.716223
CF_Clu_DrvSeatBeltSw,0,1595999238.0146089
CF_Clu_DrvSeatBeltSw,0,1595999238.9147992
CF_Clu_DrvSeatBeltSw,0,1595999240.2094052
CF_Clu_DrvSeatBeltSw,0,1595999240.410059
CF_Clu_DrvSeatBeltSw,0,1595999241.511644
CF_Clu_DrvSeatBeltSw,0,1595999241.8104188
CF_Clu_DrvSeatBeltSw,0,1595999242.3100438
CF_Clu_DrvSeatBeltSw,0,1595999243.506651
CF_Clu_DrvSeatBeltSw,0,1595999245.2061946
CF_Clu_DrvSeatBeltSw,0,1595999245.7055259
CF_Clu_DrvSeatBeltSw,0,1595999246.9055626
CF_Clu_DrvSeatBeltSw,0,1595999247.601887
CF_Clu_DrvSeatBeltSw,0,1595999247.700557
CF_Clu_DrvSeatBeltSw,0,1595999247.999983
CF_Clu_DrvSeatBeltSw,0,1595999249.998121
CF_Clu_DrvSeatBeltSw,0,1595999250.497786
CF_Clu_DrvSeatBeltSw,0,1595999250.899014
CF_Clu_DrvSeatBeltSw,0,1595999251.198004
CF_Clu_DrvSeatBeltSw,0,1595999252.1937
CF_Clu_DrvSeatBeltSw,0,1595999252.39483
CF_Clu_DrvSeatBeltSw,0,1595999252.496557
CF_Clu_DrvSeatBeltSw,0,1595999252.9963539
CF_Clu_DrvSeatBeltSw,0,1595999253.393951
CF_Clu_DrvSeatBeltSw,0,1595999253.6928554
CF_Clu_DrvSeatBeltSw,0,1595999255.3921711
CF_Clu_DrvSeatBeltSw,0,1595999257.6900294
CF_Clu_DrvSeatBeltSw,0,1595999258.689196
CF_Clu_DrvSeatBeltSw,0,1595999259.88572
CF_Clu_DrvSeatBeltSw,0,1595999260.4872034
CF_Clu_DrvSeatBeltSw,0,1595999260.786348
CF_Clu_DrvSeatBeltSw,0,1595999261.486636
CF_Clu_DrvSeatBeltSw,0,1595999261.584984
CF_Clu_DrvSeatBeltSw,0,1595999261.785644
CF_Clu_DrvSeatBeltSw,0,1595999262.584478
CF_Clu_DrvSeatBeltSw,0,1595999265.283406
CF_Clu_DrvSeatBeltSw,0,1595999266.9794161
CF_Clu_DrvSeatBeltSw,0,1595999267.077816
CF_Clu_DrvSeatBeltSw,0,1595999268.576564
CF_Clu_DrvSeatBeltSw,0,1595999268.9745991
CF_Clu_DrvSeatBeltSw,0,1595999269.6742778
CF_Clu_DrvSeatBeltSw,0,1595999269.97371
CF_Clu_DrvSeatBeltSw,0,1595999270.673719
CF_Clu_DrvSeatBeltSw,0,1595999271.673
CF_Clu_DrvSeatBeltSw,0,1595999272.770567
CF_Clu_DrvSeatBeltSw,0,1595999273.4709454
CF_Clu_DrvSeatBeltSw,0,1595999274.5686982
CF_Clu_DrvSeatBeltSw,0,1595999275.0684268
CF_Clu_DrvSeatBeltSw,0,1595999275.167095
CF_Clu_DrvSeatBeltSw,0,1595999276.9652274
CF_Clu_DrvSeatBeltSw,0,1595999278.063041
CF_Clu_DrvSeatBeltSw,0,1595999279.66049
CF_Clu_DrvSeatBeltSw,0,1595999281.56044
CF_Clu_DrvSeatBeltSw,0,1595999282.257086
CF_Clu_DrvSeatBeltSw,0,1595999282.5561302
CF_Clu_DrvSeatBeltSw,0,1595999283.956359
CF_Clu_DrvSeatBeltSw,0,1595999284.357609
CF_Clu_DrvSeatBeltSw,0,1595999286.553169
CF_Clu_DrvSeatBeltSw,0,1595999286.754087
CF_Clu_DrvSeatBeltSw,0,1595999288.351115
CF_Clu_DrvSeatBeltSw,0,1595999288.551751
CF_Clu_DrvSeatBeltSw,0,1595999288.8509572
CF_Clu_DrvSeatBeltSw,0,1595999289.550986
CF_Clu_DrvSeatBeltSw,0,1595999289.9485726
CF_Clu_DrvSeatBeltSw,0,1595999290.248074
CF_Clu_DrvSeatBeltSw,0,1595999291.14849
CF_Clu_DrvSeatBeltSw,0,1595999291.9473221
CF_Clu_DrvSeatBeltSw,0,1595999293.9424052
CF_Clu_DrvSeatBeltSw,0,1595999294.5442288
CF_Clu_DrvSeatBeltSw,0,1595999295.940728
CF_Clu_DrvSeatBeltSw,0,1595999296.042961
CF_Clu_DrvSeatBeltSw,0,1595999296.14134
CF_Clu_DrvSeatBeltSw,0,1595999296.440754
CF_Clu_DrvSeatBeltSw,0,1595999296.641143
CF_Clu_DrvSeatBeltSw,0,1595999297.042371
CF_Clu_DrvSeatBeltSw,0,1595999297.640817
CF_Clu_DrvSeatBeltSw,0,1595999298.140018
CF_Clu_DrvSeatBeltSw,0,1595999299.135911
CF_Clu_DrvSeatBeltSw,0,1595999301.633895
CF_Clu_DrvSeatBeltSw,0,1595999302.334259
CF_Clu_DrvSeatBeltSw,0,1595999302.932888
CF_Clu_DrvSeatBeltSw,0,1595999305.030317
CF_Clu_DrvSeatBeltSw,0,1595999306.528582
CF_Clu_DrvSeatBeltSw,0,1595999308.1256552
CF_Clu_DrvSeatBeltSw,0,1595999308.724232
CF_Clu_DrvSeatBeltSw,0,1595999310.5257092
CF_Clu_DrvSeatBeltSw,0,1595999311.820382
CF_Clu_DrvSeatBeltSw,0,1595999312.721129
CF_Clu_DrvSeatBeltSw,0,1595999314.617548
CF_Clu_DrvSeatBeltSw,0,1595999314.9166448
CF_Clu_DrvSeatBeltSw,0,1595999317.0140018
CF_Clu_DrvSeatBeltSw,0,1595999318.512985
CF_Clu_DrvSeatBeltSw,0,1595999318.812554
CF_Clu_DrvSeatBeltSw,0,1595999319.9099011
CF_Clu_DrvSeatBeltSw,0,1595999320.3109708
CF_Clu_DrvSeatBeltSw,0,1595999320.5115454
CF_Clu_DrvSeatBeltSw,0,1595999320.8107939
CF_Clu_DrvSeatBeltSw,0,1595999321.310242
CF_Clu_DrvSeatBeltSw,0,1595999323.505895
CF_Clu_DrvSeatBeltSw,0,1595999323.906848
CF_Clu_DrvSeatBeltSw,0,1595999325.106936
CF_Clu_DrvSeatBeltSw,0,1595999325.303905
CF_Clu_DrvSeatBeltSw,0,1595999326.1063206
CF_Clu_DrvSeatBeltSw,0,1595999327.3062432
CF_Clu_DrvSeatBeltSw,0,1595999329.10434
CF_Clu_DrvSeatBeltSw,0,1595999329.899078
CF_Clu_DrvSeatBeltSw,0,1595999330.497387
CF_Clu_DrvSeatBeltSw,0,1595999330.8986082
CF_Clu_DrvSeatBeltSw,0,1595999333.994936
CF_Clu_DrvSeatBeltSw,0,1595999334.5928712
CF_Clu_DrvSeatBeltSw,0,1595999334.892234
CF_Clu_DrvSeatBeltSw,0,1595999337.787938
CF_Clu_DrvSeatBeltSw,0,1595999339.786315
CF_Clu_DrvSeatBeltSw,0,1595999340.584918
CF_Clu_DrvSeatBeltSw,0,1595999340.683636
CF_Clu_DrvSeatBeltSw,0,1595999341.0846686
CF_Clu_DrvSeatBeltSw,0,1595999341.1834738
CF_Clu_DrvSeatBeltSw,0,1595999344.57875
CF_Clu_DrvSeatBeltSw,0,1595999345.4795034
CF_Clu_DrvSeatBeltSw,0,1595999347.277736
CF_Clu_DrvSeatBeltSw,0,1595999349.272556
CF_Clu_DrvSeatBeltSw,0,1595999349.3746462
CF_Clu_DrvSeatBeltSw,0,1595999350.173236
CF_Clu_DrvSeatBeltSw,0,1595999351.074262
CF_Clu_DrvSeatBeltSw,0,1595999352.569315
CF_Clu_DrvSeatBeltSw,0,1595999352.769969
CF_Clu_DrvSeatBeltSw,0,1595999353.269701
CF_Clu_DrvSeatBeltSw,0,1595999353.569031
CF_Clu_DrvSeatBeltSw,0,1595999354.965933
CF_Clu_DrvSeatBeltSw,0,1595999355.366694
CF_Clu_DrvSeatBeltSw,0,1595999363.357552
CF_Clu_DrvSeatBeltSw,0,1595999364.254997
CF_Clu_DrvSeatBeltSw,0,1595999365.053774
CF_Clu_DrvSeatBeltSw,0,1595999367.3515992
CF_Clu_DrvSeatBeltSw,0,1595999367.851334
CF_Clu_DrvSeatBeltSw,0,1595999367.95312
CF_Clu_DrvSeatBeltSw,0,1595999369.9481444
CF_Clu_DrvSeatBeltSw,0,1595999371.647518
CF_Clu_DrvSeatBeltSw,0,1595999374.342958
CF_Clu_DrvSeatBeltSw,0,1595999375.841897
CF_Clu_DrvSeatBeltSw,0,1595999376.24331
CF_Clu_DrvSeatBeltSw,0,1595999378.1393864
CF_Clu_DrvSeatBeltSw,0,1595999378.438509
CF_Clu_DrvSeatBeltSw,0,1595999380.0360641
CF_Clu_DrvSeatBeltSw,0,1595999380.2363858
CF_Clu_DrvSeatBeltSw,0,1595999381.133745
CF_Clu_DrvSeatBeltSw,0,1595999382.833278
CF_Clu_DrvSeatBeltSw,0,1595999384.233964
CF_Clu_DrvSeatBeltSw,0,1595999386.331002
CF_Clu_DrvSeatBeltSw,0,1595999386.4293358
CF_Clu_DrvSeatBeltSw,0,1595999387.8261552
CF_Clu_DrvSeatBeltSw,0,1595999388.825686
CF_Clu_DrvSeatBeltSw,0,1595999390.2223518
CF_Clu_DrvSeatBeltSw,0,1595999391.92222
CF_Clu_DrvSeatBeltSw,0,1595999392.0241349
CF_Clu_DrvSeatBeltSw,0,1595999393.519168
CF_Clu_DrvSeatBeltSw,0,1595999394.719168
CF_Clu_DrvSeatBeltSw,0,1595999396.61567
CF_Clu_DrvSeatBeltSw,0,1595999396.8162296
CF_Clu_DrvSeatBeltSw,0,1595999399.511644
CF_Clu_DrvSeatBeltSw,0,1595999400.810035
CF_Clu_DrvSeatBeltSw,0,1595999401.408737
CF_Clu_DrvSeatBeltSw,0,1595999401.8094444
CF_Clu_DrvSeatBeltSw,0,1595999402.9068289
CF_Clu_DrvSeatBeltSw,0,1595999403.705756
CF_Clu_DrvSeatBeltSw,0,1595999404.1068108
CF_Clu_DrvSeatBeltSw,0,1595999407.0025768
CF_Clu_DrvSeatBeltSw,0,1595999407.301576
CF_Clu_DrvSeatBeltSw,0,1595999407.502954
CF_Clu_DrvSeatBeltSw,0,1595999409.898676
CF_Clu_DrvSeatBeltSw,0,1595999410.098916
CF_Clu_DrvSeatBeltSw,0,1595999410.598633
CF_Clu_DrvSeatBeltSw,0,1595999413.293772
CF_Clu_DrvSeatBeltSw,0,1595999413.793781
CF_Clu_DrvSeatBeltSw,0,1595999415.092009
CF_Clu_DrvSeatBeltSw,0,1595999415.69029
CF_Clu_DrvSeatBeltSw,0,1595999415.792418
CF_Clu_DrvSeatBeltSw,0,1595999416.889936
CF_Clu_DrvSeatBeltSw,0,1595999421.9849699
CF_Clu_DrvSeatBeltSw,0,1595999422.0836842
CF_Clu_DrvSeatBeltSw,0,1595999422.7836642
CF_Clu_DrvSeatBeltSw,0,1595999423.381674
CF_Clu_DrvSeatBeltSw,0,1595999424.4798439
CF_Clu_DrvSeatBeltSw,0,1595999425.8801868
CF_Clu_DrvSeatBeltSw,0,1595999426.27761
CF_Clu_DrvSeatBeltSw,0,1595999427.17538
CF_Clu_DrvSeatBeltSw,0,1595999427.276905
CF_Clu_DrvSeatBeltSw,0,1595999427.6748302
CF_Clu_DrvSeatBeltSw,0,1595999428.477126
CF_Clu_DrvSeatBeltSw,0,1595999429.173658
CF_Clu_DrvSeatBeltSw,0,1595999429.275779
CF_Clu_DrvSeatBeltSw,0,1595999429.373981
CF_Clu_DrvSeatBeltSw,0,1595999431.070008
CF_Clu_DrvSeatBeltSw,0,1595999432.270132
CF_Clu_DrvSeatBeltSw,0,1595999433.0686321
CF_Clu_DrvSeatBeltSw,0,1595999433.170616
CF_Clu_DrvSeatBeltSw,0,1595999434.0676322
CF_Clu_DrvSeatBeltSw,0,1595999434.866433
CF_Clu_DrvSeatBeltSw,0,1595999434.9686651
CF_Clu_DrvSeatBeltSw,0,1595999435.26769
CF_Clu_DrvSeatBeltSw,0,1595999435.665471
CF_Clu_DrvSeatBeltSw,0,1595999435.7674131
CF_Clu_DrvSeatBeltSw,0,1595999436.2670538
CF_Clu_DrvSeatBeltSw,0,1595999437.96281
CF_Clu_DrvSeatBeltSw,0,1595999439.2615054
CF_Clu_DrvSeatBeltSw,0,1595999440.46138
CF_Clu_DrvSeatBeltSw,0,1595999440.6620948
CF_Clu_DrvSeatBeltSw,0,1595999441.1582248
CF_Clu_DrvSeatBeltSw,0,1595999442.759184
CF_Clu_DrvSeatBeltSw,0,1595999443.8567624
CF_Clu_DrvSeatBeltSw,0,1595999445.2537198
CF_Clu_DrvSeatBeltSw,0,1595999445.3556569
CF_Clu_DrvSeatBeltSw,0,1595999445.556313
CF_Clu_DrvSeatBeltSw,0,1595999446.5517368
CF_Clu_DrvSeatBeltSw,0,1595999446.752432
CF_Clu_DrvSeatBeltSw,0,1595999447.9524422
CF_Clu_DrvSeatBeltSw,0,1595999448.1494849
CF_Clu_DrvSeatBeltSw,0,1595999448.751167
CF_Clu_DrvSeatBeltSw,0,1595999449.050133
CF_Clu_DrvSeatBeltSw,0,1595999450.04947
CF_Clu_DrvSeatBeltSw,0,1595999450.2501726
CF_Clu_DrvSeatBeltSw,0,1595999451.2462249
CF_Clu_DrvSeatBeltSw,0,1595999452.544296
CF_Clu_DrvSeatBeltSw,0,1595999455.24299
CF_Clu_DrvSeatBeltSw,0,1595999456.2425568
CF_Clu_DrvSeatBeltSw,0,1595999456.541559
CF_Clu_DrvSeatBeltSw,0,1595999458.142772
CF_Clu_DrvSeatBeltSw,0,1595999458.835397
CF_Clu_DrvSeatBeltSw,0,1595999459.3351932
CF_Clu_DrvSeatBeltSw,0,1595999462.234539
CF_Clu_DrvSeatBeltSw,0,1595999464.229533
CF_Clu_DrvSeatBeltSw,0,1595999464.5322418
CF_Clu_DrvSeatBeltSw,0,1595999465.6299672
CF_Clu_DrvSeatBeltSw,0,1595999466.3267012
CF_Clu_DrvSeatBeltSw,0,1595999466.9284382
CF_Clu_DrvSeatBeltSw,0,1595999467.424644
CF_Clu_DrvSeatBeltSw,0,1595999468.32533
CF_Clu_DrvSeatBeltSw,0,1595999471.822804
CF_Clu_DrvSeatBeltSw,0,1595999472.0234509
CF_Clu_DrvSeatBeltSw,0,1595999472.322509
CF_Clu_DrvSeatBeltSw,0,1595999472.4213572
CF_Clu_DrvSeatBeltSw,0,1595999472.822132
CF_Clu_DrvSeatBeltSw,0,1595999473.117595
CF_Clu_DrvSeatBeltSw,0,1595999473.91987
CF_Clu_DrvSeatBeltSw,0,1595999475.2182212
CF_Clu_DrvSeatBeltSw,0,1595999475.3205726
CF_Clu_DrvSeatBeltSw,0,1595999475.9151301
CF_Clu_DrvSeatBeltSw,0,1595999476.0168908
CF_Clu_DrvSeatBeltSw,0,1595999476.8156102
CF_Clu_DrvSeatBeltSw,0,1595999477.811289
CF_Clu_DrvSeatBeltSw,0,1595999479.412258
CF_Clu_DrvSeatBeltSw,0,1595999479.6129751
CF_Clu_DrvSeatBeltSw,0,1595999482.3083806
CF_Clu_DrvSeatBeltSw,0,1595999483.606456
CF_Clu_DrvSeatBeltSw,0,1595999483.705151
CF_Clu_DrvSeatBeltSw,0,1595999484.1061351
CF_Clu_DrvSeatBeltSw,0,1595999484.802943
CF_Clu_DrvSeatBeltSw,0,1595999485.904257
CF_Clu_DrvSeatBeltSw,0,1595999486.403855
CF_Clu_DrvSeatBeltSw,0,1595999486.601045
CF_Clu_DrvSeatBeltSw,0,1595999488.40269
CF_Clu_DrvSeatBeltSw,0,1595999488.800298
CF_Clu_DrvSeatBeltSw,0,1595999492.1954072
CF_Clu_DrvSeatBeltSw,0,1595999493.493742
CF_Clu_DrvSeatBeltSw,0,1595999494.493279
CF_Clu_DrvSeatBeltSw,0,1595999495.1901689
CF_Clu_DrvSeatBeltSw,0,1595999495.79172
CF_Clu_DrvSeatBeltSw,0,1595999497.98725
CF_Clu_DrvSeatBeltSw,0,1595999498.887879
CF_Clu_DrvSeatBeltSw,0,1595999499.8872352
CF_Clu_DrvSeatBeltSw,0,1595999501.3828092
CF_Clu_DrvSeatBeltSw,0,1595999502.881343
CF_Clu_DrvSeatBeltSw,0,1595999505.977791
CF_Clu_DrvSeatBeltSw,0,1595999508.975811
CF_Clu_DrvSeatBeltSw,0,1595999509.373398
CF_Clu_DrvSeatBeltSw,0,1595999509.77491
CF_Clu_DrvSeatBeltSw,0,1595999510.970885
CF_Clu_DrvSeatBeltSw,0,1595999511.2700279
CF_Clu_DrvSeatBeltSw,0,1595999511.572649
CF_Clu_DrvSeatBeltSw,0,1595999511.671041
CF_Clu_DrvSeatBeltSw,0,1595999513.071704
CF_Clu_DrvSeatBeltSw,0,1595999514.27184
CF_Clu_DrvSeatBeltSw,0,1595999514.5668216
CF_Clu_DrvSeatBeltSw,0,1595999514.767336
CF_Clu_DrvSeatBeltSw,0,1595999516.463443
CF_Clu_DrvSeatBeltSw,0,1595999520.562927
CF_Clu_DrvSeatBeltSw,0,1595999522.160384
CF_Clu_DrvSeatBeltSw,0,1595999523.258196
CF_Clu_DrvSeatBeltSw,0,1595999524.1550114
CF_Clu_DrvSeatBeltSw,0,1595999524.552683
CF_Clu_DrvSeatBeltSw,0,1595999525.6540241
CF_Clu_DrvSeatBeltSw,0,1595999526.0514429
CF_Clu_DrvSeatBeltSw,0,1595999527.1529868
CF_Clu_DrvSeatBeltSw,0,1595999527.4521556
CF_Clu_DrvSeatBeltSw,0,1595999527.649108
CF_Clu_DrvSeatBeltSw,0,1595999527.849889
CF_Clu_DrvSeatBeltSw,0,1595999532.445122
CF_Clu_DrvSeatBeltSw,0,1595999533.3422759
CF_Clu_DrvSeatBeltSw,0,1595999533.9440858
CF_Clu_DrvSeatBeltSw,0,1595999535.1408231
CF_Clu_DrvSeatBeltSw,0,1595999535.4429598
CF_Clu_DrvSeatBeltSw,0,1595999536.0412328
CF_Clu_DrvSeatBeltSw,0,1595999536.541047
CF_Clu_DrvSeatBeltSw,0,1595999538.2407198
CF_Clu_DrvSeatBeltSw,0,1595999538.535754
CF_Clu_DrvSeatBeltSw,0,1595999539.137449
CF_Clu_DrvSeatBeltSw,0,1595999539.235918
CF_Clu_DrvSeatBeltSw,0,1595999539.6370509
CF_Clu_DrvSeatBeltSw,0,1595999543.331681
CF_Clu_DrvSeatBeltSw,0,1595999544.228838
CF_Clu_DrvSeatBeltSw,0,1595999545.928879
CF_Clu_DrvSeatBeltSw,0,1595999546.125716
CF_Clu_DrvSeatBeltSw,0,1595999546.231348
CF_Clu_DrvSeatBeltSw,0,1595999553.4198189
CF_Clu_DrvSeatBeltSw,0,1595999555.3160439
CF_Clu_DrvSeatBeltSw,0,1595999560.1119962
CF_Clu_DrvSeatBeltSw,0,1595999560.3090172
CF_Clu_DrvSeatBeltSw,0,1595999560.411016
CF_Clu_DrvSeatBeltSw,0,1595999562.008805
CF_Clu_DrvSeatBeltSw,0,1595999562.80745
CF_Clu_DrvSeatBeltSw,0,1595999564.0034866
CF_Clu_DrvSeatBeltSw,0,1595999565.305687
CF_Clu_DrvSeatBeltSw,0,1595999566.3018038
CF_Clu_DrvSeatBeltSw,0,1595999567.599713
CF_Clu_DrvSeatBeltSw,0,1595999568.29988
CF_Clu_DrvSeatBeltSw,0,1595999569.4014199
CF_Clu_DrvSeatBeltSw,0,1595999570.298757
CF_Clu_DrvSeatBeltSw,0,1595999570.89636
CF_Clu_DrvSeatBeltSw,0,1595999572.096386
CF_Clu_DrvSeatBeltSw,0,1595999572.895062
CF_Clu_DrvSeatBeltSw,0,1595999573.6938212
CF_Clu_DrvSeatBeltSw,0,1595999574.4925098
CF_Clu_DrvSeatBeltSw,0,1595999574.693114
CF_Clu_DrvSeatBeltSw,0,1595999575.689337
CF_Clu_DrvSeatBeltSw,0,1595999576.2905982
CF_Clu_DrvSeatBeltSw,0,1595999577.4908051
CF_Clu_DrvSeatBeltSw,0,1595999577.986567
CF_Clu_DrvSeatBeltSw,0,1595999579.3831868
CF_Clu_DrvSeatBeltSw,0,1595999579.784682
CF_Clu_DrvSeatBeltSw,0,1595999580.882302
CF_Clu_DrvSeatBeltSw,0,1595999581.582415
CF_Clu_DrvSeatBeltSw,0,1595999581.6846972
CF_Clu_DrvSeatBeltSw,0,1595999581.9837818
CF_Clu_DrvSeatBeltSw,0,1595999582.9829981
CF_Clu_DrvSeatBeltSw,0,1595999585.0804482
CF_Clu_DrvSeatBeltSw,0,1595999585.3795571
CF_Clu_DrvSeatBeltSw,0,1595999585.579839
CF_Clu_DrvSeatBeltSw,0,1595999586.9766011
CF_Clu_DrvSeatBeltSw,0,1595999587.976023
CF_Clu_DrvSeatBeltSw,0,1595999588.774616
CF_Clu_DrvSeatBeltSw,0,1595999589.672498
CF_Clu_DrvSeatBeltSw,0,1595999590.073239
CF_Clu_DrvSeatBeltSw,0,1595999590.572948
CF_Clu_DrvSeatBeltSw,0,1595999590.6715589
CF_Clu_DrvSeatBeltSw,0,1595999590.970599
CF_Clu_DrvSeatBeltSw,0,1595999593.8697321
CF_Clu_DrvSeatBeltSw,0,1595999595.365214
CF_Clu_DrvSeatBeltSw,0,1595999596.863821
CF_Clu_DrvSeatBeltSw,0,1595999597.363549
CF_Clu_DrvSeatBeltSw,0,1595999598.0637894
CF_Clu_DrvSeatBeltSw,0,1595999598.661814
CF_Clu_DrvSeatBeltSw,0,1595999599.161512
CF_Clu_DrvSeatBeltSw,0,1595999599.460587
CF_Clu_DrvSeatBeltSw,0,1595999600.160914
CF_Clu_DrvSeatBeltSw,0,1595999604.253095
CF_Clu_DrvSeatBeltSw,0,1595999604.953574
CF_Clu_DrvSeatBeltSw,0,1595999605.3543546
CF_Clu_DrvSeatBeltSw,0,1595999605.4527402
CF_Clu_DrvSeatBeltSw,0,1595999606.251424
CF_Clu_DrvSeatBeltSw,0,1595999606.8497071
CF_Clu_DrvSeatBeltSw,0,1595999607.250849
CF_Clu_DrvSeatBeltSw,0,1595999607.54984
CF_Clu_DrvSeatBeltSw,0,1595999610.048557
CF_Clu_DrvSeatBeltSw,0,1595999611.444886
CF_Clu_DrvSeatBeltSw,0,1595999613.742713
CF_Clu_DrvSeatBeltSw,0,1595999614.7419982
CF_Clu_DrvSeatBeltSw,0,1595999615.2416902
CF_Clu_DrvSeatBeltSw,0,1595999615.3400831
CF_Clu_DrvSeatBeltSw,0,1595999617.6417189
CF_Clu_DrvSeatBeltSw,0,1595999618.539777
CF_Clu_DrvSeatBeltSw,0,1595999618.838316
CF_Clu_DrvSeatBeltSw,0,1595999618.936061
CF_Clu_DrvSeatBeltSw,0,1595999621.532855
CF_Clu_DrvSeatBeltSw,0,1595999621.631535
CF_Clu_DrvSeatBeltSw,0,1595999621.8318348
CF_Clu_DrvSeatBeltSw,0,1595999622.03248
CF_Clu_DrvSeatBeltSw,0,1595999624.2283561
CF_Clu_DrvSeatBeltSw,0,1595999625.32599
CF_Clu_DrvSeatBeltSw,0,1595999625.730968
CF_Clu_DrvSeatBeltSw,0,1595999626.2269778
CF_Clu_DrvSeatBeltSw,0,1595999628.4259288
CF_Clu_DrvSeatBeltSw,0,1595999628.524402
CF_Clu_DrvSeatBeltSw,0,1595999629.4221961
CF_Clu_DrvSeatBeltSw,0,1595999630.0235991
CF_Clu_DrvSeatBeltSw,0,1595999631.522677
CF_Clu_DrvSeatBeltSw,0,1595999632.0186222
CF_Clu_DrvSeatBeltSw,0,1595999632.7189918
CF_Clu_DrvSeatBeltSw,0,1595999634.52066
CF_Clu_DrvSeatBeltSw,0,1595999634.717603
CF_Clu_DrvSeatBeltSw,0,1595999635.315325
CF_Clu_DrvSeatBeltSw,0,1595999635.515894
CF_Clu_DrvSeatBeltSw,0,1595999636.91285
CF_Clu_DrvSeatBeltSw,0,1595999637.6129
CF_Clu_DrvSeatBeltSw,0,1595999638.11274
CF_Clu_DrvSeatBeltSw,0,1595999638.7106106
CF_Clu_DrvSeatBeltSw,0,1595999639.410965
CF_Clu_DrvSeatBeltSw,0,1595999639.809046
CF_Clu_DrvSeatBeltSw,0,1595999640.3085382
CF_Clu_DrvSeatBeltSw,0,1595999640.410316
CF_Clu_DrvSeatBeltSw,0,1595999643.3062801
CF_Clu_DrvSeatBeltSw,0,1595999643.605408
CF_Clu_DrvSeatBeltSw,0,1595999645.8009539
CF_Clu_DrvSeatBeltSw,0,1595999647.9014711
CF_Clu_DrvSeatBeltSw,0,1595999649.1016212
CF_Clu_DrvSeatBeltSw,0,1595999649.4991221
CF_Clu_DrvSeatBeltSw,0,1595999651.0962956
CF_Clu_DrvSeatBeltSw,0,1595999651.8949618
CF_Clu_DrvSeatBeltSw,0,1595999652.595424
CF_Clu_DrvSeatBeltSw,0,1595999653.39407
CF_Clu_DrvSeatBeltSw,0,1595999654.3934138
CF_Clu_DrvSeatBeltSw,0,1595999654.8896296
CF_Clu_DrvSeatBeltSw,0,1595999655.6917589
CF_Clu_DrvSeatBeltSw,0,1595999656.7895482
CF_Clu_DrvSeatBeltSw,0,1595999657.7894444
CF_Clu_DrvSeatBeltSw,0,1595999659.4845679
CF_Clu_DrvSeatBeltSw,0,1595999660.3818922
CF_Clu_DrvSeatBeltSw,0,1595999660.9837599
CF_Clu_DrvSeatBeltSw,0,1595999661.6840198
CF_Clu_DrvSeatBeltSw,0,1595999662.282066
CF_Clu_DrvSeatBeltSw,0,1595999662.380694
CF_Clu_DrvSeatBeltSw,0,1595999663.080807
CF_Clu_DrvSeatBeltSw,0,1595999665.07945
CF_Clu_DrvSeatBeltSw,0,1595999666.6770828
CF_Clu_DrvSeatBeltSw,0,1595999668.074191
CF_Clu_DrvSeatBeltSw,0,1595999669.4742339
CF_Clu_DrvSeatBeltSw,0,1595999673.168679
CF_Clu_DrvSeatBeltSw,0,1595999673.6687956
CF_Clu_DrvSeatBeltSw,0,1595999674.6679099
CF_Clu_DrvSeatBeltSw,0,1595999675.265812
CF_Clu_DrvSeatBeltSw,0,1595999675.3646011
CF_Clu_DrvSeatBeltSw,0,1595999676.6628456
CF_Clu_DrvSeatBeltSw,0,1595999677.2643762
CF_Clu_DrvSeatBeltSw,0,1595999677.661752
CF_Clu_DrvSeatBeltSw,0,1595999678.661129
CF_Clu_DrvSeatBeltSw,0,1595999679.4598598
CF_Clu_DrvSeatBeltSw,0,1595999680.058191
CF_Clu_DrvSeatBeltSw,0,1595999681.9587998
CF_Clu_DrvSeatBeltSw,0,1595999682.159014
CF_Clu_DrvSeatBeltSw,0,1595999682.458011
CF_Clu_DrvSeatBeltSw,0,1595999682.658742
CF_Clu_DrvSeatBeltSw,0,1595999684.2524204
CF_Clu_DrvSeatBeltSw,0,1595999685.0510569
CF_Clu_DrvSeatBeltSw,0,1595999687.0498614
CF_Clu_DrvSeatBeltSw,0,1595999687.749814
CF_Clu_DrvSeatBeltSw,0,1595999689.150466
CF_Clu_DrvSeatBeltSw,0,1595999691.644876
CF_Clu_DrvSeatBeltSw,0,1595999692.644194
CF_Clu_DrvSeatBeltSw,0,1595999692.8448632
CF_Clu_DrvSeatBeltSw,0,1595999692.9431849
CF_Clu_DrvSeatBeltSw,0,1595999693.041868
CF_Clu_DrvSeatBeltSw,0,1595999693.1439052
CF_Clu_DrvSeatBeltSw,0,1595999694.540753
CF_Clu_DrvSeatBeltSw,0,1595999695.9412599
CF_Clu_DrvSeatBeltSw,0,1595999696.03966
CF_Clu_DrvSeatBeltSw,0,1595999697.339037
CF_Clu_DrvSeatBeltSw,0,1595999698.538359
CF_Clu_DrvSeatBeltSw,0,1595999699.2386289
CF_Clu_DrvSeatBeltSw,0,1595999700.1354446
CF_Clu_DrvSeatBeltSw,0,1595999700.53284
CF_Clu_DrvSeatBeltSw,0,1595999703.330244
CF_Clu_DrvSeatBeltSw,0,1595999703.42893
CF_Clu_DrvSeatBeltSw,0,1595999704.3296099
CF_Clu_DrvSeatBeltSw,0,1595999705.227084
CF_Clu_DrvSeatBeltSw,0,1595999706.029294
CF_Clu_DrvSeatBeltSw,0,1595999707.9256582
CF_Clu_DrvSeatBeltSw,0,1595999708.2246132
CF_Clu_DrvSeatBeltSw,0,1595999708.724403
CF_Clu_DrvSeatBeltSw,0,1595999710.121469
CF_Clu_DrvSeatBeltSw,0,1595999710.621084
CF_Clu_DrvSeatBeltSw,0,1595999711.120561
CF_Clu_DrvSeatBeltSw,0,1595999711.219318
CF_Clu_DrvSeatBeltSw,0,1595999711.321418
CF_Clu_DrvSeatBeltSw,0,1595999712.017776
CF_Clu_DrvSeatBeltSw,0,1595999713.02106
CF_Clu_DrvSeatBeltSw,0,1595999713.717571
CF_Clu_DrvSeatBeltSw,0,1595999714.319404
CF_Clu_DrvSeatBeltSw,0,1595999714.9177039
CF_Clu_DrvSeatBeltSw,0,1595999715.2162118
CF_Clu_DrvSeatBeltSw,0,1595999715.6139948
CF_Clu_DrvSeatBeltSw,0,1595999716.7116609
CF_Clu_DrvSeatBeltSw,0,1595999717.411603
CF_Clu_DrvSeatBeltSw,0,1595999718.410933
CF_Clu_DrvSeatBeltSw,0,1595999721.3070269
CF_Clu_DrvSeatBeltSw,0,1595999723.2038212
CF_Clu_DrvSeatBeltSw,0,1595999723.408
CF_Clu_DrvSeatBeltSw,0,1595999724.403378
CF_Clu_DrvSeatBeltSw,0,1595999725.902216
CF_Clu_DrvSeatBeltSw,0,1595999726.001118
CF_Clu_DrvSeatBeltSw,0,1595999726.7998161
CF_Clu_DrvSeatBeltSw,0,1595999727.098701
CF_Clu_DrvSeatBeltSw,0,1595999728.29844
CF_Clu_DrvSeatBeltSw,0,1595999729.199241
CF_Clu_DrvSeatBeltSw,0,1595999730.6001012
CF_Clu_DrvSeatBeltSw,0,1595999732.193388
CF_Clu_DrvSeatBeltSw,0,1595999733.192756
CF_Clu_DrvSeatBeltSw,0,1595999733.7910342
CF_Clu_DrvSeatBeltSw,0,1595999734.090074
CF_Clu_DrvSeatBeltSw,0,1595999734.392758
CF_Clu_DrvSeatBeltSw,0,1595999735.789608
CF_Clu_DrvSeatBeltSw,0,1595999735.990304
CF_Clu_DrvSeatBeltSw,0,1595999736.788896
CF_Clu_DrvSeatBeltSw,0,1595999738.587929
CF_Clu_DrvSeatBeltSw,0,1595999739.1888874
CF_Clu_DrvSeatBeltSw,0,1595999742.380024
CF_Clu_DrvSeatBeltSw,0,1595999745.476753
CF_Clu_DrvSeatBeltSw,0,1595999747.573462
CF_Clu_DrvSeatBeltSw,0,1595999748.9707258
CF_Clu_DrvSeatBeltSw,0,1595999749.371517
CF_Clu_DrvSeatBeltSw,0,1595999749.571859
CF_Clu_DrvSeatBeltSw,0,1595999749.9731884
CF_Clu_DrvSeatBeltSw,0,1595999750.170884
CF_Clu_DrvSeatBeltSw,0,1595999751.570879
CF_Clu_DrvSeatBeltSw,0,1595999752.3694642
CF_Clu_DrvSeatBeltSw,0,1595999752.5702775
CF_Clu_DrvSeatBeltSw,0,1595999753.569546
CF_Clu_DrvSeatBeltSw,0,1595999754.069267
CF_Clu_DrvSeatBeltSw,0,1595999754.466512
CF_Clu_DrvSeatBeltSw,0,1595999754.7657118
CF_Clu_DrvSeatBeltSw,0,1595999754.8678288
CF_Clu_DrvSeatBeltSw,0,1595999758.062399
CF_Clu_DrvSeatBeltSw,0,1595999760.360099
CF_Clu_DrvSeatBeltSw,0,1595999761.1588721
CF_Clu_DrvSeatBeltSw,0,1595999761.3559349
CF_Clu_DrvSeatBeltSw,0,1595999761.4577432
CF_Clu_DrvSeatBeltSw,0,1595999762.158221
CF_Clu_DrvSeatBeltSw,0,1595999762.359065
CF_Clu_DrvSeatBeltSw,0,1595999763.9532218
CF_Clu_DrvSeatBeltSw,0,1595999765.3534489
CF_Clu_DrvSeatBeltSw,0,1595999766.2506828
CF_Clu_DrvSeatBeltSw,0,1595999766.7498162
CF_Clu_DrvSeatBeltSw,0,1595999767.151005
CF_Clu_DrvSeatBeltSw,0,1595999768.547879
CF_Clu_DrvSeatBeltSw,0,1595999771.246915
CF_Clu_DrvSeatBeltSw,0,1595999772.840844
CF_Clu_DrvSeatBeltSw,0,1595999774.941359
CF_Clu_DrvSeatBeltSw,0,1595999775.838706
CF_Clu_DrvSeatBeltSw,0,1595999776.937003
CF_Clu_DrvSeatBeltSw,0,1595999779.139442
CF_Clu_DrvSeatBeltSw,0,1595999780.732768
CF_Clu_DrvSeatBeltSw,0,1595999781.5314794
CF_Clu_DrvSeatBeltSw,0,1595999783.530228
CF_Clu_DrvSeatBeltSw,0,1595999783.7309554
CF_Clu_DrvSeatBeltSw,0,1595999785.6272519
CF_Clu_DrvSeatBeltSw,0,1595999787.425742
CF_Clu_DrvSeatBeltSw,0,1595999789.022791
CF_Clu_DrvSeatBeltSw,0,1595999791.218771
CF_Clu_DrvSeatBeltSw,0,1595999792.9179711
CF_Clu_DrvSeatBeltSw,0,1595999794.818335
CF_Clu_DrvSeatBeltSw,0,1595999798.6109052
CF_Clu_DrvSeatBeltSw,0,1595999799.610252
CF_Clu_DrvSeatBeltSw,0,1595999804.4028132
CF_Clu_DrvSeatBeltSw,0,1595999806.20069
CF_Clu_DrvSeatBeltSw,0,1595999806.700345
CF_Clu_DrvSeatBeltSw,0,1595999807.1015966
CF_Clu_DrvSeatBeltSw,0,1595999808.997917
CF_Clu_DrvSeatBeltSw,0,1595999809.395753
CF_Clu_DrvSeatBeltSw,0,1595999810.497369
CF_Clu_DrvSeatBeltSw,0,1595999811.598782
CF_Clu_DrvSeatBeltSw,0,1595999811.992442
CF_Clu_DrvSeatBeltSw,0,1595999814.990011
CF_Clu_DrvSeatBeltSw,0,1595999815.989422
CF_Clu_DrvSeatBeltSw,0,1595999818.984195
CF_Clu_DrvSeatBeltSw,0,1595999819.987042
CF_Clu_DrvSeatBeltSw,0,1595999820.8880694
CF_Clu_DrvSeatBeltSw,0,1595999823.5789812
CF_Clu_DrvSeatBeltSw,0,1595999824.476379
CF_Clu_DrvSeatBeltSw,0,1595999824.97605
CF_Clu_DrvSeatBeltSw,0,1595999825.377035
CF_Clu_DrvSeatBeltSw,0,1595999825.5776849
CF_Clu_DrvSeatBeltSw,0,1595999825.975457
CF_Clu_DrvSeatBeltSw,0,1595999826.675841
CF_Clu_DrvSeatBeltSw,0,1595999828.5720382
CF_Clu_DrvSeatBeltSw,0,1595999829.0715444
CF_Clu_DrvSeatBeltSw,0,1595999829.5712821
CF_Clu_DrvSeatBeltSw,0,1595999830.9719648
CF_Clu_DrvSeatBeltSw,0,1595999832.0695698
CF_Clu_DrvSeatBeltSw,0,1595999833.368298
CF_Clu_DrvSeatBeltSw,0,1595999833.867906
CF_Clu_DrvSeatBeltSw,0,1595999833.9660392
CF_Clu_DrvSeatBeltSw,0,1595999834.666315
CF_Clu_DrvSeatBeltSw,0,1595999834.764673
CF_Clu_DrvSeatBeltSw,0,1595999835.965101
CF_Clu_DrvSeatBeltSw,0,1595999836.46432
CF_Clu_DrvSeatBeltSw,0,1595999838.3608162
CF_Clu_DrvSeatBeltSw,0,1595999838.659842
CF_Clu_DrvSeatBeltSw,0,1595999839.360117
CF_Clu_DrvSeatBeltSw,0,1595999840.658468
CF_Clu_DrvSeatBeltSw,0,1595999841.158154
CF_Clu_DrvSeatBeltSw,0,1595999841.756257
CF_Clu_DrvSeatBeltSw,0,1595999843.35778
CF_Clu_DrvSeatBeltSw,0,1595999843.4559212
CF_Clu_DrvSeatBeltSw,0,1595999843.75502
CF_Clu_DrvSeatBeltSw,0,1595999844.054585
CF_Clu_DrvSeatBeltSw,0,1595999846.749324
CF_Clu_DrvSeatBeltSw,0,1595999846.8514838
CF_Clu_DrvSeatBeltSw,0,1595999847.2490132
CF_Clu_DrvSeatBeltSw,0,1595999847.4494019
CF_Clu_DrvSeatBeltSw,0,1595999848.547082
CF_Clu_DrvSeatBeltSw,0,1595999848.6460412
CF_Clu_DrvSeatBeltSw,0,1595999849.145347
CF_Clu_DrvSeatBeltSw,0,1595999849.346408
CF_Clu_DrvSeatBeltSw,0,1595999849.447972
CF_Clu_DrvSeatBeltSw,0,1595999849.84554
CF_Clu_DrvSeatBeltSw,0,1595999850.644537
CF_Clu_DrvSeatBeltSw,0,1595999851.446878
CF_Clu_DrvSeatBeltSw,0,1595999852.0452402
CF_Clu_DrvSeatBeltSw,0,1595999854.539559
CF_Clu_DrvSeatBeltSw,0,1595999856.836969
CF_Clu_DrvSeatBeltSw,0,1595999856.9358988
CF_Clu_DrvSeatBeltSw,0,1595999857.238349
CF_Clu_DrvSeatBeltSw,0,1595999857.336664
CF_Clu_DrvSeatBeltSw,0,1595999857.537441
CF_Clu_DrvSeatBeltSw,0,1595999858.136249
CF_Clu_DrvSeatBeltSw,0,1595999858.4383206
CF_Clu_DrvSeatBeltSw,0,1595999859.3360589
CF_Clu_DrvSeatBeltSw,0,1595999860.035949
CF_Clu_DrvSeatBeltSw,0,1595999861.031033
CF_Clu_DrvSeatBeltSw,0,1595999861.4323711
CF_Clu_DrvSeatBeltSw,0,1595999862.1292589
CF_Clu_DrvSeatBeltSw,0,1595999862.6289132
CF_Clu_DrvSeatBeltSw,0,1595999864.926202
CF_Clu_DrvSeatBeltSw,0,1595999865.0286686
CF_Clu_DrvSeatBeltSw,0,1595999865.827185
CF_Clu_DrvSeatBeltSw,0,1595999871.917961
CF_Clu_DrvSeatBeltSw,0,1595999872.9172769
CF_Clu_DrvSeatBeltSw,0,1595999873.015682
CF_Clu_DrvSeatBeltSw,0,1595999874.0149539
CF_Clu_DrvSeatBeltSw,0,1595999874.4162474
CF_Clu_DrvSeatBeltSw,0,1595999875.817081
CF_Clu_DrvSeatBeltSw,0,1595999876.915179
CF_Clu_DrvSeatBeltSw,0,1595999877.012795
CF_Clu_DrvSeatBeltSw,0,1595999877.410532
CF_Clu_DrvSeatBeltSw,0,1595999878.4096038
CF_Clu_DrvSeatBeltSw,0,1595999878.909261
CF_Clu_DrvSeatBeltSw,0,1595999879.8067572
CF_Clu_DrvSeatBeltSw,0,1595999884.5011802
CF_Clu_DrvSeatBeltSw,0,1595999884.901675
CF_Clu_DrvSeatBeltSw,0,1595999885.2013178
CF_Clu_DrvSeatBeltSw,0,1595999885.4014769
CF_Clu_DrvSeatBeltSw,0,1595999885.999634
CF_Clu_DrvSeatBeltSw,0,1595999886.900165
CF_Clu_DrvSeatBeltSw,0,1595999887.8996842
CF_Clu_DrvSeatBeltSw,0,1595999888.596174
CF_Clu_DrvSeatBeltSw,0,1595999889.996595
CF_Clu_DrvSeatBeltSw,0,1595999890.9964619
CF_Clu_DrvSeatBeltSw,0,1595999891.897056
CF_Clu_DrvSeatBeltSw,0,1595999892.2947679
CF_Clu_DrvSeatBeltSw,0,1595999892.7904491
CF_Clu_DrvSeatBeltSw,0,1595999892.991039
CF_Clu_DrvSeatBeltSw,0,1595999895.387083
CF_Clu_DrvSeatBeltSw,0,1595999899.2860212
CF_Clu_DrvSeatBeltSw,0,1595999901.481302
CF_Clu_DrvSeatBeltSw,0,1595999902.181561
CF_Clu_DrvSeatBeltSw,0,1595999902.3787029
CF_Clu_DrvSeatBeltSw,0,1595999902.67762
CF_Clu_DrvSeatBeltSw,0,1595999904.3772318
CF_Clu_DrvSeatBeltSw,0,1595999905.8760538
CF_Clu_DrvSeatBeltSw,0,1595999907.9771142
CF_Clu_DrvSeatBeltSw,0,1595999909.869822
CF_Clu_DrvSeatBeltSw,0,1595999912.6671789
CF_Clu_DrvSeatBeltSw,0,1595999913.965281
CF_Clu_DrvSeatBeltSw,0,1595999915.063376
CF_Clu_DrvSeatBeltSw,0,1595999915.2636552
CF_Clu_DrvSeatBeltSw,0,1595999915.5629652
CF_Clu_DrvSeatBeltSw,0,1595999918.258086
CF_Clu_DrvSeatBeltSw,0,1595999919.6584039
CF_Clu_DrvSeatBeltSw,0,1595999920.6577199
CF_Clu_DrvSeatBeltSw,0,1595999926.1506119
CF_Clu_DrvSeatBeltSw,0,1595999926.249084
CF_Clu_DrvSeatBeltSw,0,1595999926.351233
CF_Clu_DrvSeatBeltSw,0,1595999926.5481331
CF_Clu_DrvSeatBeltSw,0,1595999930.045397
CF_Clu_DrvSeatBeltSw,0,1595999931.642768
CF_Clu_DrvSeatBeltSw,0,1595999932.241146
CF_Clu_DrvSeatBeltSw,0,1595999933.039937
CF_Clu_DrvSeatBeltSw,0,1595999933.9404118
CF_Clu_DrvSeatBeltSw,0,1595999934.6408179
CF_Clu_DrvSeatBeltSw,0,1595999936.9350998
CF_Clu_DrvSeatBeltSw,0,1595999938.33534
CF_Clu_DrvSeatBeltSw,0,1595999938.434645
CF_Clu_DrvSeatBeltSw,0,1595999938.536126
CF_Clu_DrvSeatBeltSw,0,1595999938.7335126
CF_Clu_DrvSeatBeltSw,0,1595999938.83505
CF_Clu_DrvSeatBeltSw,0,1595999939.736159
CF_Clu_DrvSeatBeltSw,0,1595999940.2357702
CF_Clu_DrvSeatBeltSw,0,1595999941.030412
CF_Clu_DrvSeatBeltSw,0,1595999945.8265214
CF_Clu_DrvSeatBeltSw,0,1595999945.925138
CF_Clu_DrvSeatBeltSw,0,1595999947.121442
CF_Clu_DrvSeatBeltSw,0,1595999947.223674
CF_Clu_DrvSeatBeltSw,0,1595999947.321895
CF_Clu_DrvSeatBeltSw,0,1595999947.7232711
CF_Clu_DrvSeatBeltSw,0,1595999948.124299
CF_Clu_DrvSeatBeltSw,0,1595999948.222922
CF_Clu_DrvSeatBeltSw,0,1595999948.324949
CF_Clu_DrvSeatBeltSw,0,1595999949.4190662
CF_Clu_DrvSeatBeltSw,0,1595999949.7216818
CF_Clu_DrvSeatBeltSw,0,1595999950.2212448
CF_Clu_DrvSeatBeltSw,0,1595999950.3197222
CF_Clu_DrvSeatBeltSw,0,1595999950.7174098
CF_Clu_DrvSeatBeltSw,0,1595999950.81953
CF_Clu_DrvSeatBeltSw,0,1595999951.7173882
CF_Clu_DrvSeatBeltSw,0,1595999953.8173618
CF_Clu_DrvSeatBeltSw,0,1595999954.116695
CF_Clu_DrvSeatBeltSw,0,1595999956.913963
CF_Clu_DrvSeatBeltSw,0,1595999957.8108108
CF_Clu_DrvSeatBeltSw,0,1595999959.9079552
CF_Clu_DrvSeatBeltSw,0,1595999962.8040726
CF_Clu_DrvSeatBeltSw,0,1595999963.7018929
CF_Clu_DrvSeatBeltSw,0,1595999964.204598
CF_Clu_DrvSeatBeltSw,0,1595999964.704218
CF_Clu_DrvSeatBeltSw,0,1595999965.105558
CF_Clu_DrvSeatBeltSw,0,1595999966.600576
CF_Clu_DrvSeatBeltSw,0,1595999967.198411
CF_Clu_DrvSeatBeltSw,0,1595999967.297277
CF_Clu_DrvSeatBeltSw,0,1595999967.796844
CF_Clu_DrvSeatBeltSw,0,1595999967.8987892
CF_Clu_DrvSeatBeltSw,0,1595999969.394391
CF_Clu_DrvSeatBeltSw,0,1595999971.892281
CF_Clu_DrvSeatBeltSw,0,1595999973.890881
CF_Clu_DrvSeatBeltSw,0,1595999974.788079
CF_Clu_DrvSeatBeltSw,0,1595999975.689118
CF_Clu_DrvSeatBeltSw,0,1595999976.8856974
CF_Clu_DrvSeatBeltSw,0,1595999977.487128
CF_Clu_DrvSeatBeltSw,0,1595999977.9869704
CF_Clu_DrvSeatBeltSw,0,1595999978.2858582
CF_Clu_DrvSeatBeltSw,0,1595999979.584139
CF_Clu_DrvSeatBeltSw,0,1595999980.383008
CF_Clu_DrvSeatBeltSw,0,1595999981.4806578
CF_Clu_DrvSeatBeltSw,0,1595999983.377315
CF_Clu_DrvSeatBeltSw,0,1595999984.278089
CF_Clu_DrvSeatBeltSw,0,1595999985.375629
CF_Clu_DrvSeatBeltSw,0,1595999985.974015
CF_Clu_DrvSeatBeltSw,0,1595999986.874641
CF_Clu_DrvSeatBeltSw,0,1595999987.3742821
CF_Clu_DrvSeatBeltSw,0,1595999989.86925
CF_Clu_DrvSeatBeltSw,0,1595999994.665049
CF_Clu_DrvSeatBeltSw,0,1595999995.463608
CF_Clu_DrvSeatBeltSw,0,1595999996.1604204
CF_Clu_DrvSeatBeltSw,0,1595999997.2615788
CF_Clu_DrvSeatBeltSw,0,1595999997.3600929
CF_Clu_DrvSeatBeltSw,0,1595999997.6592689
CF_Clu_DrvSeatBeltSw,0,1595999997.761185
CF_Clu_DrvSeatBeltSw,0,1595999998.359362
CF_Clu_DrvSeatBeltSw,0,1595999998.858958
CF_Clu_DrvSeatBeltSw,0,1596000001.1567369
CF_Clu_DrvSeatBeltSw,0,1596000001.2550874
CF_Clu_DrvSeatBeltSw,0,1596000001.7548668
CF_Clu_DrvSeatBeltSw,0,1596000001.8534696
CF_Clu_DrvSeatBeltSw,0,1596000002.353208
CF_Clu_DrvSeatBeltSw,0,1596000002.954865
CF_Clu_DrvSeatBeltSw,0,1596000003.0535882
CF_Clu_DrvSeatBeltSw,0,1596000004.953633
CF_Clu_DrvSeatBeltSw,0,1596000007.947655
CF_Clu_DrvSeatBeltSw,0,1596000010.643208
CF_Clu_DrvSeatBeltSw,0,1596000013.440054
CF_Clu_DrvSeatBeltSw,0,1596000015.836534
CF_Clu_DrvSeatBeltSw,0,1596000016.8355148
CF_Clu_DrvSeatBeltSw,0,1596000017.236887
CF_Clu_DrvSeatBeltSw,0,1596000017.335267
CF_Clu_DrvSeatBeltSw,0,1596000017.7364788
CF_Clu_DrvSeatBeltSw,0,1596000018.035732
CF_Clu_DrvSeatBeltSw,0,1596000019.7314901
CF_Clu_DrvSeatBeltSw,0,1596000020.3333726
CF_Clu_DrvSeatBeltSw,0,1596000022.3279748
CF_Clu_DrvSeatBeltSw,0,1596000022.827691
CF_Clu_DrvSeatBeltSw,0,1596000026.2232962
CF_Clu_DrvSeatBeltSw,0,1596000026.522636
CF_Clu_DrvSeatBeltSw,0,1596000026.722831
CF_Clu_DrvSeatBeltSw,0,1596000027.820919
CF_Clu_DrvSeatBeltSw,0,1596000027.922812
CF_Clu_DrvSeatBeltSw,0,1596000029.520555
CF_Clu_DrvSeatBeltSw,0,1596000031.216738
CF_Clu_DrvSeatBeltSw,0,1596000031.916533
CF_Clu_DrvSeatBeltSw,0,1596000032.216065
CF_Clu_DrvSeatBeltSw,0,1596000034.6119614
CF_Clu_DrvSeatBeltSw,0,1596000035.512704
CF_Clu_DrvSeatBeltSw,0,1596000035.9100642
CF_Clu_DrvSeatBeltSw,0,1596000036.4134018
CF_Clu_DrvSeatBeltSw,0,1596000036.81134
CF_Clu_DrvSeatBeltSw,0,1596000037.2122312
CF_Clu_DrvSeatBeltSw,0,1596000037.412812
CF_Clu_DrvSeatBeltSw,0,1596000037.7080212
CF_Clu_DrvSeatBeltSw,0,1596000038.4081864
CF_Clu_DrvSeatBeltSw,0,1596000039.6081278
CF_Clu_DrvSeatBeltSw,0,1596000040.0060241
CF_Clu_DrvSeatBeltSw,0,1596000040.804742
CF_Clu_DrvSeatBeltSw,0,1596000041.1035688
CF_Clu_DrvSeatBeltSw,0,1596000041.705207
CF_Clu_DrvSeatBeltSw,0,1596000042.303489
CF_Clu_DrvSeatBeltSw,0,1596000044.302124
CF_Clu_DrvSeatBeltSw,0,1596000044.703457
CF_Clu_DrvSeatBeltSw,0,1596000045.903323
CF_Clu_DrvSeatBeltSw,0,1596000046.997946
CF_Clu_DrvSeatBeltSw,0,1596000048.39789
CF_Clu_DrvSeatBeltSw,0,1596000049.594422
CF_Clu_DrvSeatBeltSw,0,1596000050.093526
CF_Clu_DrvSeatBeltSw,0,1596000050.4949398
CF_Clu_DrvSeatBeltSw,0,1596000050.892543
CF_Clu_DrvSeatBeltSw,0,1596000052.292833
CF_Clu_DrvSeatBeltSw,0,1596000053.4931948
CF_Clu_DrvSeatBeltSw,0,1596000053.59132
CF_Clu_DrvSeatBeltSw,0,1596000054.1892204
CF_Clu_DrvSeatBeltSw,0,1596000056.3851476
CF_Clu_DrvSeatBeltSw,0,1596000056.88483
CF_Clu_DrvSeatBeltSw,0,1596000057.183655
CF_Clu_DrvSeatBeltSw,0,1596000057.785249
CF_Clu_DrvSeatBeltSw,0,1596000058.4826698
CF_Clu_DrvSeatBeltSw,0,1596000061.5824769
CF_Clu_DrvSeatBeltSw,0,1596000062.876889
CF_Clu_DrvSeatBeltSw,0,1596000064.076483
CF_Clu_DrvSeatBeltSw,0,1596000064.2773602
CF_Clu_DrvSeatBeltSw,0,1596000064.7768376
CF_Clu_DrvSeatBeltSw,0,1596000065.075943
CF_Clu_DrvSeatBeltSw,0,1596000066.673274
CF_Clu_DrvSeatBeltSw,0,1596000066.7721179
CF_Clu_DrvSeatBeltSw,0,1596000067.570791
CF_Clu_DrvSeatBeltSw,0,1596000068.270977
CF_Clu_DrvSeatBeltSw,0,1596000068.369246
CF_Clu_DrvSeatBeltSw,0,1596000068.5699544
CF_Clu_DrvSeatBeltSw,0,1596000068.671911
CF_Clu_DrvSeatBeltSw,0,1596000069.1717632
CF_Clu_DrvSeatBeltSw,0,1596000070.9663439
CF_Clu_DrvSeatBeltSw,0,1596000071.06806
CF_Clu_DrvSeatBeltSw,0,1596000071.167001
CF_Clu_DrvSeatBeltSw,0,1596000072.366476
CF_Clu_DrvSeatBeltSw,0,1596000073.7673204
CF_Clu_DrvSeatBeltSw,0,1596000075.5616062
CF_Clu_DrvSeatBeltSw,0,1596000076.7612126
CF_Clu_DrvSeatBeltSw,0,1596000077.359602
CF_Clu_DrvSeatBeltSw,0,1596000078.657643
CF_Clu_DrvSeatBeltSw,0,1596000080.15666
CF_Clu_DrvSeatBeltSw,0,1596000080.4557462
CF_Clu_DrvSeatBeltSw,0,1596000083.552567
CF_Clu_DrvSeatBeltSw,0,1596000084.850713
CF_Clu_DrvSeatBeltSw,0,1596000087.447428
CF_Clu_DrvSeatBeltSw,0,1596000088.94655
CF_Clu_DrvSeatBeltSw,0,1596000089.3438618
CF_Clu_DrvSeatBeltSw,0,1596000090.2446609
CF_Clu_DrvSeatBeltSw,0,1596000091.141921
CF_Clu_DrvSeatBeltSw,0,1596000092.140982
CF_Clu_DrvSeatBeltSw,0,1596000092.23981
CF_Clu_DrvSeatBeltSw,0,1596000092.8412569
CF_Clu_DrvSeatBeltSw,0,1596000093.0384178
CF_Clu_DrvSeatBeltSw,0,1596000093.939351
CF_Clu_DrvSeatBeltSw,0,1596000094.03801
CF_Clu_DrvSeatBeltSw,0,1596000094.238067
CF_Clu_DrvSeatBeltSw,0,1596000094.737752
CF_Clu_DrvSeatBeltSw,0,1596000097.134071
CF_Clu_DrvSeatBeltSw,0,1596000098.3339539
CF_Clu_DrvSeatBeltSw,0,1596000098.633131
CF_Clu_DrvSeatBeltSw,0,1596000098.735185
CF_Clu_DrvSeatBeltSw,0,1596000098.9325411
CF_Clu_DrvSeatBeltSw,0,1596000099.731561
CF_Clu_DrvSeatBeltSw,0,1596000099.8328369
CF_Clu_DrvSeatBeltSw,0,1596000100.529779
CF_Clu_DrvSeatBeltSw,0,1596000100.631837
CF_Clu_DrvSeatBeltSw,0,1596000100.828759
CF_Clu_DrvSeatBeltSw,0,1596000101.2336788
CF_Clu_DrvSeatBeltSw,0,1596000101.9309108
CF_Clu_DrvSeatBeltSw,0,1596000102.327352
CF_Clu_DrvSeatBeltSw,0,1596000104.027009
CF_Clu_DrvSeatBeltSw,0,1596000104.7236712
CF_Clu_DrvSeatBeltSw,0,1596000105.522384
CF_Clu_DrvSeatBeltSw,0,1596000107.0215838
CF_Clu_DrvSeatBeltSw,0,1596000108.1227598
CF_Clu_DrvSeatBeltSw,0,1596000108.418414
CF_Clu_DrvSeatBeltSw,0,1596000110.51878
CF_Clu_DrvSeatBeltSw,0,1596000111.317417
CF_Clu_DrvSeatBeltSw,0,1596000112.0178704
CF_Clu_DrvSeatBeltSw,0,1596000112.816621
CF_Clu_DrvSeatBeltSw,0,1596000117.1090732
CF_Clu_DrvSeatBeltSw,0,1596000120.905746
CF_Clu_DrvSeatBeltSw,0,1596000121.102838
CF_Clu_DrvSeatBeltSw,0,1596000121.8030062
CF_Clu_DrvSeatBeltSw,0,1596000122.802221
CF_Clu_DrvSeatBeltSw,0,1596000124.8992882
CF_Clu_DrvSeatBeltSw,0,1596000126.500693
CF_Clu_DrvSeatBeltSw,0,1596000126.7965279
CF_Clu_DrvSeatBeltSw,0,1596000127.09864
CF_Clu_DrvSeatBeltSw,0,1596000130.392193
CF_Clu_DrvSeatBeltSw,0,1596000134.6882038
CF_Clu_DrvSeatBeltSw,0,1596000134.888772
CF_Clu_DrvSeatBeltSw,0,1596000135.0859802
CF_Clu_DrvSeatBeltSw,0,1596000137.1864588
CF_Clu_DrvSeatBeltSw,0,1596000140.4807189
CF_Clu_DrvSeatBeltSw,0,1596000142.179692
CF_Clu_DrvSeatBeltSw,0,1596000142.876062
CF_Clu_DrvSeatBeltSw,0,1596000143.6746712
CF_Clu_DrvSeatBeltSw,0,1596000143.9774778
