CF_Clu_EcoDriveInf,0,1594870227.808383
CF_Clu_EcoDriveInf,0,1594870228.1994119
CF_Clu_EcoDriveInf,0,1594870230.198116
CF_Clu_EcoDriveInf,0,1594870230.395135
CF_Clu_EcoDriveInf,0,1594870230.5958462
CF_Clu_EcoDriveInf,0,1594870230.8948932
CF_Clu_EcoDriveInf,0,1594870232.893493
CF_Clu_EcoDriveInf,0,1594870234.9903526
CF_Clu_EcoDriveInf,0,1594870235.089086
CF_Clu_EcoDriveInf,0,1594870236.489225
CF_Clu_EcoDriveInf,0,1594870237.7876868
CF_Clu_EcoDriveInf,0,1594870238.185313
CF_Clu_EcoDriveInf,0,1594870238.3857038
CF_Clu_EcoDriveInf,0,1594870238.586658
CF_Clu_EcoDriveInf,0,1594870238.885401
CF_Clu_EcoDriveInf,0,1594870242.481623
CF_Clu_EcoDriveInf,0,1594870242.6826868
CF_Clu_EcoDriveInf,0,1594870245.975669
CF_Clu_EcoDriveInf,0,1594870246.376708
CF_Clu_EcoDriveInf,0,1594870248.674311
CF_Clu_EcoDriveInf,0,1594870249.272726
CF_Clu_EcoDriveInf,0,1594870249.673828
CF_Clu_EcoDriveInf,0,1594870249.77597
CF_Clu_EcoDriveInf,0,1594870250.7714226
CF_Clu_EcoDriveInf,0,1594870250.8697212
CF_Clu_EcoDriveInf,0,1594870251.07055
CF_Clu_EcoDriveInf,0,1594870251.668597
CF_Clu_EcoDriveInf,0,1594870253.5654454
CF_Clu_EcoDriveInf,0,1594870253.6673238
CF_Clu_EcoDriveInf,0,1594870257.464014
CF_Clu_EcoDriveInf,0,1594870258.0618699
CF_Clu_EcoDriveInf,0,1594870259.3603034
CF_Clu_EcoDriveInf,0,1594870259.7577062
CF_Clu_EcoDriveInf,0,1594870261.45363
CF_Clu_EcoDriveInf,0,1594870261.854739
CF_Clu_EcoDriveInf,0,1594870263.653378
CF_Clu_EcoDriveInf,0,1594870264.452114
CF_Clu_EcoDriveInf,0,1594870265.9504461
CF_Clu_EcoDriveInf,0,1594870266.1476462
CF_Clu_EcoDriveInf,0,1594870266.450378
CF_Clu_EcoDriveInf,0,1594870267.04837
CF_Clu_EcoDriveInf,0,1594870267.3477929
CF_Clu_EcoDriveInf,0,1594870268.645868
CF_Clu_EcoDriveInf,0,1594870268.8462238
CF_Clu_EcoDriveInf,0,1594870269.944387
CF_Clu_EcoDriveInf,0,1594870272.843833
CF_Clu_EcoDriveInf,0,1594870273.540168
CF_Clu_EcoDriveInf,0,1594870274.1384554
CF_Clu_EcoDriveInf,0,1594870274.338699
CF_Clu_EcoDriveInf,0,1594870274.437598
CF_Clu_EcoDriveInf,0,1594870275.538576
CF_Clu_EcoDriveInf,0,1594870275.637184
CF_Clu_EcoDriveInf,0,1594870277.83281
CF_Clu_EcoDriveInf,0,1594870279.134826
CF_Clu_EcoDriveInf,0,1594870281.530842
CF_Clu_EcoDriveInf,0,1594870287.723883
CF_Clu_EcoDriveInf,0,1594870288.1251109
CF_Clu_EcoDriveInf,0,1594870288.322268
CF_Clu_EcoDriveInf,0,1594870288.719061
CF_Clu_EcoDriveInf,0,1594870289.517689
CF_Clu_EcoDriveInf,0,1594870290.017771
CF_Clu_EcoDriveInf,0,1594870290.517086
CF_Clu_EcoDriveInf,0,1594870290.9186141
CF_Clu_EcoDriveInf,0,1594870293.6136448
CF_Clu_EcoDriveInf,0,1594870294.911901
CF_Clu_EcoDriveInf,0,1594870295.6124954
CF_Clu_EcoDriveInf,0,1594870295.710837
CF_Clu_EcoDriveInf,0,1594870296.910521
CF_Clu_EcoDriveInf,0,1594870298.806978
CF_Clu_EcoDriveInf,0,1594870298.90594
CF_Clu_EcoDriveInf,0,1594870300.006946
CF_Clu_EcoDriveInf,0,1594870300.204062
CF_Clu_EcoDriveInf,0,1594870300.604975
CF_Clu_EcoDriveInf,0,1594870300.8055902
CF_Clu_EcoDriveInf,0,1594870301.0063071
CF_Clu_EcoDriveInf,0,1594870301.60447
CF_Clu_EcoDriveInf,0,1594870301.903703
CF_Clu_EcoDriveInf,0,1594870302.304755
CF_Clu_EcoDriveInf,0,1594870303.6036339
CF_Clu_EcoDriveInf,0,1594870304.20114
CF_Clu_EcoDriveInf,0,1594870307.293962
CF_Clu_EcoDriveInf,0,1594870307.8955321
CF_Clu_EcoDriveInf,0,1594870310.6929972
CF_Clu_EcoDriveInf,0,1594870311.987524
CF_Clu_EcoDriveInf,0,1594870313.887698
CF_Clu_EcoDriveInf,0,1594870314.6864488
CF_Clu_EcoDriveInf,0,1594870314.985418
CF_Clu_EcoDriveInf,0,1594870316.2840068
CF_Clu_EcoDriveInf,0,1594870316.583126
CF_Clu_EcoDriveInf,0,1594870317.0826151
CF_Clu_EcoDriveInf,0,1594870317.2831638
CF_Clu_EcoDriveInf,0,1594870317.38187
CF_Clu_EcoDriveInf,0,1594870318.782206
CF_Clu_EcoDriveInf,0,1594870321.280562
CF_Clu_EcoDriveInf,0,1594870324.074098
CF_Clu_EcoDriveInf,0,1594870326.474006
CF_Clu_EcoDriveInf,0,1594870326.572317
CF_Clu_EcoDriveInf,0,1594870327.268665
CF_Clu_EcoDriveInf,0,1594870327.367379
CF_Clu_EcoDriveInf,0,1594870329.4681768
CF_Clu_EcoDriveInf,0,1594870329.566422
CF_Clu_EcoDriveInf,0,1594870329.66871
CF_Clu_EcoDriveInf,0,1594870330.763362
CF_Clu_EcoDriveInf,0,1594870331.364534
CF_Clu_EcoDriveInf,0,1594870332.3639302
CF_Clu_EcoDriveInf,0,1594870333.859328
CF_Clu_EcoDriveInf,0,1594870334.7599518
CF_Clu_EcoDriveInf,0,1594870335.35809
CF_Clu_EcoDriveInf,0,1594870336.2589152
CF_Clu_EcoDriveInf,0,1594870337.254883
CF_Clu_EcoDriveInf,0,1594870338.5532954
CF_Clu_EcoDriveInf,0,1594870338.753279
CF_Clu_EcoDriveInf,0,1594870339.351624
CF_Clu_EcoDriveInf,0,1594870340.6539466
CF_Clu_EcoDriveInf,0,1594870341.149781
CF_Clu_EcoDriveInf,0,1594870342.050616
CF_Clu_EcoDriveInf,0,1594870342.251096
CF_Clu_EcoDriveInf,0,1594870342.6484964
CF_Clu_EcoDriveInf,0,1594870343.0497859
CF_Clu_EcoDriveInf,0,1594870345.2452366
CF_Clu_EcoDriveInf,0,1594870349.541576
CF_Clu_EcoDriveInf,0,1594870351.5363052
CF_Clu_EcoDriveInf,0,1594870351.737034
CF_Clu_EcoDriveInf,0,1594870353.334677
CF_Clu_EcoDriveInf,0,1594870353.9362726
CF_Clu_EcoDriveInf,0,1594870357.131229
CF_Clu_EcoDriveInf,0,1594870357.2336109
CF_Clu_EcoDriveInf,0,1594870358.429544
CF_Clu_EcoDriveInf,0,1594870358.5278668
CF_Clu_EcoDriveInf,0,1594870358.728481
CF_Clu_EcoDriveInf,0,1594870359.4252534
CF_Clu_EcoDriveInf,0,1594870361.525883
CF_Clu_EcoDriveInf,0,1594870361.6242418
CF_Clu_EcoDriveInf,0,1594870363.0215561
CF_Clu_EcoDriveInf,0,1594870363.6229491
CF_Clu_EcoDriveInf,0,1594870364.2214806
CF_Clu_EcoDriveInf,0,1594870365.617742
CF_Clu_EcoDriveInf,0,1594870365.818306
CF_Clu_EcoDriveInf,0,1594870367.616284
CF_Clu_EcoDriveInf,0,1594870369.512836
CF_Clu_EcoDriveInf,0,1594870371.011832
CF_Clu_EcoDriveInf,0,1594870371.114214
CF_Clu_EcoDriveInf,0,1594870371.4131482
CF_Clu_EcoDriveInf,0,1594870372.1098502
CF_Clu_EcoDriveInf,0,1594870375.6036859
CF_Clu_EcoDriveInf,0,1594870378.101697
CF_Clu_EcoDriveInf,0,1594870380.297815
CF_Clu_EcoDriveInf,0,1594870381.3987448
CF_Clu_EcoDriveInf,0,1594870382.095815
CF_Clu_EcoDriveInf,0,1594870384.5934908
CF_Clu_EcoDriveInf,0,1594870384.7940962
CF_Clu_EcoDriveInf,0,1594870386.190814
CF_Clu_EcoDriveInf,0,1594870388.8863199
CF_Clu_EcoDriveInf,0,1594870388.988194
CF_Clu_EcoDriveInf,0,1594870391.08547
CF_Clu_EcoDriveInf,0,1594870392.883345
CF_Clu_EcoDriveInf,0,1594870394.980858
CF_Clu_EcoDriveInf,0,1594870396.475948
CF_Clu_EcoDriveInf,0,1594870397.0775301
CF_Clu_EcoDriveInf,0,1594870397.2780778
CF_Clu_EcoDriveInf,0,1594870397.774212
CF_Clu_EcoDriveInf,0,1594870397.876041
CF_Clu_EcoDriveInf,0,1594870399.1744692
CF_Clu_EcoDriveInf,0,1594870402.9714284
CF_Clu_EcoDriveInf,0,1594870403.2701411
CF_Clu_EcoDriveInf,0,1594870404.068883
CF_Clu_EcoDriveInf,0,1594870406.36345
CF_Clu_EcoDriveInf,0,1594870407.862161
CF_Clu_EcoDriveInf,0,1594870408.161016
CF_Clu_EcoDriveInf,0,1594870408.263047
CF_Clu_EcoDriveInf,0,1594870411.457885
CF_Clu_EcoDriveInf,0,1594870411.8554769
CF_Clu_EcoDriveInf,0,1594870412.1581829
CF_Clu_EcoDriveInf,0,1594870413.1539
CF_Clu_EcoDriveInf,0,1594870415.1522956
CF_Clu_EcoDriveInf,0,1594870416.053395
CF_Clu_EcoDriveInf,0,1594870416.151535
CF_Clu_EcoDriveInf,0,1594870417.150918
CF_Clu_EcoDriveInf,0,1594870417.351566
CF_Clu_EcoDriveInf,0,1594870417.650578
CF_Clu_EcoDriveInf,0,1594870417.749656
CF_Clu_EcoDriveInf,0,1594870418.847218
CF_Clu_EcoDriveInf,0,1594870422.7422
CF_Clu_EcoDriveInf,0,1594870425.641542
CF_Clu_EcoDriveInf,0,1594870427.435476
CF_Clu_EcoDriveInf,0,1594870429.434277
CF_Clu_EcoDriveInf,0,1594870429.533299
CF_Clu_EcoDriveInf,0,1594870429.733365
CF_Clu_EcoDriveInf,0,1594870432.928479
CF_Clu_EcoDriveInf,0,1594870433.829202
CF_Clu_EcoDriveInf,0,1594870435.426314
CF_Clu_EcoDriveInf,0,1594870435.524682
CF_Clu_EcoDriveInf,0,1594870435.926034
CF_Clu_EcoDriveInf,0,1594870436.323882
CF_Clu_EcoDriveInf,0,1594870437.2244182
CF_Clu_EcoDriveInf,0,1594870437.322767
CF_Clu_EcoDriveInf,0,1594870438.822005
CF_Clu_EcoDriveInf,0,1594870440.2184901
CF_Clu_EcoDriveInf,0,1594870440.3208768
CF_Clu_EcoDriveInf,0,1594870440.8206751
CF_Clu_EcoDriveInf,0,1594870441.516938
CF_Clu_EcoDriveInf,0,1594870442.516248
CF_Clu_EcoDriveInf,0,1594870443.613924
CF_Clu_EcoDriveInf,0,1594870444.51499
CF_Clu_EcoDriveInf,0,1594870446.313005
CF_Clu_EcoDriveInf,0,1594870449.2086556
CF_Clu_EcoDriveInf,0,1594870450.208076
CF_Clu_EcoDriveInf,0,1594870451.305738
CF_Clu_EcoDriveInf,0,1594870451.404077
CF_Clu_EcoDriveInf,0,1594870451.502968
CF_Clu_EcoDriveInf,0,1594870453.3012018
CF_Clu_EcoDriveInf,0,1594870454.103172
CF_Clu_EcoDriveInf,0,1594870459.8948429
CF_Clu_EcoDriveInf,0,1594870459.993191
CF_Clu_EcoDriveInf,0,1594870460.390761
CF_Clu_EcoDriveInf,0,1594870460.992321
CF_Clu_EcoDriveInf,0,1594870462.4913
CF_Clu_EcoDriveInf,0,1594870463.490706
CF_Clu_EcoDriveInf,0,1594870463.789884
CF_Clu_EcoDriveInf,0,1594870463.888214
CF_Clu_EcoDriveInf,0,1594870465.084681
CF_Clu_EcoDriveInf,0,1594870465.285415
CF_Clu_EcoDriveInf,0,1594870465.584152
CF_Clu_EcoDriveInf,0,1594870466.383042
CF_Clu_EcoDriveInf,0,1594870466.685599
CF_Clu_EcoDriveInf,0,1594870469.880289
CF_Clu_EcoDriveInf,0,1594870469.97891
CF_Clu_EcoDriveInf,0,1594870470.38005
CF_Clu_EcoDriveInf,0,1594870472.0759866
CF_Clu_EcoDriveInf,0,1594870472.1741679
CF_Clu_EcoDriveInf,0,1594870473.6735039
CF_Clu_EcoDriveInf,0,1594870474.0742989
CF_Clu_EcoDriveInf,0,1594870475.2705991
CF_Clu_EcoDriveInf,0,1594870475.7739706
CF_Clu_EcoDriveInf,0,1594870478.567976
CF_Clu_EcoDriveInf,0,1594870480.3657012
CF_Clu_EcoDriveInf,0,1594870481.7625241
CF_Clu_EcoDriveInf,0,1594870482.7619462
CF_Clu_EcoDriveInf,0,1594870485.657582
CF_Clu_EcoDriveInf,0,1594870488.2540748
CF_Clu_EcoDriveInf,0,1594870488.95446
CF_Clu_EcoDriveInf,0,1594870489.654706
CF_Clu_EcoDriveInf,0,1594870494.148174
CF_Clu_EcoDriveInf,0,1594870494.9465752
CF_Clu_EcoDriveInf,0,1594870495.545275
CF_Clu_EcoDriveInf,0,1594870497.7439039
CF_Clu_EcoDriveInf,0,1594870502.937272
CF_Clu_EcoDriveInf,0,1594870503.13441
CF_Clu_EcoDriveInf,0,1594870503.8344982
CF_Clu_EcoDriveInf,0,1594870505.731092
CF_Clu_EcoDriveInf,0,1594870509.527582
CF_Clu_EcoDriveInf,0,1594870509.728589
CF_Clu_EcoDriveInf,0,1594870509.9249432
CF_Clu_EcoDriveInf,0,1594870511.026658
CF_Clu_EcoDriveInf,0,1594870515.1187751
CF_Clu_EcoDriveInf,0,1594870515.519636
CF_Clu_EcoDriveInf,0,1594870515.9175944
CF_Clu_EcoDriveInf,0,1594870516.117801
CF_Clu_EcoDriveInf,0,1594870516.818049
CF_Clu_EcoDriveInf,0,1594870517.616802
CF_Clu_EcoDriveInf,0,1594870518.116516
CF_Clu_EcoDriveInf,0,1594870518.615959
CF_Clu_EcoDriveInf,0,1594870519.1157858
CF_Clu_EcoDriveInf,0,1594870519.6118698
CF_Clu_EcoDriveInf,0,1594870519.812594
CF_Clu_EcoDriveInf,0,1594870520.0129092
CF_Clu_EcoDriveInf,0,1594870520.311807
CF_Clu_EcoDriveInf,0,1594870520.8117929
CF_Clu_EcoDriveInf,0,1594870521.5119689
CF_Clu_EcoDriveInf,0,1594870522.409311
CF_Clu_EcoDriveInf,0,1594870522.511123
CF_Clu_EcoDriveInf,0,1594870523.1091518
CF_Clu_EcoDriveInf,0,1594870523.408281
CF_Clu_EcoDriveInf,0,1594870523.8095202
CF_Clu_EcoDriveInf,0,1594870525.3048651
CF_Clu_EcoDriveInf,0,1594870525.90655
CF_Clu_EcoDriveInf,0,1594870526.504798
CF_Clu_EcoDriveInf,0,1594870527.5039961
CF_Clu_EcoDriveInf,0,1594870528.401553
CF_Clu_EcoDriveInf,0,1594870528.601635
CF_Clu_EcoDriveInf,0,1594870530.4001546
CF_Clu_EcoDriveInf,0,1594870532.201843
CF_Clu_EcoDriveInf,0,1594870532.5953634
CF_Clu_EcoDriveInf,0,1594870532.697472
CF_Clu_EcoDriveInf,0,1594870534.094153
CF_Clu_EcoDriveInf,0,1594870534.991575
CF_Clu_EcoDriveInf,0,1594870536.5889401
CF_Clu_EcoDriveInf,0,1594870536.690918
CF_Clu_EcoDriveInf,0,1594870536.789543
CF_Clu_EcoDriveInf,0,1594870536.8915632
CF_Clu_EcoDriveInf,0,1594870536.9898589
CF_Clu_EcoDriveInf,0,1594870537.4895492
CF_Clu_EcoDriveInf,0,1594870538.18985
CF_Clu_EcoDriveInf,0,1594870540.983785
CF_Clu_EcoDriveInf,0,1594870543.5804238
CF_Clu_EcoDriveInf,0,1594870544.8787699
CF_Clu_EcoDriveInf,0,1594870547.5778599
CF_Clu_EcoDriveInf,0,1594870547.8766122
CF_Clu_EcoDriveInf,0,1594870548.573094
CF_Clu_EcoDriveInf,0,1594870549.375617
CF_Clu_EcoDriveInf,0,1594870550.072209
CF_Clu_EcoDriveInf,0,1594870550.1741312
CF_Clu_EcoDriveInf,0,1594870550.5716634
CF_Clu_EcoDriveInf,0,1594870551.771586
CF_Clu_EcoDriveInf,0,1594870552.0710158
CF_Clu_EcoDriveInf,0,1594870552.7673988
CF_Clu_EcoDriveInf,0,1594870552.869458
CF_Clu_EcoDriveInf,0,1594870553.766834
CF_Clu_EcoDriveInf,0,1594870556.4653199
CF_Clu_EcoDriveInf,0,1594870558.26352
CF_Clu_EcoDriveInf,0,1594870558.460418
CF_Clu_EcoDriveInf,0,1594870560.757834
CF_Clu_EcoDriveInf,0,1594870561.3560212
CF_Clu_EcoDriveInf,0,1594870561.556845
CF_Clu_EcoDriveInf,0,1594870564.1532931
CF_Clu_EcoDriveInf,0,1594870564.653125
CF_Clu_EcoDriveInf,0,1594870564.8535092
CF_Clu_EcoDriveInf,0,1594870567.1512806
CF_Clu_EcoDriveInf,0,1594870567.848027
CF_Clu_EcoDriveInf,0,1594870567.950027
CF_Clu_EcoDriveInf,0,1594870569.3466349
CF_Clu_EcoDriveInf,0,1594870569.445358
CF_Clu_EcoDriveInf,0,1594870570.64543
CF_Clu_EcoDriveInf,0,1594870571.3452866
CF_Clu_EcoDriveInf,0,1594870573.1396182
CF_Clu_EcoDriveInf,0,1594870573.540852
CF_Clu_EcoDriveInf,0,1594870581.732341
CF_Clu_EcoDriveInf,0,1594870582.2321026
CF_Clu_EcoDriveInf,0,1594870584.329154
CF_Clu_EcoDriveInf,0,1594870585.226113
CF_Clu_EcoDriveInf,0,1594870585.328394
CF_Clu_EcoDriveInf,0,1594870588.621431
CF_Clu_EcoDriveInf,0,1594870588.720156
CF_Clu_EcoDriveInf,0,1594870589.223464
CF_Clu_EcoDriveInf,0,1594870590.517815
CF_Clu_EcoDriveInf,0,1594870590.718484
CF_Clu_EcoDriveInf,0,1594870591.717865
CF_Clu_EcoDriveInf,0,1594870592.016783
CF_Clu_EcoDriveInf,0,1594870593.8149722
CF_Clu_EcoDriveInf,0,1594870594.7123342
CF_Clu_EcoDriveInf,0,1594870596.011168
CF_Clu_EcoDriveInf,0,1594870596.210969
CF_Clu_EcoDriveInf,0,1594870598.906346
CF_Clu_EcoDriveInf,0,1594870599.0084329
CF_Clu_EcoDriveInf,0,1594870599.208981
CF_Clu_EcoDriveInf,0,1594870600.904691
CF_Clu_EcoDriveInf,0,1594870601.302309
CF_Clu_EcoDriveInf,0,1594870601.802241
CF_Clu_EcoDriveInf,0,1594870602.1047392
CF_Clu_EcoDriveInf,0,1594870602.403724
CF_Clu_EcoDriveInf,0,1594870603.702048
CF_Clu_EcoDriveInf,0,1594870605.0005472
CF_Clu_EcoDriveInf,0,1594870606.196747
CF_Clu_EcoDriveInf,0,1594870606.39759
CF_Clu_EcoDriveInf,0,1594870607.097781
CF_Clu_EcoDriveInf,0,1594870607.998692
CF_Clu_EcoDriveInf,0,1594870608.199234
CF_Clu_EcoDriveInf,0,1594870608.498268
CF_Clu_EcoDriveInf,0,1594870609.5921528
CF_Clu_EcoDriveInf,0,1594870609.7929876
CF_Clu_EcoDriveInf,0,1594870611.590628
CF_Clu_EcoDriveInf,0,1594870611.889659
CF_Clu_EcoDriveInf,0,1594870612.491873
CF_Clu_EcoDriveInf,0,1594870612.8890018
CF_Clu_EcoDriveInf,0,1594870613.188034
CF_Clu_EcoDriveInf,0,1594870615.5843868
CF_Clu_EcoDriveInf,0,1594870615.6869
CF_Clu_EcoDriveInf,0,1594870615.7853274
CF_Clu_EcoDriveInf,0,1594870616.186042
CF_Clu_EcoDriveInf,0,1594870616.784102
CF_Clu_EcoDriveInf,0,1594870617.1817849
CF_Clu_EcoDriveInf,0,1594870618.1809552
CF_Clu_EcoDriveInf,0,1594870618.680615
CF_Clu_EcoDriveInf,0,1594870620.081095
CF_Clu_EcoDriveInf,0,1594870620.478719
CF_Clu_EcoDriveInf,0,1594870621.875926
CF_Clu_EcoDriveInf,0,1594870622.0759912
CF_Clu_EcoDriveInf,0,1594870622.97712
CF_Clu_EcoDriveInf,0,1594870623.677346
CF_Clu_EcoDriveInf,0,1594870623.8740249
CF_Clu_EcoDriveInf,0,1594870624.173027
CF_Clu_EcoDriveInf,0,1594870625.97105
CF_Clu_EcoDriveInf,0,1594870627.269436
CF_Clu_EcoDriveInf,0,1594870627.9698071
CF_Clu_EcoDriveInf,0,1594870628.367411
CF_Clu_EcoDriveInf,0,1594870628.4693482
CF_Clu_EcoDriveInf,0,1594870628.7683342
CF_Clu_EcoDriveInf,0,1594870629.5671039
CF_Clu_EcoDriveInf,0,1594870630.4645498
CF_Clu_EcoDriveInf,0,1594870630.665522
CF_Clu_EcoDriveInf,0,1594870632.16385
CF_Clu_EcoDriveInf,0,1594870632.364466
CF_Clu_EcoDriveInf,0,1594870634.359319
CF_Clu_EcoDriveInf,0,1594870635.260212
CF_Clu_EcoDriveInf,0,1594870635.6579466
CF_Clu_EcoDriveInf,0,1594870636.55877
CF_Clu_EcoDriveInf,0,1594870637.254878
CF_Clu_EcoDriveInf,0,1594870638.553757
CF_Clu_EcoDriveInf,0,1594870639.3523211
CF_Clu_EcoDriveInf,0,1594870640.253057
CF_Clu_EcoDriveInf,0,1594870641.85048
CF_Clu_EcoDriveInf,0,1594870641.9492679
CF_Clu_EcoDriveInf,0,1594870642.1494386
CF_Clu_EcoDriveInf,0,1594870643.648523
CF_Clu_EcoDriveInf,0,1594870644.0460658
CF_Clu_EcoDriveInf,0,1594870644.7462142
CF_Clu_EcoDriveInf,0,1594870644.9469671
CF_Clu_EcoDriveInf,0,1594870645.545172
CF_Clu_EcoDriveInf,0,1594870648.8418822
CF_Clu_EcoDriveInf,0,1594870649.4400482
CF_Clu_EcoDriveInf,0,1594870650.238553
CF_Clu_EcoDriveInf,0,1594870651.83616
CF_Clu_EcoDriveInf,0,1594870653.535674
CF_Clu_EcoDriveInf,0,1594870654.035348
CF_Clu_EcoDriveInf,0,1594870656.632012
CF_Clu_EcoDriveInf,0,1594870657.23021
CF_Clu_EcoDriveInf,0,1594870657.529168
CF_Clu_EcoDriveInf,0,1594870658.729117
CF_Clu_EcoDriveInf,0,1594870659.6261902
CF_Clu_EcoDriveInf,0,1594870660.424878
CF_Clu_EcoDriveInf,0,1594870661.125241
CF_Clu_EcoDriveInf,0,1594870661.224318
CF_Clu_EcoDriveInf,0,1594870662.620717
CF_Clu_EcoDriveInf,0,1594870664.520519
CF_Clu_EcoDriveInf,0,1594870665.118963
CF_Clu_EcoDriveInf,0,1594870666.019576
CF_Clu_EcoDriveInf,0,1594870668.6163974
CF_Clu_EcoDriveInf,0,1594870668.915476
CF_Clu_EcoDriveInf,0,1594870669.415082
CF_Clu_EcoDriveInf,0,1594870670.6110456
CF_Clu_EcoDriveInf,0,1594870671.40977
CF_Clu_EcoDriveInf,0,1594870672.507819
CF_Clu_EcoDriveInf,0,1594870673.80668
CF_Clu_EcoDriveInf,0,1594870674.20716
CF_Clu_EcoDriveInf,0,1594870674.4079318
CF_Clu_EcoDriveInf,0,1594870674.907666
CF_Clu_EcoDriveInf,0,1594870675.1045704
CF_Clu_EcoDriveInf,0,1594870676.9065092
CF_Clu_EcoDriveInf,0,1594870677.6026418
CF_Clu_EcoDriveInf,0,1594870678.0002294
CF_Clu_EcoDriveInf,0,1594870678.2009194
CF_Clu_EcoDriveInf,0,1594870679.400534
CF_Clu_EcoDriveInf,0,1594870686.589216
CF_Clu_EcoDriveInf,0,1594870686.88802
CF_Clu_EcoDriveInf,0,1594870687.0890298
CF_Clu_EcoDriveInf,0,1594870687.489876
CF_Clu_EcoDriveInf,0,1594870689.087178
CF_Clu_EcoDriveInf,0,1594870690.78339
CF_Clu_EcoDriveInf,0,1594870690.9842188
CF_Clu_EcoDriveInf,0,1594870691.184389
CF_Clu_EcoDriveInf,0,1594870695.878769
CF_Clu_EcoDriveInf,0,1594870696.877586
CF_Clu_EcoDriveInf,0,1594870697.17637
CF_Clu_EcoDriveInf,0,1594870697.774524
CF_Clu_EcoDriveInf,0,1594870698.9744296
CF_Clu_EcoDriveInf,0,1594870699.175267
CF_Clu_EcoDriveInf,0,1594870700.2727714
CF_Clu_EcoDriveInf,0,1594870700.473648
CF_Clu_EcoDriveInf,0,1594870700.9695961
CF_Clu_EcoDriveInf,0,1594870701.7717679
CF_Clu_EcoDriveInf,0,1594870703.070152
CF_Clu_EcoDriveInf,0,1594870704.7658699
CF_Clu_EcoDriveInf,0,1594870705.864131
CF_Clu_EcoDriveInf,0,1594870707.461473
CF_Clu_EcoDriveInf,0,1594870708.260006
CF_Clu_EcoDriveInf,0,1594870708.562542
CF_Clu_EcoDriveInf,0,1594870709.1605911
CF_Clu_EcoDriveInf,0,1594870710.160254
CF_Clu_EcoDriveInf,0,1594870710.9586349
CF_Clu_EcoDriveInf,0,1594870712.25717
CF_Clu_EcoDriveInf,0,1594870712.95395
CF_Clu_EcoDriveInf,0,1594870713.0558348
CF_Clu_EcoDriveInf,0,1594870713.154773
CF_Clu_EcoDriveInf,0,1594870713.453584
CF_Clu_EcoDriveInf,0,1594870713.7561524
CF_Clu_EcoDriveInf,0,1594870713.956757
CF_Clu_EcoDriveInf,0,1594870714.751533
CF_Clu_EcoDriveInf,0,1594870717.2498071
CF_Clu_EcoDriveInf,0,1594870720.7439132
CF_Clu_EcoDriveInf,0,1594870721.943862
CF_Clu_EcoDriveInf,0,1594870722.943028
CF_Clu_EcoDriveInf,0,1594870723.140102
CF_Clu_EcoDriveInf,0,1594870724.7409868
CF_Clu_EcoDriveInf,0,1594870725.437804
CF_Clu_EcoDriveInf,0,1594870730.4307454
CF_Clu_EcoDriveInf,0,1594870732.3305151
CF_Clu_EcoDriveInf,0,1594870732.629539
CF_Clu_EcoDriveInf,0,1594870732.8269
CF_Clu_EcoDriveInf,0,1594870733.129184
CF_Clu_EcoDriveInf,0,1594870733.2278988
CF_Clu_EcoDriveInf,0,1594870734.226986
CF_Clu_EcoDriveInf,0,1594870735.922974
CF_Clu_EcoDriveInf,0,1594870738.020101
CF_Clu_EcoDriveInf,0,1594870739.318462
CF_Clu_EcoDriveInf,0,1594870740.12063
CF_Clu_EcoDriveInf,0,1594870740.3174322
CF_Clu_EcoDriveInf,0,1594870740.4196212
CF_Clu_EcoDriveInf,0,1594870740.8174288
CF_Clu_EcoDriveInf,0,1594870741.018262
CF_Clu_EcoDriveInf,0,1594870742.2143528
CF_Clu_EcoDriveInf,0,1594870742.815868
CF_Clu_EcoDriveInf,0,1594870743.315433
CF_Clu_EcoDriveInf,0,1594870744.5119722
CF_Clu_EcoDriveInf,0,1594870746.0105882
CF_Clu_EcoDriveInf,0,1594870746.411802
CF_Clu_EcoDriveInf,0,1594870747.5097551
CF_Clu_EcoDriveInf,0,1594870748.308346
CF_Clu_EcoDriveInf,0,1594870749.307752
CF_Clu_EcoDriveInf,0,1594870750.004528
CF_Clu_EcoDriveInf,0,1594870750.106246
CF_Clu_EcoDriveInf,0,1594870750.9051409
CF_Clu_EcoDriveInf,0,1594870751.00368
CF_Clu_EcoDriveInf,0,1594870752.601065
CF_Clu_EcoDriveInf,0,1594870752.899984
CF_Clu_EcoDriveInf,0,1594870755.496856
CF_Clu_EcoDriveInf,0,1594870755.7993524
CF_Clu_EcoDriveInf,0,1594870756.995548
CF_Clu_EcoDriveInf,0,1594870758.392398
CF_Clu_EcoDriveInf,0,1594870758.895902
CF_Clu_EcoDriveInf,0,1594870758.994153
CF_Clu_EcoDriveInf,0,1594870761.189528
CF_Clu_EcoDriveInf,0,1594870762.09058
CF_Clu_EcoDriveInf,0,1594870762.1890259
CF_Clu_EcoDriveInf,0,1594870765.584301
CF_Clu_EcoDriveInf,0,1594870766.182796
CF_Clu_EcoDriveInf,0,1594870767.484684
CF_Clu_EcoDriveInf,0,1594870769.078484
CF_Clu_EcoDriveInf,0,1594870770.7778199
CF_Clu_EcoDriveInf,0,1594870771.675442
CF_Clu_EcoDriveInf,0,1594870776.1718972
CF_Clu_EcoDriveInf,0,1594870777.568547
CF_Clu_EcoDriveInf,0,1594870778.768697
CF_Clu_EcoDriveInf,0,1594870779.964809
CF_Clu_EcoDriveInf,0,1594870781.062887
CF_Clu_EcoDriveInf,0,1594870782.9634614
CF_Clu_EcoDriveInf,0,1594870784.060648
CF_Clu_EcoDriveInf,0,1594870785.3588529
CF_Clu_EcoDriveInf,0,1594870785.956852
CF_Clu_EcoDriveInf,0,1594870786.157505
CF_Clu_EcoDriveInf,0,1594870786.8578598
CF_Clu_EcoDriveInf,0,1594870787.156899
CF_Clu_EcoDriveInf,0,1594870787.754873
CF_Clu_EcoDriveInf,0,1594870788.1561198
CF_Clu_EcoDriveInf,0,1594870788.254508
CF_Clu_EcoDriveInf,0,1594870788.353332
CF_Clu_EcoDriveInf,0,1594870789.753619
CF_Clu_EcoDriveInf,0,1594870790.851249
CF_Clu_EcoDriveInf,0,1594870792.850013
CF_Clu_EcoDriveInf,0,1594870794.7463171
CF_Clu_EcoDriveInf,0,1594870795.6436968
CF_Clu_EcoDriveInf,0,1594870798.739846
CF_Clu_EcoDriveInf,0,1594870799.837848
CF_Clu_EcoDriveInf,0,1594870802.0369751
CF_Clu_EcoDriveInf,0,1594870802.733567
CF_Clu_EcoDriveInf,0,1594870802.93419
CF_Clu_EcoDriveInf,0,1594870803.1345
CF_Clu_EcoDriveInf,0,1594870803.3352098
CF_Clu_EcoDriveInf,0,1594870803.7330408
CF_Clu_EcoDriveInf,0,1594870803.93331
CF_Clu_EcoDriveInf,0,1594870804.535346
CF_Clu_EcoDriveInf,0,1594870804.9327571
CF_Clu_EcoDriveInf,0,1594870806.2309
CF_Clu_EcoDriveInf,0,1594870807.5294302
CF_Clu_EcoDriveInf,0,1594870808.3280869
CF_Clu_EcoDriveInf,0,1594870810.4250429
CF_Clu_EcoDriveInf,0,1594870811.223788
CF_Clu_EcoDriveInf,0,1594870812.022493
CF_Clu_EcoDriveInf,0,1594870812.5222151
CF_Clu_EcoDriveInf,0,1594870813.324935
CF_Clu_EcoDriveInf,0,1594870814.5210106
CF_Clu_EcoDriveInf,0,1594870814.619172
CF_Clu_EcoDriveInf,0,1594870815.0168626
CF_Clu_EcoDriveInf,0,1594870816.0162768
CF_Clu_EcoDriveInf,0,1594870816.515942
CF_Clu_EcoDriveInf,0,1594870817.117549
CF_Clu_EcoDriveInf,0,1594870817.613717
CF_Clu_EcoDriveInf,0,1594870820.8120706
CF_Clu_EcoDriveInf,0,1594870822.110267
CF_Clu_EcoDriveInf,0,1594870824.1058881
CF_Clu_EcoDriveInf,0,1594870825.80475
CF_Clu_EcoDriveInf,0,1594870826.501392
CF_Clu_EcoDriveInf,0,1594870827.602864
CF_Clu_EcoDriveInf,0,1594870829.5977669
CF_Clu_EcoDriveInf,0,1594870829.6998
CF_Clu_EcoDriveInf,0,1594870830.596919
CF_Clu_EcoDriveInf,0,1594870831.4978821
CF_Clu_EcoDriveInf,0,1594870832.095902
CF_Clu_EcoDriveInf,0,1594870833.3944411
CF_Clu_EcoDriveInf,0,1594870833.99237
CF_Clu_EcoDriveInf,0,1594870834.794945
CF_Clu_EcoDriveInf,0,1594870834.893209
CF_Clu_EcoDriveInf,0,1594870835.593649
CF_Clu_EcoDriveInf,0,1594870835.7906802
CF_Clu_EcoDriveInf,0,1594870835.9951098
CF_Clu_EcoDriveInf,0,1594870836.19182
CF_Clu_EcoDriveInf,0,1594870837.588298
CF_Clu_EcoDriveInf,0,1594870838.186656
CF_Clu_EcoDriveInf,0,1594870841.082546
CF_Clu_EcoDriveInf,0,1594870841.381516
CF_Clu_EcoDriveInf,0,1594870841.7825546
CF_Clu_EcoDriveInf,0,1594870842.884191
CF_Clu_EcoDriveInf,0,1594870843.081208
CF_Clu_EcoDriveInf,0,1594870844.8789716
CF_Clu_EcoDriveInf,0,1594870847.1729448
CF_Clu_EcoDriveInf,0,1594870847.975316
CF_Clu_EcoDriveInf,0,1594870850.970119
CF_Clu_EcoDriveInf,0,1594870852.0676842
CF_Clu_EcoDriveInf,0,1594870853.066712
CF_Clu_EcoDriveInf,0,1594870857.764141
CF_Clu_EcoDriveInf,0,1594870857.862473
CF_Clu_EcoDriveInf,0,1594870858.063257
CF_Clu_EcoDriveInf,0,1594870858.5591302
CF_Clu_EcoDriveInf,0,1594870858.9603179
CF_Clu_EcoDriveInf,0,1594870859.857616
CF_Clu_EcoDriveInf,0,1594870860.0583189
CF_Clu_EcoDriveInf,0,1594870860.2587519
CF_Clu_EcoDriveInf,0,1594870862.654659
CF_Clu_EcoDriveInf,0,1594870863.45347
CF_Clu_EcoDriveInf,0,1594870863.9530828
CF_Clu_EcoDriveInf,0,1594870864.153589
CF_Clu_EcoDriveInf,0,1594870867.447275
CF_Clu_EcoDriveInf,0,1594870868.8474839
CF_Clu_EcoDriveInf,0,1594870870.145865
CF_Clu_EcoDriveInf,0,1594870870.3427908
CF_Clu_EcoDriveInf,0,1594870871.743308
CF_Clu_EcoDriveInf,0,1594870871.842043
CF_Clu_EcoDriveInf,0,1594870873.3406248
CF_Clu_EcoDriveInf,0,1594870874.237838
CF_Clu_EcoDriveInf,0,1594870875.437567
CF_Clu_EcoDriveInf,0,1594870881.33155
CF_Clu_EcoDriveInf,0,1594870882.130543
CF_Clu_EcoDriveInf,0,1594870883.2278342
CF_Clu_EcoDriveInf,0,1594870883.928097
CF_Clu_EcoDriveInf,0,1594870884.026474
CF_Clu_EcoDriveInf,0,1594870886.123539
CF_Clu_EcoDriveInf,0,1594870886.721605
CF_Clu_EcoDriveInf,0,1594870887.1227949
CF_Clu_EcoDriveInf,0,1594870887.720994
CF_Clu_EcoDriveInf,0,1594870888.1223528
CF_Clu_EcoDriveInf,0,1594870890.116996
CF_Clu_EcoDriveInf,0,1594870890.317513
CF_Clu_EcoDriveInf,0,1594870893.1148832
CF_Clu_EcoDriveInf,0,1594870893.5123448
CF_Clu_EcoDriveInf,0,1594870894.7124
CF_Clu_EcoDriveInf,0,1594870895.01144
CF_Clu_EcoDriveInf,0,1594870896.010821
CF_Clu_EcoDriveInf,0,1594870896.809431
CF_Clu_EcoDriveInf,0,1594870896.9118688
CF_Clu_EcoDriveInf,0,1594870897.907705
CF_Clu_EcoDriveInf,0,1594870899.3078706
CF_Clu_EcoDriveInf,0,1594870899.803817
CF_Clu_EcoDriveInf,0,1594870899.905851
CF_Clu_EcoDriveInf,0,1594870900.5039294
CF_Clu_EcoDriveInf,0,1594870901.003542
CF_Clu_EcoDriveInf,0,1594870901.204124
CF_Clu_EcoDriveInf,0,1594870901.703841
CF_Clu_EcoDriveInf,0,1594870902.101408
CF_Clu_EcoDriveInf,0,1594870902.6009061
CF_Clu_EcoDriveInf,0,1594870902.900417
CF_Clu_EcoDriveInf,0,1594870903.698973
CF_Clu_EcoDriveInf,0,1594870903.801058
CF_Clu_EcoDriveInf,0,1594870905.296252
CF_Clu_EcoDriveInf,0,1594870905.795999
CF_Clu_EcoDriveInf,0,1594870905.8979466
CF_Clu_EcoDriveInf,0,1594870906.7953768
CF_Clu_EcoDriveInf,0,1594870908.793758
CF_Clu_EcoDriveInf,0,1594870909.79308
CF_Clu_EcoDriveInf,0,1594870910.391178
CF_Clu_EcoDriveInf,0,1594870910.5918212
CF_Clu_EcoDriveInf,0,1594870911.190398
CF_Clu_EcoDriveInf,0,1594870913.885256
CF_Clu_EcoDriveInf,0,1594870913.9872286
CF_Clu_EcoDriveInf,0,1594870914.286201
CF_Clu_EcoDriveInf,0,1594870916.2812102
CF_Clu_EcoDriveInf,0,1594870916.583908
CF_Clu_EcoDriveInf,0,1594870917.980576
CF_Clu_EcoDriveInf,0,1594870919.082308
CF_Clu_EcoDriveInf,0,1594870919.180683
CF_Clu_EcoDriveInf,0,1594870919.57793
CF_Clu_EcoDriveInf,0,1594870920.6757462
CF_Clu_EcoDriveInf,0,1594870923.075733
CF_Clu_EcoDriveInf,0,1594870924.8701339
CF_Clu_EcoDriveInf,0,1594870926.471064
CF_Clu_EcoDriveInf,0,1594870928.265152
CF_Clu_EcoDriveInf,0,1594870929.863059
CF_Clu_EcoDriveInf,0,1594870930.66181
CF_Clu_EcoDriveInf,0,1594870933.360348
CF_Clu_EcoDriveInf,0,1594870934.8594828
CF_Clu_EcoDriveInf,0,1594870937.554734
CF_Clu_EcoDriveInf,0,1594870938.2549274
CF_Clu_EcoDriveInf,0,1594870939.352641
CF_Clu_EcoDriveInf,0,1594870940.7492118
CF_Clu_EcoDriveInf,0,1594870941.5518038
CF_Clu_EcoDriveInf,0,1594870941.748987
CF_Clu_EcoDriveInf,0,1594870943.845502
CF_Clu_EcoDriveInf,0,1594870944.145108
CF_Clu_EcoDriveInf,0,1594870945.344588
CF_Clu_EcoDriveInf,0,1594870945.64356
CF_Clu_EcoDriveInf,0,1594870947.0405369
CF_Clu_EcoDriveInf,0,1594870949.338279
CF_Clu_EcoDriveInf,0,1594870950.038344
CF_Clu_EcoDriveInf,0,1594870951.336691
CF_Clu_EcoDriveInf,0,1594870952.733647
CF_Clu_EcoDriveInf,0,1594870953.1349
CF_Clu_EcoDriveInf,0,1594870953.9333398
CF_Clu_EcoDriveInf,0,1594870954.9291382
CF_Clu_EcoDriveInf,0,1594870955.629536
CF_Clu_EcoDriveInf,0,1594870958.6271849
CF_Clu_EcoDriveInf,0,1594870964.021354
CF_Clu_EcoDriveInf,0,1594870964.2184386
CF_Clu_EcoDriveInf,0,1594870967.413188
CF_Clu_EcoDriveInf,0,1594870969.2113366
CF_Clu_EcoDriveInf,0,1594870969.809323
CF_Clu_EcoDriveInf,0,1594870970.3089511
CF_Clu_EcoDriveInf,0,1594870972.008734
CF_Clu_EcoDriveInf,0,1594870976.301255
CF_Clu_EcoDriveInf,0,1594870976.402981
CF_Clu_EcoDriveInf,0,1594870979.798717
CF_Clu_EcoDriveInf,0,1594870981.694782
CF_Clu_EcoDriveInf,0,1594870984.390356
CF_Clu_EcoDriveInf,0,1594870985.29088
CF_Clu_EcoDriveInf,0,1594870985.491529
CF_Clu_EcoDriveInf,0,1594870985.790619
CF_Clu_EcoDriveInf,0,1594870987.089524
CF_Clu_EcoDriveInf,0,1594870987.3885682
CF_Clu_EcoDriveInf,0,1594870988.985308
CF_Clu_EcoDriveInf,0,1594870989.0842922
CF_Clu_EcoDriveInf,0,1594870989.984685
CF_Clu_EcoDriveInf,0,1594870990.185176
CF_Clu_EcoDriveInf,0,1594870991.283077
CF_Clu_EcoDriveInf,0,1594870996.075517
CF_Clu_EcoDriveInf,0,1594870997.275132
CF_Clu_EcoDriveInf,0,1594870997.774703
CF_Clu_EcoDriveInf,0,1594871000.170922
CF_Clu_EcoDriveInf,0,1594871000.470122
CF_Clu_EcoDriveInf,0,1594871001.4692369
CF_Clu_EcoDriveInf,0,1594871001.9689012
CF_Clu_EcoDriveInf,0,1594871003.165515
CF_Clu_EcoDriveInf,0,1594871003.4643688
CF_Clu_EcoDriveInf,0,1594871003.766921
CF_Clu_EcoDriveInf,0,1594871005.4626448
CF_Clu_EcoDriveInf,0,1594871010.2588642
CF_Clu_EcoDriveInf,0,1594871011.155781
CF_Clu_EcoDriveInf,0,1594871011.856135
CF_Clu_EcoDriveInf,0,1594871014.4529786
CF_Clu_EcoDriveInf,0,1594871016.947616
CF_Clu_EcoDriveInf,0,1594871017.0497231
CF_Clu_EcoDriveInf,0,1594871017.1483462
CF_Clu_EcoDriveInf,0,1594871017.2502868
CF_Clu_EcoDriveInf,0,1594871017.348734
CF_Clu_EcoDriveInf,0,1594871018.6469321
CF_Clu_EcoDriveInf,0,1594871019.945428
CF_Clu_EcoDriveInf,0,1594871020.642158
CF_Clu_EcoDriveInf,0,1594871023.6398132
CF_Clu_EcoDriveInf,0,1594871024.037044
CF_Clu_EcoDriveInf,0,1594871024.9383779
CF_Clu_EcoDriveInf,0,1594871027.633758
CF_Clu_EcoDriveInf,0,1594871027.833844
CF_Clu_EcoDriveInf,0,1594871028.0344179
CF_Clu_EcoDriveInf,0,1594871028.632672
CF_Clu_EcoDriveInf,0,1594871031.127341
CF_Clu_EcoDriveInf,0,1594871031.429824
CF_Clu_EcoDriveInf,0,1594871032.02806
CF_Clu_EcoDriveInf,0,1594871034.5226278
CF_Clu_EcoDriveInf,0,1594871034.624668
CF_Clu_EcoDriveInf,0,1594871034.7229838
CF_Clu_EcoDriveInf,0,1594871035.4234722
CF_Clu_EcoDriveInf,0,1594871035.820999
CF_Clu_EcoDriveInf,0,1594871036.6197784
CF_Clu_EcoDriveInf,0,1594871037.221399
CF_Clu_EcoDriveInf,0,1594871037.9183881
CF_Clu_EcoDriveInf,0,1594871038.519775
CF_Clu_EcoDriveInf,0,1594871038.818754
CF_Clu_EcoDriveInf,0,1594871040.5186
CF_Clu_EcoDriveInf,0,1594871041.014606
CF_Clu_EcoDriveInf,0,1594871041.514313
CF_Clu_EcoDriveInf,0,1594871041.6161652
CF_Clu_EcoDriveInf,0,1594871041.7145214
CF_Clu_EcoDriveInf,0,1594871042.415689
CF_Clu_EcoDriveInf,0,1594871042.81217
CF_Clu_EcoDriveInf,0,1594871043.8117151
CF_Clu_EcoDriveInf,0,1594871044.110661
CF_Clu_EcoDriveInf,0,1594871044.810984
CF_Clu_EcoDriveInf,0,1594871044.909372
CF_Clu_EcoDriveInf,0,1594871045.507644
CF_Clu_EcoDriveInf,0,1594871046.8060944
CF_Clu_EcoDriveInf,0,1594871047.2075212
CF_Clu_EcoDriveInf,0,1594871048.206335
CF_Clu_EcoDriveInf,0,1594871050.201291
CF_Clu_EcoDriveInf,0,1594871050.7010748
CF_Clu_EcoDriveInf,0,1594871051.003735
CF_Clu_EcoDriveInf,0,1594871054.198524
CF_Clu_EcoDriveInf,0,1594871055.894554
CF_Clu_EcoDriveInf,0,1594871058.892174
CF_Clu_EcoDriveInf,0,1594871059.589042
CF_Clu_EcoDriveInf,0,1594871060.0886898
CF_Clu_EcoDriveInf,0,1594871063.185059
CF_Clu_EcoDriveInf,0,1594871064.384634
CF_Clu_EcoDriveInf,0,1594871064.7826312
CF_Clu_EcoDriveInf,0,1594871066.481884
CF_Clu_EcoDriveInf,0,1594871070.0779278
CF_Clu_EcoDriveInf,0,1594871070.9749582
CF_Clu_EcoDriveInf,0,1594871071.175485
CF_Clu_EcoDriveInf,0,1594871071.372538
CF_Clu_EcoDriveInf,0,1594871071.974259
CF_Clu_EcoDriveInf,0,1594871072.072958
CF_Clu_EcoDriveInf,0,1594871072.473867
CF_Clu_EcoDriveInf,0,1594871073.272574
CF_Clu_EcoDriveInf,0,1594871073.473253
CF_Clu_EcoDriveInf,0,1594871074.968647
CF_Clu_EcoDriveInf,0,1594871075.070696
CF_Clu_EcoDriveInf,0,1594871075.169699
CF_Clu_EcoDriveInf,0,1594871077.0694568
CF_Clu_EcoDriveInf,0,1594871077.3684962
CF_Clu_EcoDriveInf,0,1594871078.466023
CF_Clu_EcoDriveInf,0,1594871078.5645409
CF_Clu_EcoDriveInf,0,1594871079.563818
CF_Clu_EcoDriveInf,0,1594871080.063361
CF_Clu_EcoDriveInf,0,1594871083.757875
CF_Clu_EcoDriveInf,0,1594871084.757258
CF_Clu_EcoDriveInf,0,1594871086.7525449
CF_Clu_EcoDriveInf,0,1594871087.554464
CF_Clu_EcoDriveInf,0,1594871087.751945
CF_Clu_EcoDriveInf,0,1594871088.153217
CF_Clu_EcoDriveInf,0,1594871090.647357
CF_Clu_EcoDriveInf,0,1594871091.248982
CF_Clu_EcoDriveInf,0,1594871091.347487
CF_Clu_EcoDriveInf,0,1594871092.547401
CF_Clu_EcoDriveInf,0,1594871093.247898
CF_Clu_EcoDriveInf,0,1594871093.448417
CF_Clu_EcoDriveInf,0,1594871093.944046
CF_Clu_EcoDriveInf,0,1594871095.942852
CF_Clu_EcoDriveInf,0,1594871097.740808
CF_Clu_EcoDriveInf,0,1594871099.436744
CF_Clu_EcoDriveInf,0,1594871101.435169
CF_Clu_EcoDriveInf,0,1594871102.930687
CF_Clu_EcoDriveInf,0,1594871104.130468
CF_Clu_EcoDriveInf,0,1594871104.331002
CF_Clu_EcoDriveInf,0,1594871104.429319
CF_Clu_EcoDriveInf,0,1594871106.326207
CF_Clu_EcoDriveInf,0,1594871107.128269
CF_Clu_EcoDriveInf,0,1594871108.127724
CF_Clu_EcoDriveInf,0,1594871109.422703
CF_Clu_EcoDriveInf,0,1594871109.622834
CF_Clu_EcoDriveInf,0,1594871110.024087
CF_Clu_EcoDriveInf,0,1594871111.019868
CF_Clu_EcoDriveInf,0,1594871111.4207306
CF_Clu_EcoDriveInf,0,1594871111.519474
CF_Clu_EcoDriveInf,0,1594871111.818526
CF_Clu_EcoDriveInf,0,1594871112.420234
CF_Clu_EcoDriveInf,0,1594871114.1162732
CF_Clu_EcoDriveInf,0,1594871114.41529
CF_Clu_EcoDriveInf,0,1594871114.8163366
CF_Clu_EcoDriveInf,0,1594871115.6150432
CF_Clu_EcoDriveInf,0,1594871116.016499
CF_Clu_EcoDriveInf,0,1594871116.315256
CF_Clu_EcoDriveInf,0,1594871117.711961
CF_Clu_EcoDriveInf,0,1594871122.205555
CF_Clu_EcoDriveInf,0,1594871122.70876
CF_Clu_EcoDriveInf,0,1594871123.106097
CF_Clu_EcoDriveInf,0,1594871124.9041524
CF_Clu_EcoDriveInf,0,1594871126.202661
CF_Clu_EcoDriveInf,0,1594871127.198623
CF_Clu_EcoDriveInf,0,1594871128.497118
CF_Clu_EcoDriveInf,0,1594871128.799169
CF_Clu_EcoDriveInf,0,1594871130.794392
CF_Clu_EcoDriveInf,0,1594871131.891885
CF_Clu_EcoDriveInf,0,1594871132.1946206
CF_Clu_EcoDriveInf,0,1594871134.8897321
CF_Clu_EcoDriveInf,0,1594871135.5863512
CF_Clu_EcoDriveInf,0,1594871137.1875482
CF_Clu_EcoDriveInf,0,1594871137.585141
CF_Clu_EcoDriveInf,0,1594871137.785702
CF_Clu_EcoDriveInf,0,1594871137.9864929
CF_Clu_EcoDriveInf,0,1594871138.48597
CF_Clu_EcoDriveInf,0,1594871138.887208
CF_Clu_EcoDriveInf,0,1594871140.5828886
CF_Clu_EcoDriveInf,0,1594871140.980284
CF_Clu_EcoDriveInf,0,1594871142.4791546
CF_Clu_EcoDriveInf,0,1594871144.875751
CF_Clu_EcoDriveInf,0,1594871147.9717274
CF_Clu_EcoDriveInf,0,1594871148.869053
CF_Clu_EcoDriveInf,0,1594871149.7697432
CF_Clu_EcoDriveInf,0,1594871151.068117
CF_Clu_EcoDriveInf,0,1594871151.26861
CF_Clu_EcoDriveInf,0,1594871153.665132
CF_Clu_EcoDriveInf,0,1594871155.761785
CF_Clu_EcoDriveInf,0,1594871156.961834
CF_Clu_EcoDriveInf,0,1594871160.455696
CF_Clu_EcoDriveInf,0,1594871160.955324
CF_Clu_EcoDriveInf,0,1594871161.557318
CF_Clu_EcoDriveInf,0,1594871162.6516712
CF_Clu_EcoDriveInf,0,1594871164.051818
CF_Clu_EcoDriveInf,0,1594871166.1489902
CF_Clu_EcoDriveInf,0,1594871166.8456259
CF_Clu_EcoDriveInf,0,1594871167.144546
CF_Clu_EcoDriveInf,0,1594871167.6441422
CF_Clu_EcoDriveInf,0,1594871167.746208
CF_Clu_EcoDriveInf,0,1594871168.745608
CF_Clu_EcoDriveInf,0,1594871169.048627
CF_Clu_EcoDriveInf,0,1594871169.143189
CF_Clu_EcoDriveInf,0,1594871169.343495
CF_Clu_EcoDriveInf,0,1594871171.239855
CF_Clu_EcoDriveInf,0,1594871172.6371212
CF_Clu_EcoDriveInf,0,1594871172.738817
CF_Clu_EcoDriveInf,0,1594871172.9395401
CF_Clu_EcoDriveInf,0,1594871174.934533
CF_Clu_EcoDriveInf,0,1594871175.434583
CF_Clu_EcoDriveInf,0,1594871175.934124
CF_Clu_EcoDriveInf,0,1594871176.736359
CF_Clu_EcoDriveInf,0,1594871177.633836
CF_Clu_EcoDriveInf,0,1594871182.024474
CF_Clu_EcoDriveInf,0,1594871183.224206
CF_Clu_EcoDriveInf,0,1594871184.526547
CF_Clu_EcoDriveInf,0,1594871185.222831
CF_Clu_EcoDriveInf,0,1594871185.6205251
CF_Clu_EcoDriveInf,0,1594871185.919531
CF_Clu_EcoDriveInf,0,1594871186.3205464
CF_Clu_EcoDriveInf,0,1594871186.8202019
CF_Clu_EcoDriveInf,0,1594871187.1193788
CF_Clu_EcoDriveInf,0,1594871192.2106788
CF_Clu_EcoDriveInf,0,1594871194.909346
CF_Clu_EcoDriveInf,0,1594871195.2084658
CF_Clu_EcoDriveInf,0,1594871195.307039
CF_Clu_EcoDriveInf,0,1594871197.207096
CF_Clu_EcoDriveInf,0,1594871197.305577
CF_Clu_EcoDriveInf,0,1594871198.304975
CF_Clu_EcoDriveInf,0,1594871200.9999502
CF_Clu_EcoDriveInf,0,1594871202.699552
CF_Clu_EcoDriveInf,0,1594871203.997898
CF_Clu_EcoDriveInf,0,1594871205.095823
CF_Clu_EcoDriveInf,0,1594871206.492683
CF_Clu_EcoDriveInf,0,1594871207.192661
CF_Clu_EcoDriveInf,0,1594871208.093752
CF_Clu_EcoDriveInf,0,1594871209.289789
CF_Clu_EcoDriveInf,0,1594871209.6873448
CF_Clu_EcoDriveInf,0,1594871209.986728
CF_Clu_EcoDriveInf,0,1594871211.68577
CF_Clu_EcoDriveInf,0,1594871212.583458
CF_Clu_EcoDriveInf,0,1594871212.685492
CF_Clu_EcoDriveInf,0,1594871213.684473
CF_Clu_EcoDriveInf,0,1594871213.786826
CF_Clu_EcoDriveInf,0,1594871215.4793801
CF_Clu_EcoDriveInf,0,1594871216.379663
CF_Clu_EcoDriveInf,0,1594871216.580249
CF_Clu_EcoDriveInf,0,1594871218.5753179
CF_Clu_EcoDriveInf,0,1594871218.775616
CF_Clu_EcoDriveInf,0,1594871220.8729432
CF_Clu_EcoDriveInf,0,1594871222.1750321
CF_Clu_EcoDriveInf,0,1594871223.170384
CF_Clu_EcoDriveInf,0,1594871224.468864
CF_Clu_EcoDriveInf,0,1594871224.5672
CF_Clu_EcoDriveInf,0,1594871225.468261
CF_Clu_EcoDriveInf,0,1594871226.3654466
CF_Clu_EcoDriveInf,0,1594871227.663591
CF_Clu_EcoDriveInf,0,1594871231.1612391
CF_Clu_EcoDriveInf,0,1594871231.759273
CF_Clu_EcoDriveInf,0,1594871232.45953
CF_Clu_EcoDriveInf,0,1594871233.15628
CF_Clu_EcoDriveInf,0,1594871234.356031
CF_Clu_EcoDriveInf,0,1594871234.7540169
CF_Clu_EcoDriveInf,0,1594871235.3554199
CF_Clu_EcoDriveInf,0,1594871235.851274
CF_Clu_EcoDriveInf,0,1594871236.253024
CF_Clu_EcoDriveInf,0,1594871237.9526892
CF_Clu_EcoDriveInf,0,1594871238.349516
CF_Clu_EcoDriveInf,0,1594871238.7508051
CF_Clu_EcoDriveInf,0,1594871238.947807
CF_Clu_EcoDriveInf,0,1594871239.447457
CF_Clu_EcoDriveInf,0,1594871240.647416
CF_Clu_EcoDriveInf,0,1594871241.2451448
CF_Clu_EcoDriveInf,0,1594871243.24394
CF_Clu_EcoDriveInf,0,1594871243.8421602
CF_Clu_EcoDriveInf,0,1594871244.145012
CF_Clu_EcoDriveInf,0,1594871244.444027
CF_Clu_EcoDriveInf,0,1594871244.9399838
CF_Clu_EcoDriveInf,0,1594871245.8406641
CF_Clu_EcoDriveInf,0,1594871246.4385529
CF_Clu_EcoDriveInf,0,1594871246.938435
CF_Clu_EcoDriveInf,0,1594871247.1390321
CF_Clu_EcoDriveInf,0,1594871247.336094
CF_Clu_EcoDriveInf,0,1594871250.0347161
CF_Clu_EcoDriveInf,0,1594871250.833442
CF_Clu_EcoDriveInf,0,1594871252.333097
CF_Clu_EcoDriveInf,0,1594871253.729126
CF_Clu_EcoDriveInf,0,1594871254.228831
CF_Clu_EcoDriveInf,0,1594871255.228308
CF_Clu_EcoDriveInf,0,1594871255.4287858
CF_Clu_EcoDriveInf,0,1594871256.4244661
CF_Clu_EcoDriveInf,0,1594871257.124813
CF_Clu_EcoDriveInf,0,1594871259.823626
CF_Clu_EcoDriveInf,0,1594871260.3233619
CF_Clu_EcoDriveInf,0,1594871260.4256132
CF_Clu_EcoDriveInf,0,1594871262.916594
CF_Clu_EcoDriveInf,0,1594871264.116232
CF_Clu_EcoDriveInf,0,1594871264.41523
CF_Clu_EcoDriveInf,0,1594871264.7145061
CF_Clu_EcoDriveInf,0,1594871264.914958
CF_Clu_EcoDriveInf,0,1594871265.0135126
CF_Clu_EcoDriveInf,0,1594871265.4145892
CF_Clu_EcoDriveInf,0,1594871268.212461
CF_Clu_EcoDriveInf,0,1594871271.705533
CF_Clu_EcoDriveInf,0,1594871273.4051974
CF_Clu_EcoDriveInf,0,1594871274.102134
CF_Clu_EcoDriveInf,0,1594871274.4746282
CF_Clu_EcoDriveInf,0,1594871276.3009238
CF_Clu_EcoDriveInf,0,1594871277.697709
CF_Clu_EcoDriveInf,0,1594871277.9966538
CF_Clu_EcoDriveInf,0,1594871278.594708
CF_Clu_EcoDriveInf,0,1594871280.392859
CF_Clu_EcoDriveInf,0,1594871280.991151
CF_Clu_EcoDriveInf,0,1594871282.7928631
CF_Clu_EcoDriveInf,0,1594871283.3909068
CF_Clu_EcoDriveInf,0,1594871284.689216
CF_Clu_EcoDriveInf,0,1594871284.9884546
CF_Clu_EcoDriveInf,0,1594871285.3858726
CF_Clu_EcoDriveInf,0,1594871286.6843991
CF_Clu_EcoDriveInf,0,1594871286.8845062
CF_Clu_EcoDriveInf,0,1594871287.883828
CF_Clu_EcoDriveInf,0,1594871289.784416
CF_Clu_EcoDriveInf,0,1594871291.177658
CF_Clu_EcoDriveInf,0,1594871292.4756658
CF_Clu_EcoDriveInf,0,1594871295.072476
CF_Clu_EcoDriveInf,0,1594871296.071729
CF_Clu_EcoDriveInf,0,1594871296.3709152
CF_Clu_EcoDriveInf,0,1594871302.464836
CF_Clu_EcoDriveInf,0,1594871302.7638662
CF_Clu_EcoDriveInf,0,1594871306.458389
CF_Clu_EcoDriveInf,0,1594871306.5569599
CF_Clu_EcoDriveInf,0,1594871307.6583471
CF_Clu_EcoDriveInf,0,1594871308.3552241
CF_Clu_EcoDriveInf,0,1594871308.5554302
CF_Clu_EcoDriveInf,0,1594871309.6535358
CF_Clu_EcoDriveInf,0,1594871310.054427
CF_Clu_EcoDriveInf,0,1594871310.452157
CF_Clu_EcoDriveInf,0,1594871311.451654
CF_Clu_EcoDriveInf,0,1594871312.6516562
CF_Clu_EcoDriveInf,0,1594871312.8525481
CF_Clu_EcoDriveInf,0,1594871312.954164
CF_Clu_EcoDriveInf,0,1594871316.2437134
CF_Clu_EcoDriveInf,0,1594871316.845314
CF_Clu_EcoDriveInf,0,1594871317.844554
CF_Clu_EcoDriveInf,0,1594871317.9430711
CF_Clu_EcoDriveInf,0,1594871319.642766
CF_Clu_EcoDriveInf,0,1594871320.5400374
CF_Clu_EcoDriveInf,0,1594871323.734418
CF_Clu_EcoDriveInf,0,1594871324.034045
CF_Clu_EcoDriveInf,0,1594871324.934367
CF_Clu_EcoDriveInf,0,1594871325.434037
CF_Clu_EcoDriveInf,0,1594871325.5324428
CF_Clu_EcoDriveInf,0,1594871326.630686
CF_Clu_EcoDriveInf,0,1594871328.329901
CF_Clu_EcoDriveInf,0,1594871328.927922
CF_Clu_EcoDriveInf,0,1594871329.4275386
CF_Clu_EcoDriveInf,0,1594871330.4270122
CF_Clu_EcoDriveInf,0,1594871331.524569
CF_Clu_EcoDriveInf,0,1594871332.6223302
CF_Clu_EcoDriveInf,0,1594871333.1220038
CF_Clu_EcoDriveInf,0,1594871334.0229938
CF_Clu_EcoDriveInf,0,1594871336.816937
CF_Clu_EcoDriveInf,0,1594871337.8157198
CF_Clu_EcoDriveInf,0,1594871338.2171788
CF_Clu_EcoDriveInf,0,1594871339.413114
CF_Clu_EcoDriveInf,0,1594871339.71271
CF_Clu_EcoDriveInf,0,1594871340.4124758
CF_Clu_EcoDriveInf,0,1594871343.2097974
CF_Clu_EcoDriveInf,0,1594871343.808001
CF_Clu_EcoDriveInf,0,1594871346.2039368
CF_Clu_EcoDriveInf,0,1594871346.5031636
CF_Clu_EcoDriveInf,0,1594871346.805912
CF_Clu_EcoDriveInf,0,1594871347.6010966
CF_Clu_EcoDriveInf,0,1594871348.2027168
CF_Clu_EcoDriveInf,0,1594871348.902981
CF_Clu_EcoDriveInf,0,1594871349.402658
CF_Clu_EcoDriveInf,0,1594871349.603353
CF_Clu_EcoDriveInf,0,1594871350.2018301
CF_Clu_EcoDriveInf,0,1594871351.098336
CF_Clu_EcoDriveInf,0,1594871351.397388
CF_Clu_EcoDriveInf,0,1594871352.196467
CF_Clu_EcoDriveInf,0,1594871353.89581
CF_Clu_EcoDriveInf,0,1594871354.694452
CF_Clu_EcoDriveInf,0,1594871355.8908849
CF_Clu_EcoDriveInf,0,1594871356.492553
CF_Clu_EcoDriveInf,0,1594871357.3935082
CF_Clu_EcoDriveInf,0,1594871357.8935306
CF_Clu_EcoDriveInf,0,1594871359.6873002
CF_Clu_EcoDriveInf,0,1594871360.48601
CF_Clu_EcoDriveInf,0,1594871361.083931
CF_Clu_EcoDriveInf,0,1594871361.4852948
CF_Clu_EcoDriveInf,0,1594871362.5830998
CF_Clu_EcoDriveInf,0,1594871362.882015
CF_Clu_EcoDriveInf,0,1594871363.98367
CF_Clu_EcoDriveInf,0,1594871364.28274
CF_Clu_EcoDriveInf,0,1594871366.376215
CF_Clu_EcoDriveInf,0,1594871366.977751
CF_Clu_EcoDriveInf,0,1594871367.776427
CF_Clu_EcoDriveInf,0,1594871369.3738182
CF_Clu_EcoDriveInf,0,1594871369.971832
CF_Clu_EcoDriveInf,0,1594871370.4715688
CF_Clu_EcoDriveInf,0,1594871371.671526
CF_Clu_EcoDriveInf,0,1594871371.770277
CF_Clu_EcoDriveInf,0,1594871372.1711972
CF_Clu_EcoDriveInf,0,1594871372.670988
CF_Clu_EcoDriveInf,0,1594871373.1672778
CF_Clu_EcoDriveInf,0,1594871373.7685971
CF_Clu_EcoDriveInf,0,1594871374.5673132
CF_Clu_EcoDriveInf,0,1594871375.3660524
CF_Clu_EcoDriveInf,0,1594871376.263371
CF_Clu_EcoDriveInf,0,1594871376.7628741
CF_Clu_EcoDriveInf,0,1594871377.2623699
CF_Clu_EcoDriveInf,0,1594871378.561098
CF_Clu_EcoDriveInf,0,1594871380.362898
CF_Clu_EcoDriveInf,0,1594871381.456661
CF_Clu_EcoDriveInf,0,1594871383.852795
CF_Clu_EcoDriveInf,0,1594871384.253937
CF_Clu_EcoDriveInf,0,1594871384.552868
CF_Clu_EcoDriveInf,0,1594871384.9543
CF_Clu_EcoDriveInf,0,1594871386.051855
CF_Clu_EcoDriveInf,0,1594871386.650414
CF_Clu_EcoDriveInf,0,1594871387.7516599
CF_Clu_EcoDriveInf,0,1594871388.149009
CF_Clu_EcoDriveInf,0,1594871388.448131
CF_Clu_EcoDriveInf,0,1594871390.545015
CF_Clu_EcoDriveInf,0,1594871391.446012
CF_Clu_EcoDriveInf,0,1594871391.544533
CF_Clu_EcoDriveInf,0,1594871392.3430269
CF_Clu_EcoDriveInf,0,1594871392.441807
CF_Clu_EcoDriveInf,0,1594871392.7409768
CF_Clu_EcoDriveInf,0,1594871394.042911
CF_Clu_EcoDriveInf,0,1594871394.141095
CF_Clu_EcoDriveInf,0,1594871394.341908
CF_Clu_EcoDriveInf,0,1594871395.2429
CF_Clu_EcoDriveInf,0,1594871395.542001
CF_Clu_EcoDriveInf,0,1594871396.4386828
CF_Clu_EcoDriveInf,0,1594871397.934221
CF_Clu_EcoDriveInf,0,1594871402.631579
CF_Clu_EcoDriveInf,0,1594871403.52869
CF_Clu_EcoDriveInf,0,1594871404.0283134
CF_Clu_EcoDriveInf,0,1594871404.226162
CF_Clu_EcoDriveInf,0,1594871405.724468
CF_Clu_EcoDriveInf,0,1594871406.024346
CF_Clu_EcoDriveInf,0,1594871406.126249
CF_Clu_EcoDriveInf,0,1594871406.22855
CF_Clu_EcoDriveInf,0,1594871408.222377
CF_Clu_EcoDriveInf,0,1594871408.9228814
CF_Clu_EcoDriveInf,0,1594871410.4220958
CF_Clu_EcoDriveInf,0,1594871411.016469
CF_Clu_EcoDriveInf,0,1594871411.1183622
CF_Clu_EcoDriveInf,0,1594871411.8153539
CF_Clu_EcoDriveInf,0,1594871412.016754
CF_Clu_EcoDriveInf,0,1594871413.813628
CF_Clu_EcoDriveInf,0,1594871416.113585
CF_Clu_EcoDriveInf,0,1594871416.311842
CF_Clu_EcoDriveInf,0,1594871417.4096081
CF_Clu_EcoDriveInf,0,1594871418.408641
CF_Clu_EcoDriveInf,0,1594871418.7081118
CF_Clu_EcoDriveInf,0,1594871419.604994
CF_Clu_EcoDriveInf,0,1594871420.206571
CF_Clu_EcoDriveInf,0,1594871420.3050141
CF_Clu_EcoDriveInf,0,1594871420.403873
CF_Clu_EcoDriveInf,0,1594871421.9023511
CF_Clu_EcoDriveInf,0,1594871422.201451
CF_Clu_EcoDriveInf,0,1594871423.000402
CF_Clu_EcoDriveInf,0,1594871424.400627
